rank,name,"Symbol","marketcap","price (USD)","country"
"1","NVIDIA","NVDA","5486440087552","227.21","United States"
"2","Apple","AAPL","4807323025408","329.4","United States"
"3","Alphabet (Google)","GOOG","4125401808896","337.32","United States"
"4","Microsoft","MSFT","3779305668608","508.96","United States"
"5","Amazon","AMZN","2660659888128","246.67","United States"
"6","TSMC","TSM","2369907326976","456.94","Taiwan"
"7","SpaceX","SPCX","1966115782656","149.24","United States"
"8","Meta Platforms (Facebook)","META","1882072023040","738.79","United States"
"9","Broadcom","AVGO","1695116034048","355.1","United States"
"10","Saudi Aramco","2222.SR","1622380731920","6.70662","Saudi Arabia"
"11","Tesla","TSLA","1393558290432","352.84","United States"
"12","Samsung","005930.KS","1306181932592","198.914","South Korea"
"13","Micron Technology","MU","1202894012416","1065.08","United States"
"14","Berkshire Hathaway","BRK-B","1075385532416","502.35","United States"
"15","Eli Lilly","LLY","1055928287232","1184.63","United States"
"16","AMD","AMD","991842861056","607.57","United States"
"17","SK Hynix","000660.KS","937150566478","1320.2","South Korea"
"18","JPMorgan Chase","JPM","890439270400","334.98","United States"
"19","Walmart","WMT","847324119040","106.8","United States"
"20","ASML","ASML","704589201408","1834.39","Netherlands"
"21","Visa","V","686886748160","365.88","United States"
"22","Exxon Mobil","XOM","663457038336","161.35","United States"
"23","Johnson & Johnson","JNJ","644816568320","267.57","United States"
"24","Intel","INTC","612818157568","115.93","United States"
"25","CXMT","688825.SS","577484963302","8.15483","China"
"26","Mastercard","MA","493701693440","563.58","United States"
"27","Tencent","TCEHY","492388830000","54.51","China"
"28","AbbVie","ABBV","465264345088","263.29","United States"
"29","Palantir","PLTR","449299841024","186.97","United States"
"30","China Construction Bank","601939.SS","432748832628","1.65424","China"
"31","Cisco","CSCO","421620252672","106.94","United States"
"32","Oracle","ORCL","417710505984","137.79","United States"
"33","Costco","COST","409839304704","924.59","United States"
"34","Applied Materials","AMAT","406329819136","512.01","United States"
"35","Lam Research","LRCX","405286289408","323.86","United States"
"36","Chevron","CVX","400912482304","204.38","United States"
"37","Bank of America","BAC","384321454080","54.96","United States"
"38","Caterpillar","CAT","379985657856","826.64","United States"
"39","Coca-Cola","KO","373633351680","86.84","United States"
"40","Merck","MRK","368299376640","149.28","United States"
"41","Agricultural Bank of China","601288.SS","363869597229","1.03968","China"
"42","ICBC","1398.HK","350468965905","0.983341","China"
"43","Roche","RO.SW","346586077835","434.991","Switzerland"
"44","Procter & Gamble","PG","344759926784","148.32","United States"
"45","HSBC","HSBC","344595103744","100.72","United Kingdom"
"46","Dell","DELL","343078207488","539.59","United States"
"47","UnitedHealth","UNH","336544202752","374.94","United States"
"48","General Electric","GE","329830760448","317.89","United States"
"49","Bank of China","601988.SS","324903928853","1.00835","China"
"50","Palo Alto Networks","PANW","317719379968","388.41","United States"
"51","Arm Holdings","ARM","313639174144","293.67","United Kingdom"
"52","Morgan Stanley","MS","302742339584","192.76","United States"
"53","Philip Morris International","PM","302215135232","193.9","United States"
"54","Netflix","NFLX","292724965376","70.3","United States"
"55","Home Depot","HD","287374508032","288.04","United States"
"56","Novartis","NVS","276953169920","145.71","Switzerland"
"57","Royal Bank Of Canada","RY","276609073152","199.8","Canada"
"58","Shell","SHEL","271234760704","95.14","United Kingdom"
"59","CrowdStrike","CRWD","269028638720","262.74","United States"
"60","Alibaba","BABA","267881316352","107.74","China"
"61","Goldman Sachs","GS","266782867456","916.24","United States"
"62","Mitsubishi UFJ Financial","MUFG","260345839616","23.13","Japan"
"63","Texas Instruments","TXN","257252737024","281.69","United States"
"64","KLA","KLAC","256472924160","196.53","United States"
"65","GE Vernova","GEV","256343408640","962.49","United States"
"66","Arista Networks","ANET","255852036096","202.86","United States"
"67","AstraZeneca","AZN","254670979072","164.21","United Kingdom"
"68","Sandisk","SNDK","253269737472","1729.76","United States"
"69","RTX","RTX","251949891584","186.94","United States"
"70","Thermo Fisher Scientific","TMO","251283947520","679.61","United States"
"71","Siemens","SIE.DE","249472212362","319.728","Germany"
"72","MediaTek","2454.TW","246837251367","154.547","Taiwan"
"73","Wells Fargo","WFC","243371474944","80.48","United States"
"74","SAP","SAP","243363987456","210.85","Germany"
"75","Marvell Technology","MRVL","236601966592","263.27","United States"
"76","Kweichow Moutai","600519.SS","236074123437","188.847","China"
"77","Nestlé","NESN.SW","235189550157","91.4345","Switzerland"
"78","SoftBank Group Corp.","9984.T","234046424248","41.0685","Japan"
"79","L'Oréal","OR.PA","229831047804","431.689","France"
"80","Amgen","AMGN","229033345024","423.64","United States"
"81","PetroChina","0857.HK","224294424651","1.22551","China"
"82","Toyota","TM","221098901504","186.71","Japan"
"83","LVMH","MC.PA","220548824799","447.392","France"
"84","China Mobile","0941.HK","219443205171","10.1202","China"
"85","Citigroup","C","219408744448","130.8","United States"
"86","Linde","LIN","218214170624","473.37","United Kingdom"
"87","BHP Group","BHP","215568072704","84.82","Australia"
"88","International Holding Company","IHC.AE","215023657224","98.03","United Arab Emirates"
"89","Amphenol","APH","207979642880","84.34","United States"
"90","Seagate Technology","STX","207712141312","913.45","Ireland"
"91","IBM","IBM","207260155904","219.99","United States"
"92","American Express","AXP","206239612928","305.4","United States"
"93","Santander","SAN","205703987200","14.19","Spain"
"94","CATL","300750.SZ","201137648229","43.4681","China"
"95","QUALCOMM","QCOM","196629938176","184.1","United States"
"96","Toronto Dominion Bank","TD","194969255936","119","Canada"
"97","TotalEnergies","TTE","193687339008","87.71","France"
"98","Analog Devices","ADI","192963657728","398.22","United States"
"99","Verizon","VZ","191036571648","45.98","United States"
"100","Shopify","SHOP","190757830656","148.26","Canada"
"101","Schneider Electric","SU.PA","189267924606","335.998","France"
"102","Inditex","ITX.MC","188171979935","60.4082","Spain"
"103","Gilead Sciences","GILD","187580416000","151.28","United States"
"104","KIOXIA Holdings Corporation","285A.T","185855923663","116.341","Japan"
"105","Salesforce","CRM","185430130688","225.31","United States"
"106","Deere &amp; Company (John Deere)","DE","183480090624","680.5","United States"
"107","Walt Disney","DIS","182010068992","105.41","United States"
"108","Allianz SE","ALV.DE","181816585677","479.365","Germany"
"109","Prosus","PRX.AS","178642831338","40.8844","Netherlands"
"110","Abbott Laboratories","ABT","175836037120","100.95","United States"
"111","Pepsico","PEP","175790538752","128.69","United States"
"112","ABB","ABBN.SW","175322809188","96.8539","Switzerland"
"113","Commonwealth Bank","CBA.AX","175140441687","104.741","Australia"
"114","T-Mobile US","TMUS","174824013824","162.98","United States"
"115","BlackRock","BLK","173514817536","1067.94","United States"
"116","DBS Group","D05.SI","173373143773","60.961","Singapore"
"117","Foxconn Industrial Internet","601138.SS","172185380146","8.67691","China"
"118","Tokyo Electron","8035.T","171588070824","75.5401","Japan"
"119","Charles Schwab","SCHW","171377164288","99.1","United States"
"120","Southern Copper","SCCO","171021811712","202.55","United States"
"121","Airbus","AIR.PA","170931071297","215.964","Netherlands"
"122","Novo Nordisk","NVO","169160884224","38.31","Denmark"
"123","Eaton","ETN","168238743552","433.27","Ireland"
"124","Reliance Industries","RELIANCE.NS","167879906838","12.4057","India"
"125","Welltower","WELL","167821213696","232.9","United States"
"126","AT&T","T","167746404352","24.48","United States"
"127","CM Bank","3968.HK","166188631916","6.5896","China"
"128","McDonald","MCD","165573967872","233.98","United States"
"129","Sumitomo Mitsui Financial Group","SMFG","164418486272","26.02","Japan"
"130","Pfizer","PFE","163694624768","28.72","United States"
"131","Western Digital","WDC","163498098688","453.48","United States"
"132","Union Pacific Corporation","UNP","162865807360","274.15","United States"
"133","Rolls-Royce Holdings","RR.L","161306004944","19.5936","United Kingdom"
"134","Hermès","RMS.PA","160615560345","1533.45","France"
"135","Danaher","DHR","158952177664","226.11","United States"
"136","Nextera Energy","NEE","158276583424","75.89","United States"
"137","Banco Bilbao Vizcaya Argentaria","BBVA","157592895488","28.64","Spain"
"138","Safran","SAF.PA","157434612423","379.932","France"
"139","Advantest","6857.T","157160568017","217.688","Japan"
"140","Hitachi","6501.T","156926364779","35.1414","Japan"
"141","China Shenhua Energy","601088.SS","155358982809","7.16289","China"
"142","Iberdrola","IBE.MC","155025700103","23.2313","Spain"
"143","China Life Insurance","601628.SS","154477736718","5.46539","China"
"144","Delta Electronics","2308.TW","154212563261","59.3686","Taiwan"
"145","Rio Tinto","RIO","153138003968","94.16","United Kingdom"
"146","ConocoPhillips","COP","150695772160","125.44","United States"
"147","UBS","UBS","149351776256","48.78","Switzerland"
"148","Recruit","6098.T","148954931649","107.249","Japan"
"149","Boeing","BA","148228259840","187.68","United States"
"150","TJX Companies","TJX","147809452032","133.8","United States"
"151","Intuitive Surgical","ISRG","147675037696","412.18","United States"
"152","Interactive Brokers","IBKR","146834817024","86.18","United States"
"153","Anheuser-Busch Inbev","BUD","146286575616","74.29","Belgium"
"154","CNOOC","0883.HK","144788346167","3.04625","China"
"155","UniCredit","UCG.MI","143272632518","95.0113","Italy"
"156","Zhongji Innolight","300308.SZ","143194028988","121.566","China"
"157","Deutsche Telekom","DTE.DE","143152956875","29.932","Germany"
"158","Ping An Insurance","601318.SS","143127085294","7.90424","China"
"159","Uber","UBER","141671972864","69.36","United States"
"160","Siemens Energy","ENR.F","141267868139","166.032","Germany"
"161","Fast Retailing","9983.T","139449242529","454.453","Japan"
"162","Sony","SONY","136605433856","23.37","Japan"
"163","Corning","GLW","136433123328","158.71","United States"
"164","Blackstone Group","BX","136263950336","114","United States"
"165","ServiceNow","NOW","134340034560","129.94","United States"
"166","Vertex Pharmaceuticals","VRTX","133420703744","526.73","United States"
"167","Mizuho Financial Group","MFG","133133426688","11","Japan"
"168","Petrobras","PBR","133076164608","20.65","Brazil"
"169","Intesa Sanpaolo","ISP.MI","132943579688","7.65646","Italy"
"170","Unilever","UL","131872088064","61.24","United Kingdom"
"171","Fortinet","FTNT","129104265216","175.96","United States"
"172","Prologis","PLD","128909041664","132.61","United States"
"173","Bristol-Myers Squibb","BMY","128405045248","62.86","United States"
"174","Chubb","CB","128116416512","332.08","Switzerland"
"175","Booking Holdings (Booking.com)","BKNG","125793763328","162.34","United States"
"176","Cloudflare","NET","125432643584","352.26","United States"
"177","Keyence","6861.T","125333587005","516.786","Japan"
"178","Investor AB","INVE-B.ST","124888011967","40.766","Sweden"
"179","Compagnie Financière Richemont","CFR.SW","124455491705","211.681","Switzerland"
"180","Newmont","NEM","123376828416","117.09","United States"
"181","Parker-Hannifin","PH","122375700480","970.37","United States"
"182","Air Liquide","AI.PA","122191756515","191.474","France"
"183","Progressive","PGR","122185809920","210.52","United States"
"184","BNP Paribas","BNP.PA","121032198458","110.431","France"
"185","Capital One","COF","120528224256","196.46","United States"
"186","Lockheed Martin","LMT","118213337088","512.21","United States"
"187","Zijin Mining","601899.SS","118198575113","4.44511","China"
"188","British American Tobacco","BTI","118023299072","54.85","United Kingdom"
"189","ASE Group","ASX","117972082688","45.31","Taiwan"
"190","Bank of Montreal","BMO","117894594560","169.61","Canada"
"191","Snowflake","SNOW","116533370880","330.31","United States"
"192","HDFC Bank","HDB","116358103040","22.64","India"
"193","S&P Global","SPGI","115694264320","392.45","United States"
"194","Altria Group","MO","114744803328","68.72","United States"
"195","Bharti Airtel","BHARTIARTL.NS","114503227902","18.3538","India"
"196","Marathon Petroleum","MPC","114447917056","392.03","United States"
"197","BYD","002594.SZ","113298576255","12.4269","China"
"198","OCBC Bank","O39.SI","112595932045","25.0464","Singapore"
"199","Scotiabank","BNS","112518103040","92.47","Canada"
"200","BP","BP","112078897152","43.52","United Kingdom"
"201","Mitsubishi Corporation","8058.T","111653536927","30.484","Japan"
"202","Valero Energy","VLO","111635234816","387.72","United States"
"203","Medtronic","MDT","111400116224","87.09","Ireland"
"204","CVS Health","CVS","111398313984","87.1","United States"
"205","Foxconn (Hon Hai Precision Industry)","2317.TW","110693759480","7.90011","Taiwan"
"206","PDD Holdings (Pinduoduo)","PDD","110313226240","77.5","China"
"207","SK Square","402340.KS","110283402011","836.913","South Korea"
"208","Starbucks","SBUX","108790202368","95.43","United States"
"209","Accenture","ACN","108387180544","177.12","Ireland"
"210","Stryker Corporation","SYK","106928660480","278.77","United States"
"211","Lowe's Companies","LOW","105062973440","187.26","United States"
"212","Robinhood","HOOD","104491343872","116.22","United States"
"213","China Yangtze Power","600900.SS","104019122465","4.25119","China"
"214","Enbridge","ENB","103975550976","46.65","Canada"
"215","Automatic Data Processing","ADP","103738654720","261.8","United States"
"216","AXA","CS.PA","103099000827","49.3084","France"
"217","ING","ING","102697164800","36.08","Netherlands"
"218","Zurich Insurance Group","ZURN.SW","102690931447","687.497","Switzerland"
"219","AppLovin","APP","102289285120","305.66","United States"
"220","Bank of Communications","601328.SS","102019042731","1.15453","China"
"221","Freeport-McMoRan","FCX","101655683072","70.79","United States"
"222","Spotify","SPOT","101506400256","493.66","Sweden"
"223","CIBC (Canadian Imperial Bank of Commerce)","CM","101425463296","111.71","Canada"
"224","Al Rajhi Bank","1120.SR","101078708802","16.8465","Saudi Arabia"
"225","McKesson","MCK","100829675520","864.82","United States"
"226","Phillips 66","PSX","100653031424","252.25","United States"
"227","Trane Technologies","TT","100240359424","455.59","Ireland"
"228","Equinix","EQIX","100178403328","1015.27","United States"
"229","BNY Mellon (Bank of New York Mellon)","BNY","99726532608","146.98","United States"
"230","CaixaBank","CABK.MC","99496666469","14.3254","Spain"
"231","Itōchū Shōji","8001.T","99003464627","14.1638","Japan"
"232","GSK plc","GSK","98838454272","49.35","United Kingdom"
"233","Enel","ENEL.MI","98745473097","9.95351","Italy"
"234","Quanta Services","PWR","97992318976","651.79","United States"
"235","Postal Savings Bank of China","601658.SS","97989253249","0.815931","China"
"236","Equinor","EQNR","97969405952","41.34","Norway"
"237","ICICI Bank","IBN","97805836288","27.25","India"
"238","Grupo México","GMBXF","97735860224","12.49","Mexico"
"239","Sanofi","SNY","97618640896","40.74","France"
"240","Tokio Marine","8766.T","97419963606","3.43695","Japan"
"241","Canadian Natural Resources","CNQ","97240948736","47.17","Canada"
"242","AIA","1299.HK","97112707057","9.42555","Hong Kong"
"243","Datadog","DDOG","96433184768","268.56","United States"
"244","Southern Company","SO","95997788160","83.45","United States"
"245","HCA Healthcare","HCA","95752716288","431.63","United States"
"246","Vertiv Holdings","VRT","95607955456","248.34","United States"
"247","Sinopec","600028.SS","94892374202","0.786098","China"
"248","CME Group","CME","94648451072","263.22","United States"
"249","Delta Electronics (Thailand)","DELTA.BK","94521155994","7.57757","Thailand"
"250","Marriott International","MAR","94298300416","361.62","United States"
"251","Cambricon Technologies","688256.SS","94102980178","149.642","China"
"252","Agnico Eagle Mines","AEM","94097784832","185.83","Canada"
"253","Airbnb","ABNB","93985398784","156.96","United States"
"254","Constellation Energy","CEG","93742645248","264.58","United States"
"255","State Bank of India","SBIN.NS","93239040356","10.1011","India"
"256","Adobe","ADBE","92685074432","233.17","United States"
"257","Howmet Aerospace","HWM","92099198976","230.94","United States"
"258","Midea","000333.SZ","91651548615","12.0122","China"
"259","Murata Manufacturing (Murata Seisakusho)","6981.T","91640954563","50.5557","Japan"
"260","U.S. Bancorp","USB","90585112576","58.14","United States"
"261","Johnson Controls","JCI","90509885440","149.42","Ireland"
"262","General Dynamics","GD","89916973056","332.34","United States"
"263","Mitsui Bussan","8031.T","89414163988","31.4601","Japan"
"264","Cadence Design Systems","CDNS","89411272704","324.17","United States"
"265","Itaú Unibanco","ITUB","89166946304","8.09","Brazil"
"266","Duke Energy","DUK","89049792512","114.21","United States"
"267","NTT (Nippon Telegraph &amp; Telephone)","9432.T","88763803112","1.09546","Japan"
"268","PNC Financial Services","PNC","88425865216","221.65","United States"
"269","Emerson","EMR","88070119424","157.24","United States"
"270","Atlas Copco","ATCO-B.ST","87529599443","17.9415","Sweden"
"271","MercadoLibre","MELI","87446913024","1724.9","Argentina"
"272","Infineon","IFX.DE","87369980538","67.2336","Germany"
"273","Lumentum","LITE","87322050560","973.49","United States"
"274","CSX Corporation","CSX","86936649728","46.93","United States"
"275","3M","MMM","86894075904","168.49","United States"
"276","KKR & Co.","KKR","86060163072","93.18","United States"
"277","Bloom Energy","BE","85781094400","291.25","United States"
"278","Glencore","GLCNF","85740232704","7.31","Switzerland"
"279","Intercontinental Exchange","ICE","85438627840","152.19","United States"
"280","Dior","CDI.PA","85337064288","473.016","France"
"281","Elevance Health","ELV","85171077120","392.73","United States"
"282","Williams Companies","WMB","83945979904","68.63","United States"
"283","WuXi AppTec","2359.HK","83708687261","27.582","China"
"284","National Australia Bank","NAB.AX","83641345316","27.3219","Australia"
"285","Westpac Banking","WBC.AX","83634513889","24.491","Australia"
"286","Waste Management","WM","82777022464","207.09","United States"
"287","Mitsubishi Heavy Industries","7011.T","82580651656","24.576","Japan"
"288","Xiaomi","XIACF","82152046592","3.19","China"
"289","Barclays","BCS","82054389760","24.49","United Kingdom"
"290","Lloyds Banking Group","LYG","81871749120","5.69","United Kingdom"
"291","Monster Beverage","MNST","81770823680","41.74","United States"
"292","Hewlett Packard Enterprise","HPE","81625817088","61.49","United States"
"293","Eoptolink Technology","300502.SZ","81485198404","58.4233","China"
"294","Brookfield Corporation","BN","81458511872","36.49","Canada"
"295","TAQA","TAQA.AE","81434161761","0.72","United Arab Emirates"
"296","Marsh & McLennan Companies","MRSH","81326342144","170.42","United States"
"297","Moderna","MRNA","81228537856","203.46","United States"
"298","DoorDash","DASH","81070047232","187.1","United States"
"299","ANZ Bank","ANZ.AX","80776310221","26.8268","Australia"
"300","Sherwin-Williams","SHW","80216997888","330.44","United States"
"301","United Parcel Service","UPS","79913910272","93.93","United States"
"302","Japan Post Bank","7182.T","79608234719","22.3494","Japan"
"303","Synopsys","SNPS","79546449920","415.09","United States"
"304","Japan Tobacco","2914.T","79175111261","44.5967","Japan"
"305","Cintas","CTAS","79000494080","197.74","United States"
"306","Suncor Energy","SU","78961696768","67.51","Canada"
"307","Moody's","MCO","78766178304","454.82","United States"
"308","ENI","E","78454407168","54.65","Italy"
"309","Tata Consultancy Services","TCS.NS","78084036852","21.5816","India"
"310","NetEase","NTES","78005051392","121.82","China"
"311","American Tower","AMT","77978419200","167.35","United States"
"312","Ecolab","ECL","77894909952","277.87","United States"
"313","Enterprise Products","EPD","77784375296","36.02","United States"
"314","Simon Property Group","SPG","77549486080","204.28","United States"
"315","Warner Bros. Discovery","WBD","77345169408","30.85","United States"
"316","Regeneron Pharmaceuticals","REGN","77268754432","750.51","United States"
"317","Comcast","CMCSA","76650553344","21.6","United States"
"318","Mondelez International","MDLZ","76146106368","59.32","United States"
"319","Illinois Tool Works","ITW","76061540352","267.07","United States"
"320","CPKC (Canadian Pacific Kansas City)","CP","76049145856","86.51","Canada"
"321","The Travelers Companies","TRV","75756535808","363.21","United States"
"322","BAE Systems","BA.L","75397718869","25.7619","United Kingdom"
"323","National Grid","NGG","75341684736","74.94","United Kingdom"
"324","CITIC Bank","601998.SS","75283654000","1.35292","China"
"325","EssilorLuxottica","EL.PA","75206528132","163.946","France"
"326","Ross Stores","ROST","74879811584","234.4","United States"
"327","EOG Resources","EOG","74386907136","139.66","United States"
"328","Generali","G.MI","74315880361","49.3311","Italy"
"329","SoftBank Corp.","9434.T","74037311185","1.54781","Japan"
"330","SLB (Schlumberger)","SLB","74014220288","49.87","United States"
"331","Motorola Solutions","MSI","73830088704","446.12","United States"
"332","Canadian National Railway","CNI","72824250368","120.55","Canada"
"333","Hilton Worldwide","HLT","72794996736","323.44","United States"
"334","General Motors","GM","72781217792","80.47","United States"
"335","The Cigna Group","CI","72734834688","275.26","United States"
"336","NatWest Group","NWG","72417771520","18.26","United Kingdom"
"337","Munich RE (Münchener Rück)","MUV2.DE","72407506655","575.51","Germany"
"338","DHL Group (Deutsche Post)","DHL.DE","72281282986","64.5805","Germany"
"339","Cummins","CMI","71943364608","521.37","United States"
"340","Manulife Financial","MFC","71938949120","43.42","Canada"
"341","Brookfield Asset Management","BAM","71828406272","44.97","Canada"
"342","Northrop Grumman","NOC","71686422528","504.61","United States"
"343","Intuit","INTU","71627268096","268.03","United States"
"344","Target","TGT","71064805376","156.43","United States"
"345","Sberbank","SBER.ME","70554033173","3.26","Russia"
"346","Ferrari","RACE","70549118976","402.05","Italy"
"347","Carvana","CVNA","70520463360","63.62","United States"
"348","Bank of China (Hong Kong)","2388.HK","70344160972","6.65333","Hong Kong"
"349","Norfolk Southern","NSC","70302416896","313","United States"
"350","Apollo Global Management","APO","70274637824","119","United States"
"351","ADNOC Gas","ADNOCGAS.AE","70220499749","0.91","United Arab Emirates"
"352","Royal Caribbean Group","RCL","69716738048","260.67","United States"
"353","O'Reilly Automotive","ORLY","69627256832","86.07","United States"
"354","KDDI","9433.T","69385659443","18.7734","Japan"
"355","Colgate-Palmolive","CL","68923555840","86.46","United States"
"356","Shin-Etsu Chemical","4063.T","68636119436","37.8147","Japan"
"357","Energy Transfer LP","ET","68556095488","19.91","United States"
"358","Mitsubishi Electric","6503.T","68141407913","33.2976","Japan"
"359","FedEx","FDX","68035649536","287.47","United States"
"360","Vinci","DG.PA","67948825043","123.016","France"
"361","Barrick Gold","B","67876274176","41.24","Canada"
"362","Deutsche Bank","DB","67850694656","36.11","Germany"
"363","Kinder Morgan","KMI","67745947648","30.45","United States"
"364","Merck KGaA","MRK.DE","67730701440","155.782","Germany"
"365","Nordea Bank","NDA-FI.HE","67701917985","19.949","Finland"
"366","Panasonic","6752.T","67230130661","28.7933","Japan"
"367","NAURA Technology Group","002371.SZ","67069961814","92.4224","China"
"368","Standard Chartered","STAN.L","67039215107","30.8085","United Kingdom"
"369","Digital Realty","DLR","66680303616","176.56","United States"
"370","Hyundai","005380.KS","66646287854","254.536","South Korea"
"371","Monolithic Power Systems","MPWR","66637414400","1355.99","United States"
"372","Honeywell","HON","66598604800","210.13","United States"
"373","ENGIE","ENGI.PA","66309291963","26.0998","France"
"374","Vingroup Company","VIC.VN","66094018796","8.81402","Vietnam"
"375","Volvo Group","VOLV-A.ST","66088747071","32.5008","Sweden"
"376","Chugai Pharmaceutical","4519.T","65384054147","39.7287","Japan"
"377","Macquarie Group Limited","MQG.AX","65308018923","171.35","Australia"
"378","America Movil","AMX","65099333632","21.78","Mexico"
"379","SMIC","0981.HK","65044011902","7.59652","China"
"380","American Electric Power","AEP","64946610176","119.3","United States"
"381","Republic Services","RSG","64892657664","211.92","United States"
"382","Fubon Financial","2881.TW","64819352786","4.74321","Taiwan"
"383","Nan Ya Plastics","1303.TW","63650858327","8.02576","Taiwan"
"384","Boston Scientific","BSX","63592194048","43.88","United States"
"385","The Saudi National Bank","1180.SR","63230790788","10.6539","Saudi Arabia"
"386","United Rentals","URI","63147491328","1014.54","United States"
"387","Teradyne","TER","63008448512","403.02","United States"
"388","Ma'aden","1211.SR","62706406771","16.1539","Saudi Arabia"
"389","Hong Kong Exchanges & Clearing","0388.HK","62348488091","49.3264","Hong Kong"
"390","Bajaj Finance","BAJFINANCE.NS","62273941032","10.0104","India"
"391","Air Products and Chemicals","APD","62171574272","279.19","United States"
"392","Astera Labs","ALAB","62079909888","357.84","United States"
"393","United Microelectronics","UMC","61995499520","24.72","Taiwan"
"394","CSL","CSL.AX","61750553652","128.678","Australia"
"395","Strategy 
 (MicroStrategy)","MSTR","61674786816","154.67","United States"
"396","TE Connectivity","TEL","61638488064","212.59","Switzerland"
"397","TransDigm Group","TDG","61515198464","1099.79","United States"
"398","Wheaton Precious Metals","WPM","61488717824","135.39","Canada"
"399","Keysight","KEYS","61398769664","360.65","United States"
"400","KBC","KBCSF","61328859136","153.72","Belgium"
"401","Crédit Agricole","ACA.PA","61320248028","20.2154","France"
"402","LG Energy Solution","373220.KS","61113033774","261.167","South Korea"
"403","Wesfarmers","WES.AX","60975329559","53.7094","Australia"
"404","Argenx","ARGX","60725452800","970.66","Netherlands"
"405","TC Energy","TRP","60693340160","58.26","Canada"
"406","Imperial Oil","IMO","60588445696","121.85","Canada"
"407","Unimicron","3037.TW","60545244405","36.9091","Taiwan"
"408","MetLife","MET","60497399808","95.2","United States"
"409","First Abu Dhabi Bank","FAB.AE","60464811810","5.47","United Arab Emirates"
"410","Sea Limited","SE","60403228672","98.62","Singapore"
"411","CITIC Securities","600030.SS","60362268139","3.86337","China"
"412","Nebius Group","NBIS","60264005632","237.355","Netherlands"
"413","Natera","NTRA","59750641664","414.52","United States"
"414","Nu Holdings","NU","59659010048","12.35","Brazil"
"415","NXP Semiconductors","NXPI","59629264896","236.47","Netherlands"
"416","Nintendo","7974.T","59326371444","50.7854","Japan"
"417","Takeda Pharmaceutical","TAK","59111739392","18.51","Japan"
"418","W. W. Grainger","GWW","58953609216","1248.67","United States"
"419","Paccar","PCAR","58847604736","111.8","United States"
"420","Cencora","COR","58698436608","307.6","United States"
"421","Deutsche Börse","DB1.DE","58685475217","325.51","Germany"
"422","Targa Resources","TRGP","58644738048","273.49","United States"
"423","Comfort Systems USA","FIX","58600316928","1665.05","United States"
"424","Aon","AON","58525409280","275.9","United Kingdom"
"425","Arthur J. Gallagher & Co.","AJG","58381660160","227.75","United States"
"426","Société Générale","GLE.PA","58031531655","80.0794","France"
"427","Nokia","NOK","58001956864","10.36","Finland"
"428","MPLX","MPLX","57890557952","57.05","United States"
"429","RELX","RELX","57764237312","33.24","United Kingdom"
"430","Ametek","AME","57479528448","250.78","United States"
"431","Fastenal","FAST","57328979968","49.96","United States"
"432","Great-West Lifeco","GWO.TO","57239206607","63.9401","Canada"
"433","Coherent Corp.","COHR","57224138752","292.21","United States"
"434","Luxshare Precision","002475.SZ","57197712223","7.38962","China"
"435","Cenovus Energy","CVE","57097822208","30.96","Canada"
"436","Nongfu Spring","9633.HK","57080218668","5.07539","China"
"437","Allstate","ALL","56999239680","225.42","United States"
"438","Aflac","AFL","56982679552","113.66","United States"
"439","Saudi Telecom Company","7010.SR","56892148545","11.3943","Saudi Arabia"
"440","Truist Financial Corporation","TFC","56732319744","46.44","United States"
"441","Industrial Bank","601166.SS","56726813970","2.68049","China"
"442","Vale","VALE","56601645056","13.3","Brazil"
"443","Anglo American","AAL.L","56582093777","52.807","United Kingdom"
"444","Meituan","3690.HK","56560329402","9.16426","China"
"445","Cement Roadstone Holding","CRH","56236494848","84.53","Ireland"
"446","National Bank of Canada","NA.TO","56039116610","146.378","Canada"
"447","Garmin","GRMN","55972659200","290.23","Switzerland"
"448","Delta Air Lines","DAL","55812468736","84.87","United States"
"449","Lenovo","0992.HK","55527438010","4.47634","Hong Kong"
"450","Baker Hughes","BKR","55510331392","55.92","United States"
"451","UOB","U11.SI","55453799622","33.6377","Singapore"
"452","Fujikura","5803.T","55225933598","33.355","Japan"
"453","Cheniere Energy","LNG","55204515840","267.29","United States"
"454","Occidental Petroleum","OXY","54920077312","54.94","United States"
"455","Oneok","OKE","54757343232","86.86","United States"
"456","Emirates NBD Bank PJSC","EMIRATESNBD.AE","54695120314","8.65895","United Arab Emirates"
"457","Singtel","Z74.SI","54573475174","3.3489","Singapore"
"458","Erste Group Bank","EBO.F","54524106537","140.363","Austria"
"459","Bayer","BAYN.DE","54445451266","55.4195","Germany"
"460","Larsen &amp; Toubro","LT.NS","53959524609","39.2186","India"
"461","BTG Pactual","BPAC3.SA","53895029063","4.65107","Brazil"
"462","Nucor","NUE","53597110272","236.24","United States"
"463","Sumitomo","8053.T","53545765538","11.3278","Japan"
"464","Public Storage","PSA","53361274880","285.58","United States"
"465","Dominion Energy","D","53334454272","60.64","United States"
"466","Nike","NKE","53168594944","35.84","United States"
"467","Thales","HO.PA","52836768217","256.916","France"
"468","The People's Insurance Company (PICC)","601319.SS","52707293815","1.19183","China"
"469","Maersk","MAERSK-B.CO","52509193772","3645.79","Denmark"
"470","China Telecom","0728.HK","52485072154","0.573563","China"
"471","Realty Income","O","52174462976","55.14","United States"
"472","RWE","RWE.DE","52105126046","66.8027","Germany"
"473","Corteva","CTVA","51954556928","77.87","United States"
"474","Cardinal Health","CAH","51848454144","223.91","United States"
"475","Diamondback Energy","FANG","51747581952","183.95","United States"
"476","Emirates Telecom (Etisalat Group)","EAND.AE","51671389435","5.94","United Arab Emirates"
"477","Nasdaq","NDAQ","51342069760","91.85","United States"
"478","Devon Energy","DVN","51259998208","46.6","United States"
"479","Cathay Financial Holding","2882.TW","51147552599","3.48673","Taiwan"
"480","ArcelorMittal","MT","51135926272","67.96","Luxembourg"
"481","Sempra","SRE","51121930240","78.18","United States"
"482","Rheinmetall","RHM.F","50938030792","1091.5","Germany"
"483","Commerzbank","CBK.F","50917453269","47.1088","Germany"
"484","Loblaw Companies","L.TO","50852283062","44.005","Canada"
"485","Edwards Lifesciences","EW","50716463104","88.08","United States"
"486","Nanya Technology","2408.TW","50516348367","16.3028","Taiwan"
"487","Alimentation Couche-Tard","ATD.TO","50427979391","54.9347","Canada"
"488","Hoya","7741.T","50394568602","151.08","Japan"
"489","Ciena","CIEN","50330685440","354.92","United States"
"490","Coinbase","COIN","50134294528","190.02","United States"
"491","E.ON","EOAN.DE","50107118674","19.1667","Germany"
"492","Compass Group","CPG.L","50074226688","29.45","United Kingdom"
"493","BASF","BAS.DE","50071657161","56.6213","Germany"
"494","Marubeni","8002.T","49988887491","30.7647","Japan"
"495","London Stock Exchange","LSEG.L","49921190128","108.233","United Kingdom"
"496","Swiss Re","SREN.SW","49716676593","168.577","Switzerland"
"497","Becton Dickinson","BDX","49566228480","181.97","United States"
"498","Agilent Technologies","A","49346007040","175.03","United States"
"499","Honeywell Aerospace","HONA","49267134464","155.44","United States"
"500","Wabtec","WAB","49191907328","291.23","United States"
"501","Ford","F","49047429120","12.3","United States"
"502","Siemens Healthineers","SHL.DE","49044262437","43.8209","Germany"
"503","ASM International","ASM.AS","48972006585","1003.17","Netherlands"
"504","Lonza","LONN.SW","48905368613","700.206","Switzerland"
"505","State Street Corporation","STT","48836476928","177.78","United States"
"506","Endesa","ELE.MC","48385549497","47.6077","Spain"
"507","Zijin Gold International Company Limited","2259.HK","48371073177","18.0736","Hong Kong"
"508","CITIC limited","0267.HK","48349672507","1.66206","China"
"509","Rockwell Automation","ROK","47920832512","431.53","United States"
"510","AngloGold Ashanti","AU","47860940800","94.63","South Africa"
"511","Franco-Nevada","FNV","47816601600","247.94","Canada"
"512","Swire Pacific","0019.HK","47813068666","13.1792","Hong Kong"
"513","Entergy","ETR","47663083520","99.76","United States"
"514","Antofagasta","ANTO.L","47600098138","48.283","United Kingdom"
"515","Samsung Biologics","207940.KS","47574263399","1027.72","South Korea"
"516","Sandvik","SAND.ST","47508861819","37.8742","Sweden"
"517","STMicroelectronics","STM","47493115904","53.24","Switzerland"
"518","Vivmark Residential","VMRK","47471349760","61.35","United States"
"519","Diageo","DEO","47440502784","85.34","United Kingdom"
"520","DNB","DNB.OL","47395295288","33.32","Norway"
"521","CoreWeave","CRWV","47393538048","85.93","United States"
"522","Shengyi Technology (SYTECH)","600183.SS","47308330795","19.4764","China"
"523","Vistra","VST","47267504128","140.83","United States"
"524","Medline","MDLN","47063252992","34.98","United States"
"525","Shanghai Pudong Development Bank","600000.SS","46948112523","1.40961","China"
"526","eBay","EBAY","46818451456","105.21","United States"
"527","Porsche","P911.DE","46789451663","51.3605","Germany"
"528","Jiangsu Hengrui Medicine","600276.SS","46670288370","7.03162","China"
"529","PICC Property and Casualty Company Limited","2328.HK","46607831714","2.09542","China"
"530","AutoZone","AZO","46513061888","2875.97","United States"
"531","Kuwait Finance House","KFH.KW","46488186451","2513","Kuwait"
"532","Humana","HUM","46455468032","386.87","United States"
"533","PayPal","PYPL","46453178368","53.89","United States"
"534","Teva Pharmaceutical Industries","TEVA","46430109696","39.81","Israel"
"535","Galderma Group","GALD.SW","46369943392","198.851","Switzerland"
"536","Danske Bank","DANS.VI","46347664177","57.483","Denmark"
"537","Swedbank","SWED-A.ST","46326646359","41.2263","Sweden"
"538","Cerebras Systems","CBRS","46313111552","194.95","United States"
"539","Celestica","CLS","46215942144","366.47","Canada"
"540","Fifth Third Bank","FITB","46208024576","50.97","United States"
"541","Sumitomo Denki Kōgyō","5802.T","46206613581","14.8113","Japan"
"542","Carrier Global","CARR","45997543424","55.38","United States"
"543","Hindustan Unilever","HINDUNILVR.NS","45951421718","19.5572","India"
"544","AMEC","688012.SS","45813266355","47.8297","China"
"545","Skandinaviska Enskilda Banken","SEB-A.ST","45785723757","23.545","Sweden"
"546","Workday","WDAY","45589970944","189.17","United States"
"547","Sun Pharmaceutical","SUNPHARMA.NS","45476866805","18.9539","India"
"548","UCB","UCB.VI","45417468180","238.209","Belgium"
"549","Holcim Group","HOLN.SW","45269198623","81.8426","Switzerland"
"550","Veeva Systems","VEEV","45102948352","278.57","United States"
"551","Coca-Cola European Partners","CCEP","44990341120","102.29","United Kingdom"
"552","KB Financial Group","KB","44906471424","127.9","South Korea"
"553","Walmex","WMMVF","44772597760","2.6","Mexico"
"554","MS&amp;AD Insurance","8725.T","44734139666","31.3262","Japan"
"555","Twilio","TWLO","44656603136","290.78","United States"
"556","Ventas","VTR","44580171776","86.91","United States"
"557","Rocket Lab","RKLB","44566945792","69.7","United States"
"558","Atlassian","TEAM","44542308352","175.96","Australia"
"559","Block","XYZ","44488871936","74.05","United States"
"560","China Pacific Insurance","601601.SS","44428070517","4.61814","China"
"561","Ambev","ABEV","44399484928","2.88","Brazil"
"562","Japan Post Holdings","6178.T","44364226597","16.2245","Japan"
"563","Hikvision","002415.SZ","44361591166","4.84039","China"
"564","Lukoil","LKOH.ME","44282694428","63.39","Russia"
"565","Guotai Junan Securities","601211.SS","44282476779","2.51193","China"
"566","IQVIA","IQV","44275752960","268.99","United States"
"567","China State Shipbuilding Corporation (CSSC)","600150.SS","44206290202","5.87411","China"
"568","ORLEN","PKN.WA","44164210793","38.0417","Poland"
"569","Xcel Energy","XEL","44155400192","70.69","United States"
"570","Mercedes-Benz","MBG.DE","44138132313","46.1054","Germany"
"571","L3Harris Technologies","LHX","44034170880","236.47","United States"
"572","Ameriprise Financial","AMP","43963088896","497.32","United States"
"573","Sun Life Financial","SLF","43959382016","79.06","Canada"
"574","Fujitsu","6702.T","43838523686","25.348","Japan"
"575","Revolution Medicines","RVMD","43827511296","204.48","United States"
"576","Heineken","HEIA.AS","43629452783","78.7755","Netherlands"
"577","Rosneft","ROSN.ME","43596505881","4.12","Russia"
"578","Waters Corporation","WAT","43521863680","443.26","United States"
"579","Aena","AENA.MC","43469383709","28.9796","Spain"
"580","Dai-ichi Life Holdings","8750.T","43447938542","12.0615","Japan"
"581","Toyota Tsusho","8015.T","43342999328","46.2236","Japan"
"582","Everpure","P","43336208384","130.05","United States"
"583","Ferguson Enterprises","FERG","43308261376","223.87","United Kingdom"
"584","Constellation Software","CSU.TO","43237669123","2040.33","Canada"
"585","DSV","DSV.VI","43233599010","181.066","Denmark"
"586","Infosys","INFY","43095658496","10.64","India"
"587","Komatsu","6301.T","43012356512","48.463","Japan"
"588","Adani Enterprises","ADANIENT.NS","43004989357","30.2219","India"
"589","Quanta Computer","2382.TW","42946109498","10.4759","Taiwan"
"590","Kotak Mahindra Bank","KOTAKBANK.NS","42935088845","4.316","India"
"591","HEICO","HEI","42920894464","307.11","United States"
"592","Danone","BN.PA","42910484063","66.6213","France"
"593","CTBC Financial Holding","2891.TW","42894833521","2.14858","Taiwan"
"594","Fomento Económico Mexicano (FEMSA)","FMX","42799209030","119.61","Mexico"
"595","Titan Company","TITAN.NS","42789382889","48.2236","India"
"596","Microchip Technology","MCHP","42778226688","78.78","United States"
"597","Adani Ports & SEZ","ADANIPORTS.NS","42708937076","18.5372","India"
"598","Suzhou TFC Optical Communication","300394.SZ","42565612473","39.0215","China"
"599","Banco Santander Brasil","BSBR","42529153024","5.68","Brazil"
"600","Legrand","LR.PA","42511732439","162.188","France"
"601","Autodesk","ADSK","42464616448","203.18","United States"
"602","Prysmian Group","PRY.MI","42346262404","141.497","Italy"
"603","Keurig Dr Pepper","KDP","42226429952","31.03","United States"
"604","IDEXX Laboratories","IDXX","42079346688","533.44","United States"
"605","Flex","FLEX","42049142784","113.83","Singapore"
"606","East Money Information","300059.SZ","42033616368","2.65662","China"
"607","Bombardier","BBD-B.TO","41982656198","225.675","Canada"
"608","Exelon Corporation","EXC","41879826432","40.65","United States"
"609","Bank Central Asia","BBCA.JK","41734135636","0.339644","Indonesia"
"610","Thomson Reuters","TRI","41696112640","96.24","Canada"
"611","Honda","HMC","41637634048","32.09","Japan"
"612","Orange","ORA.PA","41373285964","15.5669","France"
"613","BeOne Medicines","ONC","41320128512","365.27","United States"
"614","Woodside Energy","WDS","41253875712","21.7","Australia"
"615","NetApp","NTAP","41086926848","209.18","United States"
"616","Illumina","ILMN","41072001024","272","United States"
"617","Banca Monte dei Paschi di Siena","BMPS.MI","41049650891","13.5102","Italy"
"618","Samsung C&T Corporation","028260.KS","41048333369","250.853","South Korea"
"619","Reckitt Benckiser","RKT.L","41017989771","64.686","United Kingdom"
"620","CMOC","3993.HK","40957795890","1.91442","China"
"621","Adani Power","ADANIPOWER.NS","40757452868","2.11346","India"
"622","WEG ON","WEGE3.SA","40736760698","9.70887","Brazil"
"623","Wuliangye Yibin","000858.SZ","40732564491","10.4937","China"
"624","Renesas Electronics","6723.T","40598433482","22.2154","Japan"
"625","Power Corporation of Canada","POW.TO","40473021369","64.4755","Canada"
"626","NEC Corp","6701.T","40457645947","30.5031","Japan"
"627","ABN AMRO","ABN.AS","40441877886","49.6258","Netherlands"
"628","Volkswagen","VOW3.DE","40376434768","80.5442","Germany"
"629","Chipotle Mexican Grill","CMG","40341524480","31.88","United States"
"630","PKO Bank Polski","PKO.WA","40025796056","32.0206","Poland"
"631","Haleon","HLN","39886385152","9.07","United Kingdom"
"632","Live Nation","LYV","39857041408","171.09","United States"
"633","Sun Hung Kai Properties","0016.HK","39852466321","13.7528","Hong Kong"
"634","ORIX","IX","39758671872","38.23","Japan"
"635","Disco Corp.","6146.T","39743402338","366.408","Japan"
"636","Ibiden","4062.T","39732557861","70.6593","Japan"
"637","Prudential Financial","PRU","39695699968","115.06","United States"
"638","QNB (Qatar National Bank)","QNBK.QA","39675371727","4.35989","Qatar"
"639","Swisscom","SCMN.SW","39594912058","764.352","Switzerland"
"640","Axis Bank","AXISBANK.BO","39578053452","12.711","India"
"641","Ares Management","ARES","39471382528","118.97","United States"
"642","Assa Abloy","ASSA-B.ST","39457771010","35.5227","Sweden"
"643","American International Group","AIG","39358169088","75.27","United States"
"644","MSCI","MSCI","39240552448","539.76","United States"
"645","Z.AI","2513.HK","39183795621","80.3625","China"
"646","Waste Connections","WCN","39134109696","155.56","United States"
"647","Maruti Suzuki India","MARUTI.NS","39092311398","124.338","India"
"648","Goodman Group","GMG.AX","39069275713","19.0141","Australia"
"649","Ferrovial","FER.MC","39056097107","54.2177","Spain"
"650","D. R. Horton","DHI","38990356480","139.4","United States"
"651","SSE","SSE.L","38887645485","32.2372","United Kingdom"
"652","Otsuka Holdings","4578.T","38875961259","74.1046","Japan"
"653","Jardine Matheson","J36.SI","38825850000","53.85","Hong Kong"
"654","Tesco","TSCO.L","38799758336","6.22917","United Kingdom"
"655","Compagnie de Saint-Gobain","SGO.PA","38648013383","79.1383","France"
"656","Shinhan Financial Group","SHG","38511996928","81.79","South Korea"
"657","Doosan Enerbility","034020.KS","38281011074","59.8952","South Korea"
"658","Archer Daniels Midland (ADM)","ADM","38267346944","79.4","United States"
"659","Consolidated Edison","ED","38214393856","103.33","United States"
"660","Givaudan","GIVN.SW","38074590514","4124.5","Switzerland"
"661","Hanwha Aerospace","012450.KS","38054901758","739.666","South Korea"
"662","Sompo Holdings","8630.T","37980485768","42.8294","Japan"
"663","Take-Two Interactive","TTWO","37915893760","202.78","United States"
"664","CBRE Group","CBRE","37888028672","130.84","United States"
"665","Cameco","CCJ","37839106048","86.88","Canada"
"666","Vodafone","VOD","37739175936","16.33","United Kingdom"
"667","Sysco","SYY","37641314304","78.49","United States"
"668","Novatek","NVTK.ME","37636602655","12.26","Russia"
"669","Telstra","TLS.AX","37630115231","3.37819","Australia"
"670","Yum! Brands","YUM","37586665472","137.73","United States"
"671","JBS N.V.","JBS","37400064000","11.37","Brazil"
"672","Sandoz Group","SDZ.SW","37352967865","86.3268","Switzerland"
"673","Daikin","6367.T","37291904968","133.982","Japan"
"674","COSCO Shipping","601919.SS","37273463162","2.44928","China"
"675","Samsung Life Insurance","032830.KS","37109061281","206.65","South Korea"
"676","SABIC","2010.SR","37075511346","12.3585","Saudi Arabia"
"677","GigaDevice Semiconductor","603986.SS","37055150761","52.8043","China"
"678","Mahindra &amp; Mahindra","M&M.NS","37009949112","30.822","India"
"679","BMW","BMW.DE","36986806798","61.7914","Germany"
"680","Dubai Electricity and Water Authority (DEWA)","DEWA.AE","36895847802","0.737917","United Arab Emirates"
"681","Old Dominion Freight Line","ODFL","36797509632","177.46","United States"
"682","Poste Italiane","PST.MI","36733583913","28.4354","Italy"
"683","Abu Dhabi Commercial Bank (ADCB)","ADCB.AE","36625457022","4.63","United Arab Emirates"
"684","PG&amp;E Corporation","PCG","36568829952","12.18","United States"
"685","United Airlines Holdings","UAL","36562780160","112.65","United States"
"686","Muyuan Foods","002714.SZ","36554847333","6.33204","China"
"687","Resona Holdings","8308.T","36524619758","16.3138","Japan"
"688","Wiwynn","6669.TW","36488984233","65.651","Taiwan"
"689","TDK","6762.T","36415860559","19.1849","Japan"
"690","Daimler Truck","DTG.F","36321292734","47.7778","Germany"
"691","Credo Technology","CRDO","36152553472","192.35","United States"
"692","Bank Leumi","LUMI.TA","36131336336","24.6011","Israel"
"693","Repsol","REP.MC","35999276092","33.7868","Spain"
"694","Kroger","KR","35901886464","60.79","United States"
"695","Okta","OKTA","35817312256","204.88","United States"
"696","3i Group","III.L","35670974751","35.0812","United Kingdom"
"697","Sika","SIKA.SW","35654663026","222.232","Switzerland"
"698","Banco Bradesco","BBD","35579633664","3.36","Brazil"
"699","JD.com","JD","35518148608","26.3","China"
"700","EQT","EQT.ST","35456905848","28.4582","Sweden"
"701","Yageo","2327.TW","35433849456","17.2138","Taiwan"
"702","Fanuc","6954.T","35410150727","38.1082","Japan"
"703","Fortescue","FMG.AX","35379542947","11.4907","Australia"
"704","Chunghwa Telecom","CHT","35366199296","45.59","Taiwan"
"705","Paychex","PAYX","35352420352","99.31","United States"
"706","Viking Holdings","VIK","35154886656","78.71","Bermuda"
"707","Chaozhou Three-Circle","300408.SZ","35085539304","17.5716","China"
"708","Talanx","TLX.DE","35045360912","135.714","Germany"
"709","Hannover Rück","HNR1.DE","35030597666","290.476","Germany"
"710","Dollarama","DOL.TO","34905181144","130.064","Canada"
"711","Bank of Ningbo","002142.SZ","34899347266","5.2849","China"
"712","PTT PCL","PTT-R.BK","34856169651","1.23061","Thailand"
"713","HCL Technologies","HCLTECH.NS","34829906917","12.8725","India"
"714","ITC","ITC.NS","34799011180","2.77714","India"
"715","Roper Technologies","ROP","34560909312","349.45","United States"
"716","ACWA POWER Company","2082.SR","34484183895","45.0127","Saudi Arabia"
"717","Kenvue","KVUE","34401054720","17.91","United States"
"718","OTP Bank","OTP.BD","34381292446","135.429","Hungary"
"719","Estee Lauder","EL","34142586880","94.37","United States"
"720","The Hartford","HIG","34089240576","125.85","United States"
"721","Axon Enterprise","AXON","34085593088","419.58","United States"
"722","Martin Marietta Materials","MLM","34024677376","479.09","United States"
"723","Alnylam Pharmaceuticals","ALNY","33996883968","254.07","United States"
"724","Nutrien","NTR","33967814656","71.18","Canada"
"725","Ecopetrol","EC","33962391552","16.52","Colombia"
"726","Hochtief","HOT.F","33920393621","450.794","Germany"
"727","Henkel","HEN3.DE","33884458420","83.6961","Germany"
"728","Ubiquiti","UI","33854734336","559.32","United States"
"729","Global Unichip Corp.","3443.TW","33844775878","252.552","Taiwan"
"730","Bank of Jiangsu","600919.SS","33806514425","1.84218","China"
"731","Carnival Corporation","CCL","33763162112","25.11","United States"
"732","PSEG","PEG","33726392320","67.68","United States"
"733","BPER Banca","BPE.MI","33714014670","16.0952","Italy"
"734","Royalty Pharma","RPRX","33641580544","58.22","United Kingdom"
"735","Emcor","EME","33613068288","762.03","United States"
"736","TKO Group Holdings","TKO","33610516480","177.58","United States"
"737","Biogen","BIIB","33550501888","227.07","United States"
"738","Schindler Group","SCHN.SW","33469522325","308.738","Switzerland"
"739","ČEZ Group","CEZ.PR","33427499090","62.2706","Czech Republic"
"740","WEC Energy Group","WEC","33425629184","102.58","United States"
"741","Jabil","JBL","33410314240","318.84","United States"
"742","HD Hyundai Heavy Industries","329180.KS","33396170432","318.263","South Korea"
"743","Ping An Bank","000001.SZ","33288790778","1.71539","China"
"744","CK Hutchison Holdings","0001.HK","33268865945","8.68629","Hong Kong"
"745","UltraTech Cement","ULTRACEMCO.NS","33245028266","113.013","India"
"746","Woolworths Group","WOW.AX","33235811657","27.2068","Australia"
"747","Iron Mountain","IRM","33193863168","111.5","United States"
"748","Rocket Companies","RKT","33101897728","11.69","United States"
"749","SAAB AB","SAAB-B.ST","33099613081","61.4493","Sweden"
"750","Taishin Financial Holdings","2887.TW","33094762810","1.31773","Taiwan"
"751","Bank Hapoalim","POLI.TA","33089642300","25.324","Israel"
"752","Elbit Systems","ESLT","32961740800","703.37","Israel"
"753","Kimberly-Clark","KMB","32858775552","98.99","United States"
"754","Gold Fields","GFI","32767172608","36.78","South Africa"
"755","Restaurant Brands International","QSR","32745775104","71.48","Canada"
"756","DexCom","DXCM","32694536192","86.64","United States"
"757","Naspers","NPSNY","32655532032","8.73","South Africa"
"758","Daiichi Sankyō","4568.T","32634366033","17.9344","Japan"
"759","NTPC Limited","NTPC.NS","32591629316","3.36112","India"
"760","Fairfax Financial","FFH.TO","32556792654","1567.56","Canada"
"761","Hindustan Aeronautics","HAL.NS","32544075774","48.6622","India"
"762","Kia","000270.KS","32441211299","83.4702","South Korea"
"763","Arch Capital","ACGL","32435920896","95.12","Bermuda"
"764","The Hershey Company","HSY","32431411200","161.41","United States"
"765","Zscaler","ZS","32342714368","198.355","United States"
"766","Wanhua Chemical","600309.SS","32299330615","10.3177","China"
"767","Leonardo","LDO.MI","32170217461","55.7653","Italy"
"768","ResMed","RMD","32143740928","222.83","United States"
"769","Kühne + Nagel","KNIN.SW","32137725612","270.611","Switzerland"
"770","Epiroc","EPI-A.ST","32101953351","26.5319","Sweden"
"771","JSW Steel","JSWSTEEL.NS","32044513668","13.1277","India"
"772","Expedia Group","EXPE","31964749824","266.33","United States"
"773","Gree Electric Appliances","000651.SZ","31959096228","5.70555","China"
"774","China General Nuclear Power Group (CGN)","003816.SZ","31863060180","0.630967","China"
"775","Teck Resources","TECK","31815409664","64.85","Canada"
"776","Steel Dynamics","STLD","31804504064","221.9","United States"
"777","Ahold Delhaize","AD.AS","31681300434","36.2585","Netherlands"
"778","BOE Technology","000725.SZ","31662290195","0.854714","China"
"779","Northern Trust","NTRS","31640350720","172.94","United States"
"780","Alcon","ALC","31633696768","65.44","Switzerland"
"781","Weichai Power","2338.HK","31628423565","3.6606","China"
"782","M&T Bank","MTB","31522926592","217.5","United States"
"783","Aselsan","ASELS.IS","31497817878","6.90742","Turkey"
"784","Vulcan Materials","VMC","31455238144","242.75","United States"
"785","Venture Global","VG","31351164928","12.54","United States"
"786","Svenska Handelsbanken","SHB-A.ST","31284315114","15.605","Sweden"
"787","International Container Terminal Services","ICTEF","31271874560","15.49","Philippines"
"788","Sumitomo Mitsui Trust Holdings","8309.T","31266429932","11.3533","Japan"
"789","Capitec Bank","CPI.JO","31254267100","269.774","South Africa"
"790","FirstRand","FSR.JO","31227960500","5.61507","South Africa"
"791","Accton Technology","2345.TW","31162612842","55.7562","Taiwan"
"792","Maybank","MLYBY","31146117120","5.15","Malaysia"
"793","Adyen","ADYEN.AS","31137196542","986.395","Netherlands"
"794","Ajinomoto","2802.T","31122735595","32.666","Japan"
"795","Prudential","PUK","31099064320","25.23","United Kingdom"
"796","Bajaj Auto","BAJAJ-AUTO.NS","31085240914","113.211","India"
"797","Kering","KER.PA","31078545261","253.458","France"
"798","Hua Hong Semiconductor Limited","1347.HK","30938709291","13.2429","China"
"799","Victory Giant Technology","300476.SZ","30902601946","31.4439","China"
"800","Huntington Bancshares","HBAN","30851735552","15.27","United States"
"801","Mettler Toledo","MTD","30802804736","1537.33","United States"
"802","Itaúsa","ITSA3.SA","30778408802","2.74528","Brazil"
"803","Dassault Systèmes","DSY.PA","30750649326","23.4014","France"
"804","Raymond James Financial","RJF","30749020160","159.85","United States"
"805","Centene","CNC","30731429888","62.21","United States"
"806","Intact Financial","IFC.TO","30716167814","173.745","Canada"
"807","Eternal (Zomato)","ETERNAL.NS","30681446853","3.33299","India"
"808","KONE","KNEBV.HE","30638671098","59.1156","Finland"
"809","EQT Corporation","EQT","30575224832","48.88","United States"
"810","Bridgestone","5108.T","30566727021","24.7611","Japan"
"811","Advanced Info Service (AIS)","ADVANC.BK","30522916486","10.2625","Thailand"
"812","Oriental Land","4661.T","30516230961","18.6107","Japan"
"813","Credicorp","BAP","30499401728","384.03","Bermuda"
"814","Naturgy","NTGY.MC","30459652220","32.8798","Spain"
"815","Swiss Life","SLHN.SW","30457122601","1089.88","Switzerland"
"816","Ericsson","ERIC","30409603072","9.32","Sweden"
"817","Sunbelt Rentals","SUNB","30232453120","73.78","United States"
"818","GE HealthCare Technologies","GEHC","30232107008","66.46","United States"
"819","Banorte","GFNORTEO.MX","29990557458","10.8013","Mexico"
"820","Celltrion","068270.KS","29969588719","131.431","South Korea"
"821","Oil &amp; Natural Gas","ONGC.NS","29957786867","2.38133","India"
"822","Techtronic Industries","0669.HK","29899592743","16.3784","Hong Kong"
"823","Kyocera","6971.T","29847927527","23.3638","Japan"
"824","Yuanta Financial Holding","2885.TW","29832296850","2.15172","Taiwan"
"825","Universal Music Group","UMG.AS","29807071670","16.576","Netherlands"
"826","Denso","6902.T","29800067325","11.8861","Japan"
"827","Standard Bank Group","SBK.JO","29696650900","18.2987","South Africa"
"828","Ingersoll Rand","IR","29674196992","76.48","Ireland"
"829","ON Semiconductor","ON","29568747520","75.95","United States"
"830","Bharat Electronics","BEL.NS","29530804616","4.0399","India"
"831","Baidu","BIDU","29524486144","86.71","China"
"832","Novonesis","NZYM.VI","29522076922","63.288","Denmark"
"833","Cheniere Energy
Partners","CQP","29479114752","60.9","United States"
"834","Extra Space Storage","EXR","29461583872","133.49","United States"
"835","Roblox","RBLX","29418000384","41.18","United States"
"836","Mindray","300760.SZ","29192363091","24.0901","China"
"837","Formosa Petrochemical","6505.TW","29114997229","3.05638","Taiwan"
"838","Experian","EXPGF","29102286848","33.1","Ireland"
"839","Foshan Haitian Flavouring and Food","603288.SS","29089400990","4.97166","China"
"840","Zoetis","ZTS","29049620480","70.3","United States"
"841","Yankuang Energy (Yanzhou Coal Mining)","600188.SS","29044589382","2.89379","China"
"842","7-Eleven","3382.T","29022017918","12.8016","Japan"
"843","Samsung Electro-Mechanics","009155.KS","28997337819","383.831","South Korea"
"844","Nomura Holdings","NMR","28962883584","9.91","Japan"
"845","Adidas","ADS.DE","28929041622","165.249","Germany"
"846","Kinross Gold","KGC","28849375232","24.32","Canada"
"847","HeidelbergCement","HEI.DE","28802012220","163.832","Germany"
"848","Hapag-Lloyd","HLAG.DE","28755340113","163.605","Germany"
"849","Ryanair","RYAAY","28750182400","55.49","Ireland"
"850","Transurban","TCL.AX","28688106575","9.19328","Australia"
"851","Bajaj Finserv","BAJAJFINSV.NS","28657019536","17.9079","India"
"852","SMC corp","6273.T","28644321043","458.472","Japan"
"853","Neste","NESTE.HE","28632030548","37.2676","Finland"
"854","Vestas Wind Systems","VWS.CO","28540710343","29.2315","Denmark"
"855","Crown Castle","CCI","28535296000","67.07","United States"
"856","Chroma ATE Inc.","2360.TW","28407951569","67.0646","Taiwan"
"857","Haier Smart Home","600690.SS","28406058174","3.0534","China"
"858","Fresenius","FRE.DE","28225720829","50.1134","Germany"
"859","Brookfield Infrastructure Partners","BIP","28101869568","35.49","Bermuda"
"860","LG Electronics","066570.KS","28086794671","156.553","South Korea"
"861","Emaar Properties","EMAAR.AE","28062707836","3.17495","United Arab Emirates"
"862","Teledyne Technologies","TDY","28056463360","605.59","United States"
"863","China Resources Land","1109.HK","28048587233","3.93336","Hong Kong"
"864","WuXi Biologics","WXXWY","28032210944","13.62","China"
"865","Kongsberg Gruppen","KOG.OL","27970928114","31.7993","Norway"
"866","Reddit","RDDT","27966756864","145.36","United States"
"867","China National Nuclear Power","601985.SS","27826936073","1.35292","China"
"868","Kraft Heinz","KHC","27807567872","23.45","United States"
"869","Tenaris","TS","27790333952","55.05","Luxembourg"
"870","Ameren","AEE","27753537536","100.25","United States"
"871","Banco BPM","BAMI.MI","27744150595","18.4297","Italy"
"872","HP","HPQ","27712036864","30.73","United States"
"873","Coal India","COALINDIA.NS","27683478807","4.49208","India"
"874","Moore Threads","688795.SS","27605744741","58.7321","China"
"875","Mitsubishi Estate","8802.T","27604985639","23.0384","Japan"
"876","AIB Group (Allied Irish Banks)","A5G.IR","27553319726","13.1576","Ireland"
"877","Aviva","AV.L","27490596820","9.19096","United Kingdom"
"878","Gazprom","GAZP.ME","27441996363","1.15","Russia"
"879","China Coal Energy Company Limited","601898.SS","27371703309","2.06444","China"
"880","Grupo ACS","ACS.MC","27340109466","104.819","Spain"
"881","Cboe Global Markets","CBOE","27334817792","261.75","United States"
"882","Ørsted","ORSTED.CO","27267059380","20.6403","Denmark"
"883","Hansoh Pharma","3692.HK","27262461353","4.49673","China"
"884","DSM-Firmenich","DSFIR.AS","27213126504","111.134","Switzerland"
"885","Nan Ya PCB","8046.TW","27198422741","42.092","Taiwan"
"886","MongoDB","MDB","27162793984","337.19","United States"
"887","Publicis Groupe","PUB.PA","27118235840","108.594","France"
"888","Fortis","FTS","27108354048","53.06","Canada"
"889","Williams-Sonoma","WSM","27081930752","229.96","United States"
"890","Dollar General","DG","27056441344","122.64","United States"
"891","Inpex","1605.T","27016130876","23.3638","Japan"
"892","TechnipFMC","FTI","27000516608","68.85","United Kingdom"
"893","Citizens Financial Group","CFG","26908985344","63.89","United States"
"894","Cognizant Technology Solutions","CTSH","26885320704","56.84","United States"
"895","China Everbright Bank","601818.SS","26881104664","0.454952","China"
"896","Willis Towers Watson","WTW","26800054272","288.57","United Kingdom"
"897","China State Construction Engineering","601668.SS","26749776053","0.647375","China"
"898","George Weston","WN.TO","26732887875","71.421","Canada"
"899","GlobalFoundries","GFS","26678054912","47.86","United States"
"900","ST Engineering","S63.SI","26676997577","8.55222","Singapore"
"901","Bank Rakyat Indonesia","BBRI.JK","26660815935","0.17706","Indonesia"
"902","Atmos Energy","ATO","26632597504","157.6","United States"
"903","Astellas Pharma","4503.T","26602696064","14.8369","Japan"
"904","Supermicro","SMCI","26534731776","41.02","United States"
"905","Nestlé India","NESTLEIND.NS","26519846814","13.7529","India"
"906","First Quantum Minerals","FM.TO","26513887877","31.7834","Canada"
"907","West Pharmaceutical Services","WST","26505623552","376.63","United States"
"908","Tower Semiconductor","TSEM","26497912832","234.43","Israel"
"909","Exor","EXO.AS","26423984761","80.2721","Netherlands"
"910","Fresnillo","FNLPF","26417633280","35.85","Mexico"
"911","Hexagon AB","HEXA-B.ST","26409678513","9.83829","Sweden"
"912","Mediobanca","MB.MI","26408966095","32.7438","Italy"
"913","Gulf Development Public Company","GULF.BK","26407678051","1.7676","Thailand"
"914","Roivant Sciences","ROIV","26364790784","36.5","United Kingdom"
"915","Michelin","ML.PA","26354799935","36.9476","France"
"916","Halliburton","HAL","26348445696","31.54","United States"
"917","Qnity Electronics","Q","26295097344","125.61","United States"
"918","PT DCI Indonesia Tbk","DCII.JK","26279603211","11.0245","Indonesia"
"919","OMV","OMV.F","26224232786","80.4422","Austria"
"920","Sampo","SAMPO.HE","26178134212","9.94104","Finland"
"921","nVent Electric","NVT","26169190400","161.68","United Kingdom"
"922","New China Life Insurance","601336.SS","26151329924","8.38305","China"
"923","EchoStar","ECHO","26141435904","89.89","United States"
"924","Anta Sports","2020.HK","26095813685","9.41917","China"
"925","DMart","DMART.NS","26058576631","39.9521","India"
"926","Veolia","VIE.PA","26022792720","35.068","France"
"927","Life Insurance Corporation of India (LIC)","LICI.NS","25898355148","4.0946","India"
"928","Pembina Pipeline","PBA","25896644608","44.53","Canada"
"929","Yili Group","600887.SS","25805283910","4.07965","China"
"930","American Water","AWK","25795022848","129.8","United States"
"931","Corpay","CPAY","25784524800","392.7","United States"
"932","Airports of Thailand","AOT.BK","25784153462","1.80489","Thailand"
"933","Zoom","ZM","25780551680","88.355","United States"
"934","ATI Inc.","ATI","25729392640","188.95","United States"
"935","SharkNinja","SN","25700605952","182.44","United States"
"936","Divis Laboratories","DIVISLAB.NS","25700497990","96.8118","India"
"937","Quest Diagnostics","DGX","25603307520","231.97","United States"
"938","MTR Corporation","0066.HK","25584064525","4.12455","Hong Kong"
"939","Sungrow Power Supply","300274.SZ","25581152549","12.3389","China"
"940","Pop Mart International Group","9992.HK","25580894520","19.3482","China"
"941","Hana Financial Group","086790.KS","25562102497","95.6998","South Korea"
"942","Dover Corporation","DOV","25548838912","189.7","United States"
"943","BT Group","BT-A.L","25547776364","2.59273","United Kingdom"
"944","VICI Properties","VICI","25544998912","23.2","United States"
"945","National Bank of Kuwait","NBK.KW","25516309673","2779.58","Kuwait"
"946","Verbund AG","OEWA.F","25504720719","73.4127","Austria"
"947","DTE Energy","DTE","25467897856","122.39","United States"
"948","Lens Technology","300433.SZ","25433073351","4.81802","China"
"949","Fujifilm","4901.T","25394339686","21.2329","Japan"
"950","Mitsui Fudosan","8801.T","25352264654","9.41699","Japan"
"951","W. R. Berkley","WRB","25325142016","68.22","United States"
"952","VeriSign","VRSN","25297534976","279.84","United States"
"953","Powergrid Corporation of India","POWERGRID.NS","25267059098","2.71671","India"
"954","Insmed","INSM","25251452928","115.63","United States"
"955","FirstEnergy","FE","25242736640","43.64","United States"
"956","EnBW Energie","EBK.DE","25231979141","77.7778","Germany"
"957","ADNOC Drilling Company","ADNOCDRILL.AE","25225324070","1.58","United Arab Emirates"
"958","Copart","CPRT","25140606976","27.14","United States"
"959","Symbotic","SYM","25128691712","41.51","United States"
"960","Dassault Aviation","AM.PA","25088454284","325.624","France"
"961","H&amp;M","HM-B.ST","25071092545","15.705","Sweden"
"962","Klabin","KLBN11.SA","25064238166","3.52716","Brazil"
"963","LabCorp","LH","25044490240","308.81","United States"
"964","Hindustan Zinc","HINDZINC.NS","25024823083","5.92259","India"
"965","E.SUN Bank","2884.TW","25009493516","1.40883","Taiwan"
"966","Amadeus IT Group","AMS.MC","24989683566","59.5011","Spain"
"967","Otis Worldwide","OTIS","24983328768","65.63","United States"
"968","Incyte","INCY","24972361728","123.2","United States"
"969","Coupang","CPNG","24861640704","13.85","United States"
"970","Las Vegas Sands","LVS","24819908608","38.32","United States"
"971","F5","FFIV","24806670336","438.07","United States"
"972","BioNTech","BNTX","24761214976","98.57","Germany"
"973","Aristocrat","ALL.AX","24731902486","41.619","Australia"
"974","Cincinnati Financial","CINF","24729919488","161.13","United States"
"975","Helvetia Baloise Holding AG","HBAN.SW","24717040438","249.628","Switzerland"
"976","CLP Group","0002.HK","24682621862","9.76968","Hong Kong"
"977","International Consolidated Airlines","BABWF","24663492608","5.65","Spain"
"978","Northern Star","NST.AX","24617676011","17.2779","Australia"
"979","Canon","7751.T","24614504051","29.4887","Japan"
"980","PPL","PPL","24517912576","32.58","United States"
"981","Suzuki Motor","7269.T","24500882901","12.6995","Japan"
"982","Expeditors International","EXPD","24459036672","188.16","United States"
"983","QBE Insurance","QBE.AX","24433373153","16.3541","Australia"
"984","Largan Precision","3008.TW","24425800054","186.744","Taiwan"
"985","VAT Group","VACN.SW","24425106387","815.069","Switzerland"
"986","Principal Financial Group","PFG","24401506304","113.97","United States"
"987","Imperial Brands","IMB.L","24349413510","32.3694","United Kingdom"
"988","Tata Steel","TATASTEEL.NS","24333883300","1.95072","India"
"989","CenterPoint Energy","CNP","24333125632","36.94","United States"
"990","Trip.com","TCOM","24331808768","38.64","China"
"991","Banco do Brasil","BBAS3.SA","24291202981","4.25499","Brazil"
"992","AXIA Energia SA","AXIA3.SA","24272979031","10.5796","Brazil"
"993","Hubbell","HUBB","24259131392","459.09","United States"
"994","LPL Financial","LPLA","24256561152","308.05","United States"
"995","East Japan Railway","9020.T","24254319903","21.4817","Japan"
"996","Philips","PHG","24210878464","24.77","Netherlands"
"997","Fiserv","FISV","24120938496","45.36","United States"
"998","Eversource Energy","ES","24069517312","63.9","United States"
"999","Sany Heavy Industry","600031.SS","24057337904","2.61635","China"
"1000","Aluminum Corporation of China","601600.SS","23981835622","1.33652","China"
"1001","Huatai Securities","601688.SS","23967506954","2.65513","China"
"1002","Asian Paints","ASIANPAINT.NS","23966106042","25","India"
"1003","Fortum","FORTUM.HE","23855841608","26.5873","Finland"
"1004","Guardant Health","GH","23850684416","177.73","United States"
"1005","InterContinental Hotels Group","IHG","23833483264","163.1","United Kingdom"
"1006","Hyundai Mobis","012330.KS","23788601005","268.902","South Korea"
"1007","Shriram Transport Finance","SHRIRAMFIN.NS","23709416329","10.0761","India"
"1008","Abu Dhabi Islamic Bank (ADIB)","ADIB.AE","23656213065","6.51","United Arab Emirates"
"1009","Rubrik","RBRK","23622942720","114.77","United States"
"1010","SK Group","034730.KS","23586854973","432.454","South Korea"
"1011","China Jushi Co., Ltd.","600176.SS","23586500749","5.89201","China"
"1012","Entegris","ENTG","23571472384","154.77","United States"
"1013","PPG Industries","PPG","23568244736","106.02","United States"
"1014","Xylem","XYL","23565824000","100.93","United States"
"1015","Veralto","VLTO","23562627072","96.65","United States"
"1016","Fox Corporation","FOX","23542040576","55.83","United States"
"1017","Bandai Namco","7832.T","23532872845","36.6918","Japan"
"1018","ENEOS Holdings","5020.T","23464833955","8.83321","Japan"
"1019","Technoprobe","TPRO.MI","23463856278","36.644","Italy"
"1020","Lasertec","6920.T","23460003781","261.519","Japan"
"1021","Raiffeisen Bank International","RAW.F","23452685159","71.4286","Austria"
"1022","ULTA Beauty","ULTA","23426392064","547.89","United States"
"1023","First Citizens BancShares","FCNCA","23415832576","2073.46","United States"
"1024","NN Group","NN.AS","23397556344","89.9773","Netherlands"
"1025","Affirm","AFRM","23383293952","69.3","United States"
"1026","S.F. Express","002352.SZ","23340212863","4.5719","China"
"1027","Formula One Group","FWONK","23335946240","93.08","United States"
"1028","Synchrony Financial","SYF","23335598080","71.72","United States"
"1029","Alfa Laval","ALFA.ST","23326508870","56.4361","Sweden"
"1030","Industrivarden","INDU-A.ST","23315854100","53.9845","Sweden"
"1031","Smurfit Westrock","SW","23278327808","44.38","Ireland"
"1032","GF Securities","000776.SZ","23180405321","2.96241","China"
"1033","Ems-Chemie","EMSN.SW","23135520024","989.161","Switzerland"
"1034","AST SpaceMobile","ASTS","23116550144","59.4","United States"
"1035","Regions Financial","RF","22908385280","26.89","United States"
"1036","MFHC","2886.TW","22901226995","1.5439","Taiwan"
"1037","China Minsheng Bank","600016.SS","22857767116","0.522076","China"
"1038","Circle Internet Group","CRCL","22816126976","83.7","United States"
"1039","AerCap","AER","22807408640","145.1","Ireland"
"1040","Coca-Cola FEMSA","KOF","22791929856","108.49","Mexico"
"1041","Tapestry","TPR","22754578432","114.12","United States"
"1042","Aeon","8267.T","22717183871","8.21115","Japan"
"1043","Texas Pacific Land Corporation","TPL","22671978496","328.7","United States"
"1044","Aker BP","AKRBP.OL","22671463529","35.9447","Norway"
"1045","MTU Aero Engines","MTX.DE","22659860731","420.635","Germany"
"1046","Zhejiang Sanhua Intelligent Controls Co.,Ltd","002050.SZ","22596732652","5.36993","China"
"1047","Roku","ROKU","22580463616","152.14","United States"
"1048","PulteGroup","PHM","22572632064","118.5","United States"
"1049","LY Corporation","4689.T","22547281491","3.28701","Japan"
"1050","Central Japan Railway","9022.T","22538524291","23.7403","Japan"
"1051","Church & Dwight","CHD","22522509312","94.95","United States"
"1052","Constellation Oil Services Holding","QG21.F","22466204822","14.7812","Luxembourg"
"1053","EDP Group","EDP.F","22445974770","5.42971","Portugal"
"1054","ASUS","2357.TW","22421631507","30.1869","Taiwan"
"1055","LS ELECTRIC Co., Ltd.","010120.KS","22415850727","150.659","South Korea"
"1056","PBBank (Public Bank Bhd)","1295.KL","22387792204","1.15337","Malaysia"
"1057","SGS","SGSN.SW","22376634893","113.136","Switzerland"
"1058","Bayan Resources","BYAN.JK","22364514852","0.670935","Indonesia"
"1059","China Securities (CSC Financial)","601066.SS","22314335936","3.43526","China"
"1060","T. Rowe Price","TROW","22293641216","104.51","United States"
"1061","Samsara","IOT","22235428864","37.97","United States"
"1062","Genmab","GMAB","22197762048","35.57","Denmark"
"1063","Casey's General Stores","CASY","22172405760","599.9","United States"
"1064","Darden Restaurants","DRI","22153132032","195.11","United States"
"1065","Grupo Cibest (Bancolombia)","CIB","22145236992","93.77","Colombia"
"1066","China Merchants Securities","600999.SS","22130480280","2.54475","China"
"1067","Unipol Assicurazioni","UNI.MI","22126047923","30.8503","Italy"
"1068","Bank of Nanjing","601009.SS","22075164729","1.7855","China"
"1069","Next plc","NXT.L","22053952676","193.198","United Kingdom"
"1070","Global Payments","GPN","22050650112","83.33","United States"
"1071","Coles Group","COL.AX","21966659908","16.3436","Australia"
"1072","China International Capital Corporation","601995.SS","21954513578","4.54803","China"
"1073","Nippon Steel","5401.T","21953782201","4.20064","Japan"
"1074","Tradeweb","TW","21935597568","100.61","United States"
"1075","Hindalco Industries","HINDALCO.NS","21890767128","9.86143","India"
"1076","Uniper","UN0.DE","21886202054","52.551","Germany"
"1077","ZTE","000063.SZ","21862695726","4.57041","China"
"1078","Adani Green Energy","ADANIGREEN.NS","21846792870","13.2632","India"
"1079","Grasim Industries","GRASIM.NS","21811544909","32.1567","India"
"1080","International Flavors & Fragrances","IFF","21764620288","85.25","United States"
"1081","Verisk Analytics","VRSK","21741764608","165.94","United States"
"1082","MACOM Technology Solutions","MTSI","21709963264","284.27","United States"
"1083","Rivian","RIVN","21674473472","14.97","United States"
"1084","Loews Corporation","L","21655027712","105.93","United States"
"1085","Innovent Biologics","1801.HK","21649110303","12.4144","China"
"1086","Telefónica","TEF.MC","21619641627","3.84127","Spain"
"1087","Terumo","4543.T","21608242445","14.6486","Japan"
"1088","Hydro One","H.TO","21584032080","35.9676","Canada"
"1089","Markel Group","MKL","21559642112","1740.09","United States"
"1090","J. B. Hunt","JBHT","21529391104","229.28","United States"
"1091","KeyCorp (KeyBank)","KEY","21470627840","20.12","United States"
"1092","Pershing Square Inc.","PS","21424001024","53.56","United States"
"1093","Bank of Ireland Group","BIRG.IR","21404603956","22.6984","Ireland"
"1094","MTN Group","MTN.JO","21401240300","11.6752","South Africa"
"1095","Chocoladefabriken Lindt &amp; Sprüngli","LISP.SW","21374717347","9358.06","Switzerland"
"1096","Geberit","GEBN.SW","21369487095","660.4","Switzerland"
"1097","Snam","SRG.MI","21356225182","6.36281","Italy"
"1098","Naver","035420.KS","21322260819","142.334","South Korea"
"1099","Nornickel","GMKN.ME","21312423198","1.39","Russia"
"1100","Riyad Bank","1010.SR","21261617010","5.3376","Saudi Arabia"
"1101","Dollar Tree","DLTR","21258514432","113.3","United States"
"1102","Alpha Dhabi","ALPHADHABI.AE","21238938660","2.12","United Arab Emirates"
"1103","Arxis, Inc.","ARXS","21218197504","49.25","United States"
"1104","China Unicom","0762.HK","21215842796","0.693373","Hong Kong"
"1105","Ralph Lauren","RL","21206511616","355.92","United States"
"1106","Multiply Group","MULTIPLY.AE","21175809772","0.61","United Arab Emirates"
"1107","Omnicom Group","OMC","21130360832","74.14","United States"
"1108","Bank Mandiri","BMRI.JK","21046770858","0.225501","Indonesia"
"1109","Shenzhen Inovance","300124.SZ","21038796079","7.76402","China"
"1110","CNH Industrial","CNH","21002553344","13.06","United Kingdom"
"1111","Coca-Cola HBC","CCH.L","20962641414","57.5163","Switzerland"
"1112","Legal &amp; General","LGEN.L","20939197887","3.89306","United Kingdom"
"1113","Terna","TRN.MI","20914351782","10.424","Italy"
"1114","Kingspan Group","KRX.IR","20880469225","115.986","Ireland"
"1115","Amundi","AMUN.PA","20873055094","103.741","France"
"1116","Erste Bank Polska","EBP.WA","20850847710","204.041","Poland"
"1117","CK Infrastructure","1038.HK","20842341798","8.27205","Hong Kong"
"1118","Fuyao Glass Industry Group","600660.SS","20842134313","7.98628","China"
"1119","CK Asset Holdings","1113.HK","20840671176","5.95485","Hong Kong"
"1120","Viatris","VTRS","20812466176","18.12","United States"
"1121","Bending Spoons","BSP","20806608896","32.755","Italy"
"1122","Packaging Corporation of America","PKG","20784850944","233.28","United States"
"1123","Bunge Global SA","BG","20775761920","108.14","United States"
"1124","XPO Logistics","XPO","20767625216","177.37","United States"
"1125","Tenet Healthcare","THC","20741695488","257.6","United States"
"1126","KGI Financial Holding","2883.TW","20715052197","1.22035","Taiwan"
"1127","Lundin Mining","LUN.TO","20658632877","24.2672","Canada"
"1128","United Therapeutics","UTHR","20650582016","481.47","United States"
"1129","CIMB Group","1023.KL","20632719949","1.91166","Malaysia"
"1130","Amrize","AMRZ","20624564224","37.71","Switzerland"
"1131","Edison International","EIX","20610637824","53.56","United States"
"1132","Southwest Airlines","LUV","20585881600","42.08","United States"
"1133","Bank of Shanghai","601229.SS","20559019086","1.4469","China"
"1134","SoFi","SOFI","20548882432","15.91","United States"
"1135","JX Advanced Metals","5016.T","20547126100","22.9938","Japan"
"1136","Sinopac Financial Holdings","2890.TW","20546914833","1.38998","Taiwan"
"1137","Steris","STE","20538398720","210.65","Ireland"
"1138","Eicher Motors","EICHERMOT.NS","20509040512","74.7083","India"
"1139","Samsung Fire & Marine Insurance Co., Ltd.","000810.KS","20467982348","463.396","South Korea"
"1140","Dr. Sulaiman Al Habib Medical Services Group Company","4013.SR","20452789816","58.4365","Saudi Arabia"
"1141","TVS Motor","TVSMOTOR.NS","20433538235","42.9975","India"
"1142","NRG Energy","NRG","20426151936","97.17","United States"
"1143","TD Synnex","SNX","20412243968","258.19","United States"
"1144","Banco de Chile","BCH","20329687040","40.25","Chile"
"1145","Brown &amp; Brown","BRO","20277387264","60.6","United States"
"1146","US Foods","USFD","20270188544","93.7","United States"
"1147","Royal Gold","RGLD","20244025344","238.93","United States"
"1148","HENGTONG Optic-Electric","600487.SS","20201313157","8.19063","China"
"1149","Banco Comercial Português (Millennium bcp)","BCP.LS","20183396922","1.38549","Portugal"
"1150","Galp Energia","GZ5.F","20182296296","25.839","Portugal"
"1151","Kaō","4452.T","20180389104","22.3047","Japan"
"1152","Expand Energy","EXE","20138285056","84.18","United States"
"1153","Eurobank Ergasias Services and Holdings","EUROB.AT","20051927865","5.58844","Greece"
"1154","Geely","0175.HK","20043865844","1.85834","China"
"1155","China Tower","0788.HK","20030843344","1.14585","China"
"1156","Lennar","LEN","19996704768","83.01","United States"
"1157","Dow","DOW","19943827456","27.61","United States"
"1158","Kubota","6326.T","19938851963","17.7015","Japan"
"1159","Lite-On Technology","2301.TW","19927792611","8.77965","Taiwan"
"1160","Rongsheng Petrochemical","002493.SZ","19907361615","1.99284","China"
"1161","Indian Oil","IOC.NS","19866541923","1.40686","India"
"1162","Traton","8TRA.DE","19852607781","39.7052","Germany"
"1163","Hua Nan Financial Holdings","2880.TW","19825172722","1.42453","Taiwan"
"1164","Mizrahi-Tefahot","MZTF.TA","19821559691","76.099","Israel"
"1165","Advantech","2395.TW","19818671617","22.8051","Taiwan"
"1166","InterGlobe Aviation (IndiGo)","INDIGO.NS","19776476698","51.1461","India"
"1167","Reliance","RS","19767212032","387.19","United States"
"1168","Banca Mediolanum","BMED.MI","19748598641","26.712","Italy"
"1169","YPF S.A.","YPF","19725297664","50.31","Argentina"
"1170","Curtiss-Wright","CW","19717451776","533.85","United States"
"1171","Industrias Peñoles","PE&OLES.MX","19697732348","49.5571","Mexico"
"1172","Banco Sabadell","SAB.MC","19620937657","4.1576","Spain"
"1173","Amcor","AMCR","19614214144","42.46","Switzerland"
"1174","CMS Energy","CMS","19600949248","63.45","United States"
"1175","SiTime","SITM","19589175296","651.43","United States"
"1176","CRRC","1766.HK","19514948953","0.67999","China"
"1177","Santos","STO.AX","19508828659","6.00683","Australia"
"1178","Capgemini","CAP.PA","19479850895","117.347","France"
"1179","Woodward","WWD","19472130048","329.78","United States"
"1180","Alinma Bank","1150.SR","19416700891","6.47223","Saudi Arabia"
"1181","Carpenter Technology","CRS","19414073344","391.74","United States"
"1182","Woori Financial Group","WF","19336628224","79.68","South Korea"
"1183","Baosteel","600019.SS","19332249978","0.88753","China"
"1184","Borouge","BOROUGE.AE","19315494666","0.64","United Arab Emirates"
"1185","KEPCO","9503.T","19290471325","17.3155","Japan"
"1186","Constellation Brands","STZ","19261605888","112.77","United States"
"1187","Beiersdorf","BEI.DE","19221171321","87.9592","Germany"
"1188","Torrent Pharmaceuticals","TORNTPHARM.NS","19145208950","50.3334","India"
"1189","ASICS Corporation","7936.T","19136405828","26.9941","Japan"
"1190","Pan American Silver","PAAS","19130474496","46.14","Canada"
"1191","Singapore Exchange","S68.SI","19095422083","17.8321","Singapore"
"1192","Evolution Mining","EVN.AX","19066959322","9.32576","Australia"
"1193","Knorr-Bremse","KBX.DE","19025985549","118.027","Germany"
"1194","First Solar","FSLR","19014629376","176.93","United States"
"1195","Hyosung Heavy Industries Corporation","298040.KS","19009432957","2041.45","South Korea"
"1196","Wärtsilä","WRT1V.HE","19003174267","32.2336","Finland"
"1197","China Northern Rare Earth (CNREHT)","600111.SS","18992037586","5.25358","China"
"1198","Snap-on","SNA","18987991040","367.08","United States"
"1199","Nutanix","NTNX","18964262912","70.09","United States"
"1200","Julius Bär","BAER.SW","18937278335","92.034","Switzerland"
"1201","Shanghai International Port Group (SIPG)","600018.SS","18925384717","0.812947","China"
"1202","China Galaxy Securities","601881.SS","18887287763","1.72733","China"
"1203","Essex Property Trust","ESS","18880950272","273.93","United States"
"1204","Sociedad Química y Minera","SQM","18874947584","66.08","Chile"
"1205","NiSource","NI","18856302592","39.32","United States"
"1206","Shandong Gold Mining","600547.SS","18841299409","4.08711","China"
"1207","Bank Pekao (Bank Polska Kasa Opieki)","PEO.WA","18826118576","71.7267","Poland"
"1208","LyondellBasell","LYB","18794348544","58.18","United States"
"1209","BCE Inc.","BCE","18781069312","20.14","Canada"
"1210","HF Sinclair","DINO","18772197376","105.59","United States"
"1211","SAIC Motor","600104.SS","18707260498","1.62739","China"
"1212","Sumitomo Realty &amp; Development","8830.T","18697664449","20.244","Japan"
"1213","Onto Innovation","ONTO","18623698944","304.69","United States"
"1214","SK Innovation","096770.KS","18616989268","109.403","South Korea"
"1215","Best Buy","BBY","18613334016","88.75","United States"
"1216","China National Uranium","001280.SZ","18590189681","8.98866","China"
"1217","Western Midstream","WES","18568065024","44.94","United States"
"1218","Nippon Yūsen","9101.T","18517370839","45.8855","Japan"
"1219","AVIC Shenyang Aircraft Company Limited","600760.SS","18513306588","6.53043","China"
"1220","China Overseas Land &amp; Investment","0688.HK","18511873990","1.69137","Hong Kong"
"1221","Bouygues","EN.PA","18467092869","48.3107","France"
"1222","Bank of Hangzhou","600926.SS","18446894445","2.54475","China"
"1223","Wistron Corporation","3231.TW","18430018599","5.79551","Taiwan"
"1224","Kaspi.kz Joint Stock Company","KKS.F","18425332943","95.2381","Kazakhstan"
"1225","Konami Holdings","9766.T","18408551430","135.8","Japan"
"1226","Tenaga Nasional","TNABY","18376370176","12.61","Malaysia"
"1227","ITT","ITT","18375837696","204.54","United States"
"1228","Nordson","NDSN","18360735744","329.53","United States"
"1229","PT Amman Mineral Internasional Tbk","AMMN.JK","18345015074","0.253341","Indonesia"
"1230","Partners Group","PGHN.SW","18344100137","711.477","Switzerland"
"1231","Coeur Mining","CDE","18338359296","17.84","United States"
"1232","Solar Industries India","SOLARINDS.NS","18318626449","202.438","India"
"1233","IHI Corporation","7013.T","18309907499","17.2709","Japan"
"1234","Arca Continental","AC.MX","18305052457","10.7791","Mexico"
"1235","KE Holdings","BEKE","18264320000","16.6","China"
"1236","Telenor","TEL.OL","18221062104","13.4363","Norway"
"1237","SDIC Power Holdings","600886.SS","18220254407","2.27625","China"
"1238","Sabesp","SBS","18215952384","5.18","Brazil"
"1239","SS&C Technologies","SSNC","18206879744","77.59","United States"
"1240","The Saudi British Bank","1060.SR","18191869766","8.85338","Saudi Arabia"
"1241","Telefonica Brasil","VIV","18183000064","11.38","Brazil"
"1242","Euronext","ENX.PA","18172602321","182.2","Netherlands"
"1243","Broadridge Financial Solutions","BR","18171258880","160.95","United States"
"1244","Evergy","EVRG","18152554496","78.73","United States"
"1245","General Mills","GIS","18083119104","33.82","United States"
"1246","Brambles","BXB.AX","18042492410","13.5755","Australia"
"1247","Resonac Holdings Corporation","4004.T","18003875491","94.9036","Japan"
"1248","Vodacom","VOD.JO","17989962400","9.31272","South Africa"
"1249","MKS Instruments","MKSI","17987622912","266.02","United States"
"1250","Sonova","SOON.SW","17977220001","302.623","Switzerland"
"1251","Air China","601111.SS","17943217194","0.875597","China"
"1252","Swire Properties","1972.HK","17935039479","3.11508","Hong Kong"
"1253","Tyson Foods","TSN","17934839808","50.98","United States"
"1254","QNB Finansbank","QNBTR.IS","17934797044","3.26087","Turkey"
"1255","Zebra Technologies","ZBRA","17908725760","375.97","United States"
"1256","National Bank of Greece","ETE.AT","17887249986","19.9603","Greece"
"1257","China Steel","2002A.TW","17834337823","1.1701","Taiwan"
"1258","HANMI Semiconductor","042700.KS","17819397262","187.863","South Korea"
"1259","WESCO International","WCC","17790416896","365.06","United States"
"1260","IonQ","IONQ","17789505536","43.91","United States"
"1261","Lattice Semiconductor","LSCC","17782437888","125.45","United States"
"1262","Hanwha Ocean (DSME)","042660.KS","17762554751","57.9798","South Korea"
"1263","Permian Resources","PR","17756211200","21.2","United States"
"1264","Mashreqbank","MASQ.AE","17753082791","88.4956","United Arab Emirates"
"1265","Nomura Research Institute","4307.T","17745932817","31.6834","Japan"
"1266","ageas","AGS.BR","17744022345","84.8073","Belgium"
"1267","Samvardhana Motherson","MOTHERSON.NS","17742237418","1.68473","India"
"1268","SBI Life Insurance","SBILIFE.NS","17736788603","17.6766","India"
"1269","Telia Company","TELIA.ST","17686132225","4.49787","Sweden"
"1270","International Paper","IP","17645268992","33.32","United States"
"1271","IHH Healthcare","Q0F.SI","17629194310","1.94049","Malaysia"
"1272","Galaxy Entertainment","0027.HK","17627035223","4.02513","Hong Kong"
"1273","Halma","HLMA.L","17625919289","46.6691","United Kingdom"
"1274","Straumann","STMN.SW","17619043447","110.498","Switzerland"
"1275","Toast","TOST","17605879808","30.46","United States"
"1276","Dupont De Nemours","DD","17568724992","130.12","United States"
"1277","Al Dar Properties","ALDAR.AE","17555769799","2.23","United Arab Emirates"
"1278","SCREEN Holdings","7735.T","17547004234","92.7982","Japan"
"1279","Great Wall Motors","601633.SS","17540918387","2.05101","China"
"1280","Wilmar International","F34.SI","17539986617","2.80901","Singapore"
"1281","CF Industries","CF","17511333888","115.71","United States"
"1282","Essity","ESSITY-B.ST","17507191444","25.9466","Sweden"
"1283","Nippon Paint","4612.T","17506422743","7.54763","Japan"
"1284","Bank of Beijing","601169.SS","17503515504","0.827864","China"
"1285","Genuine Parts Company","GPC","17501296640","126.95","United States"
"1286","HD Hyundai Electric","267260.KS","17500891635","486.234","South Korea"
"1287","C. H. Robinson","CHRW","17493803008","149.71","United States"
"1288","Unity Software","U","17480333312","39.72","United States"
"1289","Chery Automobile","9973.HK","17472382596","3.00802","China"
"1290","First Financial Holding","2892.TW","17457718364","1.21407","Taiwan"
"1291","Zimmer Biomet","ZBH","17421979648","91.34","United States"
"1292","Kazatomprom","0ZQ.F","17408062120","67.1202","Kazakhstan"
"1293","Hyundai Motor India","HYUNDAI.NS","17403855083","21.419","India"
"1294","Daiwa House","1925.T","17387983126","14.033","Japan"
"1295","Nidec","6594.T","17369660910","15.1527","Japan"
"1296","Medpace","MEDP","17364119552","622.11","United States"
"1297","FTAI Aviation","FTAI","17350307840","168.93","United States"
"1298","Furukawa Electric","5801.T","17320578112","24.6207","Japan"
"1299","Grupo Carso","GCARSOA1.MX","17319067955","7.68856","Mexico"
"1300","Hongkong Land","H78.SI","17302837248","8.12","Hong Kong"
"1301","SBA Communications","SBAC","17272205312","162.81","United States"
"1302","Magna International","MGA","17271080960","64.56","Canada"
"1303","BE Semiconductor","BESI.AS","17270184356","218.254","Netherlands"
"1304","Fidelity National Information Services","FIS","17237917696","33.35","United States"
"1305","B3","B3SA3.SA","17211793913","3.45573","Brazil"
"1306","Krung Thai Bank","KTB.BK","17199060752","1.23061","Thailand"
"1307","East West Bancorp","EWBC","17197727744","125.52","United States"
"1308","Saudi Electricity","5110.SR","17190182006","4.12572","Saudi Arabia"
"1309","Associated British Foods","ABF.L","17181829245","24.6045","United Kingdom"
"1310","PTT Exploration and Production","PTTEP.BK","17173264751","4.32578","Thailand"
"1311","Doosan","000150.KS","17158004184","1007.09","South Korea"
"1312","Wolters Kluwer","WKL.AS","17149345394","77.0975","Netherlands"
"1313","Pernod Ricard","RI.PA","17130173839","68.0272","France"
"1314","KPN","KPN.AS","17064359201","4.52381","Netherlands"
"1315","Sumitomo Metal Mining","5713.T","17061193745","63.5455","Japan"
"1316","POSCO","PKX","17047948288","56.36","South Korea"
"1317","Revvity","RVTY","17047054336","152.77","United States"
"1318","Carlsberg","CARL-B.CO","17001801949","128.634","Denmark"
"1319","News Corp","NWS","16995180544","31.5","United States"
"1320","TPG Inc.","TPG","16989680640","43.5","United States"
"1321","IDEX","IEX","16987275264","230.43","United States"
"1322","Hengli Petrochemical","600346.SS","16978258492","2.41199","China"
"1323","COSCO Shipping Energy","600026.SS","16966943170","3.10113","China"
"1324","Burlington Stores","BURL","16963243008","270.05","United States"
"1325","Cellnex Telecom","CLNX.MC","16961375223","25.6689","Spain"
"1326","DLF","DLF.NS","16936206099","6.84205","India"
"1327","Fortive","FTV","16892349440","55.41","United States"
"1328","Plains All American Pipeline","PAA","16884205568","23.93","United States"
"1329","MasTec","MTZ","16882507776","210.23","United States"
"1330","Norsk Hydro","NHY.OL","16867145090","8.58257","Norway"
"1331","HD Korea Shipbuilding &amp; Offshore Engineering","009540.KS","16853314048","238.329","South Korea"
"1332","Adani Energy Solutions","ADANIENSOL.NS","16834417046","13.7654","India"
"1333","Hwatsing Technology","688120.SS","16826487761","33.9051","China"
"1334","Hong Kong and China Gas","0003.HK","16814980243","0.901131","Hong Kong"
"1335","Semtech","SMTC","16807945216","180.1","United States"
"1336","SEGRO","SGRO.L","16780929636","12.4028","United Kingdom"
"1337","KGHM Polska Miedź","KGH.WA","16765546158","83.8277","Poland"
"1338","FedEx Freight","FDXF","16755001344","112.06","United States"
"1339","APi Group","APG","16746211328","38.75","United States"
"1340","Vonovia","VNA.DE","16742656028","19.7336","Germany"
"1341","CSG N.V. (The Czechoslovak Group)","CSG.AS","16718820746","16.7188","Czech Republic"
"1342","ASR Nederland","ASRNL.AS","16686109636","82.7891","Netherlands"
"1343","Kuaishou Technology","1024.HK","16684166350","3.87983","China"
"1344","Alliant Energy","LNT","16682377216","64.34","United States"
"1345","Rogers Communications","RCI","16676754432","30.87","Canada"
"1346","Bankinter","BKT.MC","16659505373","18.5374","Spain"
"1347","Tata Motors","TATAMOTORS.NS","16633915542","4.51722","India"
"1348","Singapore Airlines","C6L.SI","16631631829","5.27374","Singapore"
"1349","Dynatrace","DT","16626290688","57.53","United States"
"1350","Zangge Mining Company","000408.SZ","16620573336","10.5937","China"
"1351","NVR","NVR","16614415360","6234.63","United States"
"1352","Franklin Resources","BEN","16598871040","32.67","United States"
"1353","Huaneng Power International","600011.SS","16584679570","1.04863","China"
"1354","Telecom Italia","TIT.MI","16579927109","7.77211","Italy"
"1355","Equifax","EFX","16545397760","140.83","United States"
"1356","Reinsurance Group of America","RGA","16517402624","252.94","United States"
"1357","SITC International","1308.HK","16481839388","6.12565","Hong Kong"
"1358","Henderson Land Development","0012.HK","16475908679","3.40314","Hong Kong"
"1359","SHEIN Global Holdings","0625.HK","16473844417","3.89768","China"
"1360","Clean Harbors","CLH","16452728832","311.68","United States"
"1361","SPEEH Hidroelectrica","H2O.RO","16450297460","36.5723","Romania"
"1362","Computershare","CPU.AX","16435759211","28.4165","Australia"
"1363","Tractor Supply","TSCO","16417974272","31.51","United States"
"1364","DWS Group","DWS.F","16405894715","82.0295","Germany"
"1365","Kasikornbank","KBANK.BK","16398687700","6.92124","Thailand"
"1366","Tourmaline Oil","TOU.TO","16372291184","42.1313","Canada"
"1367","Xi'an Eswin Material Technology Co.,Ltd.","688783.SS","16340321155","4.04684","China"
"1368","Tatneft","TATN.ME","16329156215","7.47","Russia"
"1369","IREN (Iris Energy)","IREN","16306147328","41.38","Australia"
"1370","WSP Global","WSP.TO","16291654278","120.843","Canada"
"1371","Evergreen Marine","2603.TW","16287978443","7.52317","Taiwan"
"1372","Ovintiv","OVV","16272378880","58.83","United States"
"1373","CDW Corporation","CDW","16216010752","129.71","United States"
"1374","Sartorius","SRT.DE","16167003186","234.127","Germany"
"1375","Power Assets","0006.HK","16161816049","7.58377","Hong Kong"
"1376","mBank","MBK.WA","16160532723","379.82","Poland"
"1377","DiDi","DIDIY","16136908800","3.58","China"
"1378","Bitmine Immersion Technologies","BMNR","16124240896","26.73","United States"
"1379","Jacobs Engineering","J","16115678208","136.48","United States"
"1380","EVE Energy","300014.SZ","16079284248","7.39857","China"
"1381","Powszechny Zakład Ubezpieczeń","PZU.WA","16077571808","18.6186","Poland"
"1382","BAWAG Group","0B2.F","16045724206","208.39","Austria"
"1383","Daiwa Securities Group","8601.T","16043957056","11.5543","Japan"
"1384","Keppel","BN4.SI","16000420373","8.9278","Singapore"
"1385","Korea Zinc","010130.KS","15955569773","782.395","South Korea"
"1386","Falabella","FALABELLA.SN","15951816216","6.35823","Chile"
"1387","Wipro","WIT","15928278016","1.61","India"
"1388","China Tourism Group Duty Free","601888.SS","15918203427","7.6611","China"
"1389","Luzhou Laojiao","000568.SZ","15893637202","10.798","China"
"1390","RBC Bearings","RBC","15891041280","501.94","United States"
"1391","Industries Qatar","IQCD.QA","15877925239","2.62445","Qatar"
"1392","ING Bank Slaski","ING.WA","15876147994","122.03","Poland"
"1393","Metso","METSO.HE","15867479713","19.161","Finland"
"1394","Amer Sports","AS","15848832000","27.24","Finland"
"1395","Futu Holdings","FUTU","15839174656","112.98","Hong Kong"
"1396","Zhongjin Gold","600489.SS","15834746205","3.26671","China"
"1397","Banco Santander-Chile","BSAC","15834186752","33.61","Chile"
"1398","Secom","9735.T","15826040604","39.6713","Japan"
"1399","Polyus","PLZL.ME","15824811692","11.45","Russia"
"1400","South32","S32.AX","15795291571","3.52461","Australia"
"1401","DigitalOcean","DOCN","15783760896","135.01","United States"
"1402","PharmaEssentia","6446.TW","15766754676","38.1655","Taiwan"
"1403","TCL Technology Group Corporation","000100.SZ","15746161651","0.717482","China"
"1404","Rede D'Or Sao Luiz","RDOR3.SA","15729096960","7.23966","Brazil"
"1405","Yangzijiang Shipbuilding (Holdings) Ltd.","BS6.SI","15705032963","3.99052","China"
"1406","Invitation Homes","INVH","15692859392","26.57","United States"
"1407","Pidilite","PIDILITIND.NS","15663317854","15.3782","India"
"1408","Shionogi","4507.T","15617339615","18.3523","Japan"
"1409","Host Hotels & Resorts","HST","15589662720","22.44","United States"
"1410","Akamai","AKAM","15586065408","108.45","United States"
"1411","GlobalWafers","6488.TWO","15544141219","32.5114","Taiwan"
"1412","Mitsui O.S.K. Lines","9104.T","15519446636","45.1645","Japan"
"1413","Continental","CON.DE","15487991362","77.4376","Germany"
"1414","Leidos","LDOS","15484190720","123.1","United States"
"1415","Sterling Infrastructure","STRL","15445366784","504.94","United States"
"1416","Millicom","TIGO","15385714688","91.74","Luxembourg"
"1417","EDP Renováveis","EDPR.LS","15342806279","14.4785","Spain"
"1418","Public Power Corporation","PPC.AT","15330074778","26.0998","Greece"
"1419","Annaly Capital Management","NLY","15315477504","20.32","United States"
"1420","Varun Beverages","VBL.NS","15312501569","4.52698","India"
"1421","Zhejiang Century Huatong","002602.SZ","15282292095","2.07339","China"
"1422","Hyatt Hotels","H","15267293184","162.01","United States"
"1423","FinecoBank","FBK.MI","15260795723","24.9433","Italy"
"1424","Kerry Group","KRZ.IR","15244364123","95.9184","Ireland"
"1425","Fisher & Paykel Healthcare","FPH.NZ","15241835462","25.9523","New Zealand"
"1426","Swedish Orphan Biovitrum","SOBI.ST","15233923642","43.6879","Sweden"
"1427","GFL Environmental","GFL","15229572096","42.2","Canada"
"1428","Nippon Sanso","4091.T","15208328561","35.1351","Japan"
"1429","Solventum","SOLV","15204383744","89.32","United States"
"1430","CVC Capital Partners plc","CVC.AS","15199476469","13.9456","Jersey"
"1431","Fabrinet","FN","15198282752","424.12","Cayman Islands"
"1432","PMetal (Press Metal Aluminium)","8869.KL","15164940646","1.84049","Malaysia"
"1433","RB Global","RBA","15162956800","81.39","Canada"
"1434","The Phoenix Holdings","PHOE.TA","15139993228","59.9479","Israel"
"1435","ABB India","ABB.NS","15099409204","71.2544","India"
"1436","Saudi Arabian Fertilizer Company","2020.SR","15088084646","31.6953","Saudi Arabia"
"1437","Talen Energy","TLN","15085325312","314.84","United States"
"1438","Jazz Pharmaceuticals","JAZZ","15082902528","232.35","Ireland"
"1439","Ball Corporation","BALL","15082865664","56.65","United States"
"1440","Türkiye Petrol Rafinerileri","TUPRS.IS","15068665318","7.82058","Turkey"
"1441","Corebridge Financial","CRBG","15053737984","33.77","United States"
"1442","China Three Gorges Renewables","600905.SS","15052864772","0.526551","China"
"1443","Japan Exchange Group","8697.T","15040406418","14.7124","Japan"
"1444","Kimco Realty","KIM","15039097856","22.42","United States"
"1445","W. P. Carey","WPC","15031358464","65.98","United States"
"1446","Azrieli Group","AZRG.TA","15018245600","120.612","Israel"
"1447","SCB (Siam Commercial Bank)","SCB.BK","15017378682","4.46002","Thailand"
"1448","Mapfre","MAP.MC","15012527977","4.89116","Spain"
"1449","Ascendis Pharma","ASND","15003212800","228.07","Denmark"
"1450","Whitecap Resources","WCP.TO","14997365214","12.3344","Canada"
"1451","Meritz Financial Group","138040.KS","14994510936","93.1949","South Korea"
"1452","Bharat Heavy Electricals Limited","BHEL.NS","14968735969","4.29881","India"
"1453","Lundin Gold","LUG.TO","14950050631","61.8198","Canada"
"1454","LATAM Airlines","LTM","14947506176","51.06","Chile"
"1455","Piraeus Financial Holdings","TPEIR.AT","14946067825","12.1315","Greece"
"1456","Guosen Securities","002736.SZ","14940966500","1.45883","China"
"1457","Sichuan Biokin Pharmaceutical","688506.SS","14936499025","36.1769","China"
"1458","PTC","PTC","14926120960","137.56","United States"
"1459","Airtel Africa","AAF.L","14909986677","4.11397","United Kingdom"
"1460","Shanghai Electric Group","601727.SS","14904978643","0.959129","China"
"1461","UPM-Kymmene","UPM.HE","14904974311","28.2653","Finland"
"1462","Tempus AI","TEM","14900301824","82.58","United States"
"1463","Hua Xia Bank","600015.SS","14884635503","0.935263","China"
"1464","Suncorp","SUN.AX","14863780036","14.0218","Australia"
"1465","Jio Financial Services","JIOFIN.NS","14858787349","2.25026","India"
"1466","Unibail-Rodamco-Westfield","URW.PA","14855278966","102.789","France"
"1467","Vodafone Idea","IDEA.NS","14832542906","0.136904","India"
"1468","Lamar Advertising","LAMR","14822192128","145.96","United States"
"1469","Asahi Group","2502.T","14814380023","10.1284","Japan"
"1470","Emirates Integrated Telecommunications Company","DU.AE","14811401868","3.26753","United Arab Emirates"
"1471","T&amp;D Holdings","8795.T","14797864106","31.1858","Japan"
"1472","Eurofins Scientific","ERF.PA","14783163594","86.3946","Luxembourg"
"1473","APA Corporation","APA","14781330432","42.19","United States"
"1474","Lincoln Electric","LECO","14760704000","270.81","United States"
"1475","ZTO Express","ZTO","14723315712","19.6","China"
"1476","Emera","EMA.TO","14697487388","47.8512","Canada"
"1477","Omega Healthcare Investors","OHI","14678496256","46.54","United States"
"1478","Rollins","ROL","14674934784","30.5","United States"
"1479","Banco de Crédito e Inversiones","BCI.SN","14631399666","66.931","Chile"
"1480","Datang International Power Generation Company","601991.SS","14630902233","0.790573","China"
"1481","CSPC Pharmaceutical Group Limited","1093.HK","14624424953","1.28223","China"
"1482","Nitto Denko","6988.T","14620057500","22.1006","Japan"
"1483","Elia Group","ELI.BR","14601999192","133.787","Belgium"
"1484","Trent Limited","TRENT.NS","14600274536","27.3807","India"
"1485","Kajima","1812.T","14588336903","31.5686","Japan"
"1486","James Hardie Industries","JHX","14571114496","25.1","Ireland"
"1487","JD Health","6618.HK","14561990671","4.56556","China"
"1488","Lingyi iTECH","002600.SZ","14547266605","1.79147","China"
"1489","Lundbergföretagen","LUND-B.ST","14543350341","58.6425","Sweden"
"1490","Blue Owl Capital","OWL","14543211520","9.28","United States"
"1491","Symrise","SY1.DE","14542342486","106.009","Germany"
"1492","Exelixis","EXEL","14532397056","58.65","United States"
"1493","BB Seguridade Participações","BBSE3.SA","14526196074","7.48291","Brazil"
"1494","Inspur","000977.SZ","14509530128","9.88067","China"
"1495","ADNOC Logistics &amp; Services","ADNOCLS.AE","14504885670","1.96","United Arab Emirates"
"1496","HMM","011200.KS","14488688136","15.3606","South Korea"
"1497","Performance Food Group","PFGC","14449095680","91.99","United States"
"1498","Warner Music Group","WMG","14448291840","27.62","United States"
"1499","Informa plc","INF.L","14440452408","11.5588","United Kingdom"
"1500","Kirin Holdings","2503.T","14436377081","18.2183","Japan"
"1501","Evolution Gaming","EVO.ST","14428184358","79.0105","Sweden"
"1502","REA Group","REA.AX","14425419231","110.236","Australia"
"1503","BOSCH India","BOSCHLTD.NS","14417685975","488.8","India"
"1504","Logitech","LOGI","14414769152","100.67","Switzerland"
"1505","Viper Energy","VNOM","14396531712","40.08","United States"
"1506","Lifco","LIFCO-B.ST","14389681932","31.6802","Sweden"
"1507","Charter Communications","CHTR","14382407680","110.67","United States"
"1508","LG Chem","051910.KS","14359018427","183.443","South Korea"
"1509","Aramark","ARMK","14354383872","54.45","United States"
"1510","Boliden","BOL.ST","14349272829","50.5323","Sweden"
"1511","Admiral Group","ADM.L","14336985006","47.9655","United Kingdom"
"1512","Coloplast","COLO-B.CO","14320675657","63.5435","Denmark"
"1513","China Communications Construction","601800.SS","14317663321","0.883055","China"
"1514","Emaar Development","EMAARDEV.AE","14311777964","3.57794","United Arab Emirates"
"1515","Jones Lang LaSalle","JLL","14308396032","311","United States"
"1516","Sun Communities","SUI","14306345984","111.89","United States"
"1517","China Satellite Communications","601698.SS","14291328925","3.38305","China"
"1518","Dubai Islamic Bank","DIB.AE","14286951017","1.97686","United Arab Emirates"
"1519","Cholamandalam Investment and Finance","CHOLAFIN.NS","14281547538","16.716","India"
"1520","Healthpeak Properties","DOC","14271108096","20.13","United States"
"1521","GD Power Development","600795.SS","14259982061","0.799523","China"
"1522","Korea Electric Power","KEP","14251602944","11.1","South Korea"
"1523","Kokusai Electric","6525.T","14239365181","61.0126","Japan"
"1524","Equitable Holdings","EQH","14235645952","52.19","United States"
"1525","Ryohin Keikaku","7453.T","14197144642","26.7453","Japan"
"1526","CG Power and Industrial Solutions","CGPOWER.NS","14181348064","9.00135","India"
"1527","Covestro","1COV.F","14172276793","68.254","Germany"
"1528","Everest Group","EG","14141184000","368.81","Bermuda"
"1529","Carlyle Group","CG","14139285504","39.68","United States"
"1530","Tech Mahindra","TECHM.NS","14134346231","15.9544","India"
"1531","Pinnacle Financial Partners","PNFP","14132054016","93.52","United States"
"1532","Mid-America Apartment Communities","MAA","14131854336","118.43","United States"
"1533","Charles River Laboratories","CRL","14128795648","295.96","United States"
"1534","Asahi Kasei","3407.T","14128075493","10.5941","Japan"
"1535","Hitachi Energy India","POWERINDIA.NS","14098946686","316.316","India"
"1536","Weyerhaeuser","WY","14090388480","19.55","United States"
"1537","MMG Limited","1208.HK","14089688033","1.09678","Australia"
"1538","LTIMindtree","LTIM.NS","14069121851","47.4605","India"
"1539","Neurocrine Biosciences","NBIX","14063165440","138.35","United States"
"1540","Sieyuan Electric","002028.SZ","14053400447","17.9579","China"
"1541","CGI","GIB","14002439168","67.62","Canada"
"1542","Unum","UNM","13968991232","88.24","United States"
"1543","Israel Discount Bank","DSCT.TA","13944813544","11.3969","Israel"
"1544","CapitaLand Mall Trust","C38U.SI","13939648778","1.76835","Singapore"
"1545","Siemens India","SIEMENS.NS","13928326400","39.1113","India"
"1546","Cemex","CX","13924490240","9.65","Mexico"
"1547","Sekisui House","1928.T","13912264716","21.4562","Japan"
"1548","Cummins India","CUMMINSIND.NS","13906208854","50.1667","India"
"1549","Ares Capital","ARCC","13900922880","19.36","United States"
"1550","Osaka Gas","9532.T","13900890057","36.8258","Japan"
"1551","Diploma plc","DPLM.L","13880259542","103.511","United Kingdom"
"1552","Huagong Tech","000988.SZ","13872157335","13.7962","China"
"1553","Alamos Gold","AGI","13830692864","33.04","Canada"
"1554","United Utilities","UU.L","13826256938","18.6121","United Kingdom"
"1555","Yum China","YUMC","13806448640","40.8","China"
"1556","Strabag","XD4.F","13795533042","119.501","Austria"
"1557","SK Telecom","SKM","13785491456","35.91","South Korea"
"1558","INNIO N.V.","INIO","13784998912","18.38","Germany"
"1559","Anhui Conch Cement","600585.SS","13783013125","2.61187","China"
"1560","Grupo Financiero Inbursa","GFINBURO.MX","13771108335","2.30093","Mexico"
"1561","Endeavour Mining","EDV.TO","13770462319","57.1284","United Kingdom"
"1562","Ebara Corporation","6361.T","13760229632","30.216","Japan"
"1563","Abu Dhabi National Oil Company (ADNOC)","ADNOCDIST.AE","13750851312","1.1","United Arab Emirates"
"1564","Moncler","MONC.MI","13722837171","50.4535","Italy"
"1565","S-OIL","010950.KS","13714507687","117.801","South Korea"
"1566","Innolux","3481.TW","13713322447","1.71823","Taiwan"
"1567","Union Bank of India","UNIONBANK.NS","13705177625","1.79537","India"
"1568","Chow Tai Fook","1929.HK","13682104254","1.38675","Hong Kong"
"1569","Sunoco","SUN","13680730112","72.61","United States"
"1570","Embraer","EMBJ","13679650816","76.87","Brazil"
"1571","Concordia Financial Group","7186.T","13650070552","12.2976","Japan"
"1572","Brookfield Renewable Partners","BEP","13649811456","28","Bermuda"
"1573","Bureau Veritas","BVI.PA","13648585563","30.6916","France"
"1574","Olympus","7733.T","13643529412","12.8367","Japan"
"1575","Ganfeng Lithium","002460.SZ","13623509850","6.49761","China"
"1576","Formosa Plastics","1301.TW","13617306595","2.13916","Taiwan"
"1577","H World Group Limited","HTHT","13606614016","43.14","China"
"1578","Daifuku","6383.T","13600746914","36.577","Japan"
"1579","OBIC","4684.T","13590978689","31.6515","Japan"
"1580","Pan Pacific International Holdings","7532.T","13590056307","4.54389","Japan"
"1581","VeriSilicon Microelectronics","688521.SS","13587189621","25.8353","China"
"1582","Regency Centers","REG","13584422912","72.66","United States"
"1583","Tongfu Microelectronics Co.,Ltd","002156.SZ","13562971654","8.50984","China"
"1584","Gjensidige Forsikring","GJF.OL","13539496082","27.0809","Norway"
"1585","Bharat Petroleum","BPCL.NS","13532671420","3.16733","India"
"1586","Punjab National Bank","PNB.NS","13532167507","1.17743","India"
"1587","ARC Resources","ARX.TO","13516942599","23.8868","Canada"
"1588","IGM Financial","IGM.TO","13499314862","58.4668","Canada"
"1589","Textron","TXT","13499000832","77.63","United States"
"1590","RenaissanceRe","RNR","13484835840","324.53","Bermuda"
"1591","Masco","MAS","13481704448","68.37","United States"
"1592","Wayfair","W","13457042432","101.95","United States"
"1593","KT&amp;G (Korea Tobacco)","033780.KS","13456500068","129.626","South Korea"
"1594","Metro","MRU.TO","13451414563","63.771","Canada"
"1595","Mueller Industries","MLI","13445616640","60.79","United States"
"1596","CACI International Inc","CACI","13439648768","608.14","United States"
"1597","Invesco","IVZ","13430423552","30.42","United States"
"1598","Amkor Technology","AMKR","13419817984","54.14","United States"
"1599","Satellite Chemical","002648.SZ","13411269354","3.98121","China"
"1600","Stanley Black &amp; Decker","SWK","13408768000","88.79","United States"
"1601","Qatar Islamic Bank","QIBK.QA","13405094717","5.67308","Qatar"
"1602","Vicor","VICR","13402304512","290.68","United States"
"1603","Ipsen","IPN.PA","13385856429","162.358","France"
"1604","Banque Saudi Fransi","1050.SR","13383563853","5.40685","Saudi Arabia"
"1605","Trimble","TRMB","13370531840","57.34","United States"
"1606","Fair Isaac (FICO)","FICO","13344531456","617.87","United States"
"1607","iFLYTEK","002230.SZ","13332545993","5.55042","China"
"1608","Kingdom Holding","4280.SR","13315737932","3.59302","Saudi Arabia"
"1609","Modon Holding PSC","MODON.AE","13309127759","0.81","United Arab Emirates"
"1610","Equinox Gold","EQX","13309041664","11.4","Canada"
"1611","Vår Energi","VAR.OL","13296553115","5.32661","Norway"
"1612","Unisplendour","000938.SZ","13285036304","4.64499","China"
"1613","Dick's Sporting Goods","DKS","13271527424","134.7","United States"
"1614","Harel Group","HARL.TA","13258826263","64.5067","Israel"
"1615","Penske Automotive Group","PAG","13249454080","201.78","United States"
"1616","Uni-President Enterprises","1216.TW","13243459061","2.33077","Taiwan"
"1617","Skyworks Solutions","SWKS","13241741312","88.04","United States"
"1618","Shanghai United Imaging Healthcare","688271.SS","13226604762","16.0486","China"
"1619","China Southern Airlines","600029.SS","13217712580","0.729415","China"
"1620","Allegion","ALLE","13217266688","155.43","Ireland"
"1621","Banque Cantonale Vaudoise","BCVN.SW","13211904723","153.83","Switzerland"
"1622","Obayashi","1802.T","13201257390","19.204","Japan"
"1623","True Corporation","TRUE.BK","13194119090","0.381862","Thailand"
"1624","Grupo Bimbo","BIMBOA.MX","13185344989","3.06901","Mexico"
"1625","Kawasaki Heavy Industries","7012.T","13183921949","15.0984","Japan"
"1626","Taiwan Cooperative Financial","5880.TW","13177453695","0.819852","Taiwan"
"1627","Origin Energy","ORG.AX","13153037514","7.63492","Australia"
"1628","ICON plc","ICLR","13143220224","170.35","Ireland"
"1629","Chubu Electric Power","9502.T","13137773548","17.3921","Japan"
"1630","Allegro.eu","ALE.WA","13100651347","13.0958","Poland"
"1631","Genscript Biotech","1548.HK","13097514924","5.74327","China"
"1632","Somnigroup International","SGI","13097355264","62.26","United States"
"1633","Fuji Electric","6504.T","13095966116","89.7038","Japan"
"1634","UL Solutions","ULS","13085477888","64.92","United States"
"1635","Etihad Etisalat (Mobily)","7020.SR","13082967957","17.0462","Saudi Arabia"
"1636","Summit Therapeutics","SMMT","13075116032","16.39","United Kingdom"
"1637","Orion Corporation","ORNAV.HE","13070885882","92.8571","Finland"
"1638","Alteogen","196170.KQ","13068366960","187.863","South Korea"
"1639","Avery Dennison","AVY","13063027712","170.78","United States"
"1640","BSE","BSE.NS","13054269562","32.1432","India"
"1641","Carrefour","CA.PA","13049125302","18.441","France"
"1642","SBI Holdings","8473.T","13048419507","20.1866","Japan"
"1643","Nexon","3659.T","13041916835","16.7445","Japan"
"1644","Telkom Indonesia","TLK","13012683776","13.2","Indonesia"
"1645","McCormick & Company","MKC","13012415488","48.4","United States"
"1646","AEGON","AEG","13009118208","8.79","Netherlands"
"1647","Assurant","AIZ","13004211200","263.65","United States"
"1648","Toromont","TIH.TO","12986914535","159.283","Canada"
"1649","Tencent Music Entertainment","TME","12972930048","7.96","China"
"1650","China Resources Power Holdings","0836.HK","12972833259","2.50583","Hong Kong"
"1651","Check Point Software","CHKP","12959633408","126.93","Israel"
"1652","Investment AB Latour","LATO-B.ST","12954472664","20.2629","Sweden"
"1653","Tyler Technologies","TYL","12951566336","316.26","United States"
"1654","Quantinuum Inc.","QNT","12946471936","48.73","United States"
"1655","Sino Biopharmaceutical","1177.HK","12939155604","0.726513","China"
"1656","Tōkyō Gas","9531.T","12938416806","39.6075","Japan"
"1657","TTM Technologies","TTMI","12936841216","122.8","United States"
"1658","Carlisle Companies","CSL","12933304320","325.66","United States"
"1659","IES Holdings","IESC","12928516096","324.44","United States"
"1660","Jerónimo Martins","JEM.F","12924939184","20.5669","Portugal"
"1661","Flutter Entertainment","FLUT","12919986176","74.45","Ireland"
"1662","Insurance Australia Group","IAG.AX","12917680311","5.52224","Australia"
"1663","BridgeBio Pharma","BBIO","12896672768","65.97","United States"
"1664","J.M. Smucker Company","SJM","12893557760","120.7","United States"
"1665","iA Financial","IAG.TO","12877854544","145.702","Canada"
"1666","Telus","TU","12852000768","8.16","Canada"
"1667","Stellantis","STLA","12851169280","4.43","Netherlands"
"1668","Taisei Corporation","1801.T","12849325347","78.8258","Japan"
"1669","Scentre Group","SCG.AX","12816499804","2.45084","Australia"
"1670","Formosa Chemicals &amp; Fibre","1326.TW","12805919014","2.18941","Taiwan"
"1671","Tryg","TRYG.CO","12769413490","21.4289","Denmark"
"1672","Grab Holdings","GRAB","12764861440","3.12","Singapore"
"1673","Globe Life","GL","12763156480","166.08","United States"
"1674","RPM International","RPM","12760470528","99.97","United States"
"1675","Acciona","ANA.MC","12728054873","239.229","Spain"
"1676","Akeso","9926.HK","12726961529","13.8165","China"
"1677","LONGi Green Energy Technology","601012.SS","12705473076","1.67661","China"
"1678","Coca-Cola Consolidated","COKE","12703796224","190.85","United States"
"1679","Albemarle","ALB","12699704320","107.62","United States"
"1680","Polycab India","POLYCAB.NS","12699140656","84.304","India"
"1681","Delivery Hero","DHER.F","12695804679","41.4286","Germany"
"1682","Jiangsu Eastern Shenghong","000301.SZ","12691909353","1.91975","China"
"1683","Topicus","TOI.V","12673179563","59.3951","Canada"
"1684","Halozyme Therapeutics","HALO","12661836800","111.56","United States"
"1685","Graco","GGG","12648593408","78.1","United States"
"1686","Bank of Baroda","BANKBARODA.NS","12647154318","2.44561","India"
"1687","BWX Technologies","BWXT","12644749312","138.01","United States"
"1688","Washington H. Soul Pattinson and Company (Soul Patts)","SOL.AX","12606593377","33.1823","Australia"
"1689","Western Mining","601168.SS","12604590747","5.28938","China"
"1690","Romgaz","SNG.RO","12588466013","3.26615","Romania"
"1691","“K” Line","9107.T","12585507188","21.2201","Japan"
"1692","UDR Apartments","UDR","12579006464","33.95","United States"
"1693","AMH (American Homes 4 Rent)","AMH","12577327104","30.68","United States"
"1694","Webster Financial","WBS","12568934400","77.57","United States"
"1695","Penumbra","PEN","12559711232","318.86","United States"
"1696","LTM Limited","LTM.NS","12556512802","42.3547","India"
"1697","Generac","GNRC","12534548480","212.22","United States"
"1698","Sino Land","0083.HK","12523796123","1.30645","Hong Kong"
"1699","Toll Brothers","TOL","12520934400","135.88","United States"
"1700","Grupo Aeroportuario del Pacífico","PAC","12519778304","210.41","Mexico"
"1701","DocuSign","DOCU","12518726656","66.98","United States"
"1702","LG Corp","003550.KS","12507843808","81.1127","South Korea"
"1703","Madison Air Solutions","MAIR","12487875584","24.89","United States"
"1704","GEA Group","G1A.F","12486998083","76.7007","Germany"
"1705","Gen Digital","GEN","12480539648","20.85","United States"
"1706","Chiba Bank","CHBAY","12475944960","90.24","Japan"
"1707","Bajaj Holdings &amp; Investment","BAJAJHLDNG.NS","12470948654","112.055","India"
"1708","Hasbro","HAS","12448584704","88.26","United States"
"1709","Lennox","LII","12447373312","360.16","United States"
"1710","CNA Financial","CNA","12444937216","45.99","United States"
"1711","Samsung SDS","018260.KS","12422803295","160.605","South Korea"
"1712","BorgWarner","BWA","12411426816","60.94","United States"
"1713","Watsco","WSO","12408658944","300.8","United States"
"1714","DT Midstream","DTM","12408120320","121.63","United States"
"1715","SEI Investments","SEIC","12403982336","103.35","United States"
"1716","Corcept Therapeutics","CORT","12403210240","114.74","United States"
"1717","Pharmaron Beijing","300759.SZ","12398375721","6.74821","China"
"1718","Samsung Heavy Industries","010140.KS","12390300120","14.506","South Korea"
"1719","Alpha Services and Holdings","ALPHA.AT","12381198685","5.48753","Greece"
"1720","SKF (Svenska Kullagerfabriken)","SKF-B.ST","12379799576","27.1874","Sweden"
"1721","Japan Post Insurance","7181.T","12355159894","11.4012","Japan"
"1722","Applied Industrial Technologies","AIT","12348098560","336.15","United States"
"1723","MOL Group","MOL.BD","12345465948","15.6146","Hungary"
"1724","Twist Bioscience","TWST","12340638720","186.13","United States"
"1725","Brown Forman","BF-A","12320505856","26.85","United States"
"1726","TransUnion","TRU","12317964288","64.29","United States"
"1727","Recordati","REC.MI","12307362714","60.0907","Italy"
"1728","Aéroports de Paris","ADP.PA","12303707894","124.376","France"
"1729","Mitsubishi HC Capital","8593.T","12294572818","8.57482","Japan"
"1730","Link REIT","0823.HK","12275607449","4.74145","Hong Kong"
"1731","Apollo Hospitals","APOLLOHOSP.NS","12268435730","85.3251","India"
"1732","Severn Trent","SVT.L","12258112989","40.5842","United Kingdom"
"1733","YTL Power International","6742.KL","12253582112","1.40368","Malaysia"
"1734","Nova Ltd.","NVMI","12249188352","385.12","Israel"
"1735","Realtek","2379.TW","12243627941","23.8731","Taiwan"
"1736","Pershing Square Holdings","PSHD.L","12225084416","56.685","United States"
"1737","Five Below","FIVE","12223647744","222.03","United States"
"1738","Bank of Chengdu","601838.SS","12220906012","2.88335","China"
"1739","Eastroc Beverage Group","605499.SS","12219862460","16.6438","China"
"1740","Prada","1913.HK","12217335104","4.77459","Italy"
"1741","Encompass Health","EHC","12189612032","123.56","United States"
"1742","Nextpower","NXT","12185057280","79.31","United States"
"1743","Idemitsu Kosan","5019.T","12178221315","10.1603","Japan"
"1744","Rohm","6963.T","12174273383","31.5367","Japan"
"1745","China Railway Construction","601186.SS","12173783682","0.89648","China"
"1746","Shizuoka Financial Group","5831.T","12166171803","23.2426","Japan"
"1747","Seres Group","601127.SS","12165832408","6.98389","China"
"1748","Schroders","SDR.L","12149320776","7.79142","United Kingdom"
"1749","BELIMO Holding","BEAN.SW","12144530440","987.363","Switzerland"
"1750","Baxter","BAX","12139065344","23.48","United States"
"1751","Rexel","RXL.PA","12128651500","41.2358","France"
"1752","Sichuan Chuantou Energy","600674.SS","12113803921","2.48508","China"
"1753","LG Electronics India Ltd.","LGEINDIA.NS","12094566638","17.8183","India"
"1754","Arab National Bank","1080.SR","12075482849","6.08337","Saudi Arabia"
"1755","LPP SA","LPP.WA","12069344116","6493.4","Poland"
"1756","BJ's Wholesale Club","BJ","12061789184","95.49","United States"
"1757","Elm Company","7203.SR","12060194715","150.752","Saudi Arabia"
"1758","Ivanhoe Mines","IVN.TO","12057168628","8.45303","Canada"
"1759","QXO, Inc.","QXO","12055642112","11.62","United States"
"1760","Crane Company","CR","12045016064","208.39","United States"
"1761","Orient Overseas Container Line","0316.HK","12011072782","18.1883","Hong Kong"
"1762","Accor","AC.PA","12000586489","52.3243","France"
"1763","Hudbay Minerals","HBM","11996350464","27.01","Canada"
"1764","GameStop","GME","11986944000","23.76","United States"
"1765","Pro Medicus","PME.AX","11979591530","114.67","Australia"
"1766","Britannia Industries","BRITANNIA.NS","11973145464","49.7083","India"
"1767","Jindal Steel &amp; Power","JINDALSTEL.NS","11972817716","11.767","India"
"1768","Zydus Lifesciences","ZYDUSLIFE.NS","11972539130","12.0025","India"
"1769","Zhejiang NHU Co., Ltd.","002001.SZ","11956270441","3.89021","China"
"1770","Watts Water Technologies","WTS","11940783104","357.69","United States"
"1771","Intertek","ITRK.L","11939225763","77.7819","United Kingdom"
"1772","Sanmina","SANM","11937738752","222.73","United States"
"1773","Dongfang Electric Corporation","600875.SS","11921645066","3.4472","China"
"1774","Swatch","UHR.SW","11913625828","229.126","Switzerland"
"1775","GoDaddy","GDDY","11912482816","94.06","United States"
"1776","Tata Power","TATAPOWER.NS","11901790569","3.72473","India"
"1777","Samsung SDI","006405.KS","11884891384","151.027","South Korea"
"1778","Forgent Power Solutions","FPS","11866234880","37.2","United States"
"1779","Fresenius Medical Care","FMS","11852525568","22.27","Germany"
"1780","Industrial Bank of Korea (IBK)","024110.KS","11852381256","14.8633","South Korea"
"1781","U-Haul","UHAL","11834676224","60.88","United States"
"1782","SailPoint","SAIL","11800742912","20.67","United States"
"1783","Bolloré","BOL.PA","11787074369","4.19501","France"
"1784","GAIL","GAIL.NS","11786230626","1.79256","India"
"1785","Ooredoo","ORDS.AE","11774546544","3.68","United Arab Emirates"
"1786","Wharf REIC","1997.HK","11772313726","3.87728","Hong Kong"
"1787","Madrigal Pharmaceuticals","MDGL","11770166272","509.44","United States"
"1788","Equity LifeStyle Properties","ELS","11764536320","58.71","United States"
"1789","Klépierre","LI.PA","11764379186","41.0204","France"
"1790","Swiss Prime Site","SPSN.SW","11755378758","146.516","Switzerland"
"1791","(HLBank) Hong Leong Bank","5819.KL","11754202794","5.73252","Malaysia"
"1792","Power Construction Corporation of China","601669.SS","11742773773","0.681683","China"
"1793","Gartner","IT","11736238080","185.85","United States"
"1794","10x Genomics","TXG","11731417088","90.04","United States"
"1795","Far EasTone","4904.TW","11729150255","3.25114","Taiwan"
"1796","Arrow Electronics","ARW","11719955456","230.23","United States"
"1797","Toray Industries","3402.T","11714597348","8.04208","Japan"
"1798","Hong Kong Telecom","6823.HK","11690546168","1.54225","Hong Kong"
"1799","POSCO Future M","003670.KS","11690253176","131.431","South Korea"
"1800","Guidewire Software","GWRE","11685596160","142.52","United States"
"1801","Manhattan Associates","MANH","11667407872","200.11","United States"
"1802","HDFC Life","HDFCLIFE.NS","11660223707","5.36831","India"
"1803","Skanska","SKA-B.ST","11634811659","28.098","Sweden"
"1804","Indra Sistemas","IDR.MC","11632105557","66.4626","Spain"
"1805","Erie Indemnity","ERIE","11630834688","222.43","United States"
"1806","Capcom","9697.T","11601452023","27.7342","Japan"
"1807","BioMarin Pharmaceutical","BMRN","11589261312","59.87","United States"
"1808","Mowi","MNHVF","11582603264","21.91","Norway"
"1809","Tongling Nonferrous Metals Group Co.,Ltd.","000630.SZ","11581271377","0.863663","China"
"1810","Crown Holdings","CCK","11566680064","106.35","United States"
"1811","Sage Group","SGE.L","11547317782","12.8499","United Kingdom"
"1812","Muthoot Finance","MUTHOOTFIN.NS","11538768392","28.7414","India"
"1813","National Silicon Industry Group","688126.SS","11536030861","3.49045","China"
"1814","Almarai","2280.SR","11516478386","11.5861","Saudi Arabia"
"1815","Hecla Mining","HL","11502716928","17.15","United States"
"1816","Ally Financial","ALLY","11501790208","37.81","United States"
"1817","AltaGas","ALA.TO","11490233257","36.827","Canada"
"1818","Taiwan Mobile","3045.TW","11486516769","3.75373","Taiwan"
"1819","American Financial Group","AFG","11481306112","138.46","United States"
"1820","Getlink","GET.PA","11470628193","21.1451","France"
"1821","Gaming and Leisure Properties","GLPI","11461883904","38.27","United States"
"1822","Canara Bank","CANBK.NS","11457863732","1.26318","India"
"1823","Cipla","CIPLA.NS","11446376155","14.1686","India"
"1824","Hut 8","HUT","11445874688","92.86","Canada"
"1825","Lodha Group","LODHA.NS","11445571806","11.4545","India"
"1826","Tele2","TEL2-B.ST","11434084260","16.4855","Sweden"
"1827","CP All","CPALL.BK","11431304336","1.28282","Thailand"
"1828","Eiffage","FGR.PA","11416666181","116.497","France"
"1829","Lotus Bakeries","LOTB.BR","11392345602","14013.6","Belgium"
"1830","Indian Bank","INDIANB.NS","11380708375","8.44916","India"
"1831","SG Micro","300661.SZ","11370036551","16.5722","China"
"1832","Subaru","7270.T","11369555160","16.3457","Japan"
"1833","Sichuan Road and Bridge Group (SRBG)","600039.SS","11362377324","1.30668","China"
"1834","China Gold International Resources","CGG.TO","11353951187","28.6417","Canada"
"1835","American Healthcare REIT","AHR","11353375744","52.08","United States"
"1836","Bio-Techne","TECH","11350503424","72.38","United States"
"1837","Advanced Energy","AEIS","11346289664","283.3","United States"
"1838","Pinnacle West Capital","PNW","11319821312","93.4","United States"
"1839","Puig Brands","PUIG.MC","11310546348","20.0794","Spain"
"1840","SCSK Corporation","9719.T","11306209179","36.1482","Japan"
"1841","Power Finance Corp","PFC.NS","11301764742","3.42467","India"
"1842","Elanco","ELAN","11296449536","22.61","United States"
"1843","Smith & Nephew","SNN","11279013888","26.95","United Kingdom"
"1844","Yara International","YAR.OL","11273340703","44.2669","Norway"
"1845","Cathay Pacific","0293.HK","11262066038","1.85197","Hong Kong"
"1846","Powerchip Semiconductor Manufacturing","6770.TW","11259018219","2.36532","Taiwan"
"1847","Harmony Gold","HMY","11257497600","17.98","South Africa"
"1848","Salik Company","SALIK.AE","11252553828","1.50034","United Arab Emirates"
"1849","DaVita","DVA","11244570624","175.19","United States"
"1850","CCL Industries","CCL-B.TO","11237168693","66.469","Canada"
"1851","The Magnum Ice Cream Company","MICC","11232854016","18.55","Netherlands"
"1852","Chifeng Jilong Gold Mining","600988.SS","11214240694","5.90095","China"
"1853","Paytm","PAYTM.NS","11205954363","17.5255","India"
"1854","AGNC Investment","AGNC","11202799616","9.45","United States"
"1855","Paramount Skydance","PSKY","11180538880","9.99","United States"
"1856","Dayforce","DAY","11180042240","69.86","United States"
"1857","Saputo","SAP.TO","11176135232","28.1556","Canada"
"1858","China Eastern Airlines","600115.SS","11169068608","0.505668","China"
"1859","Yamaha Motor","7272.T","11166573278","11.5033","Japan"
"1860","BXP, Inc.","BXP","11161946112","61.71","United States"
"1861","Rambus","RMBS","11151084544","103.12","United States"
"1862","JFrog","FROG","11142739968","90.37","United States"
"1863","Confluent","CFLT","11133729792","30.99","United States"
"1864","Essential Utilities","WTRG","11132634112","39.23","United States"
"1865","AIER Eye Hospital","300015.SZ","11083460741","1.19183","China"
"1866","Alcoa","AA","11076279296","41.97","United States"
"1867","Koç Holding","KCHOL.IS","11075233667","4.36892","Turkey"
"1868","GarantiBank","GARAN.IS","11064518352","2.63441","Turkey"
"1869","Wise PLC","WISE.L","11048022277","11.2308","United Kingdom"
"1870","Laurus Labs","LAURUSLABS.NS","11044368321","20.4407","India"
"1871","Figma","FIG","11043963904","20.72","United States"
"1872","Hero MotoCorp","HEROMOTOCO.NS","11043423314","55.1782","India"
"1873","Aker ASA","AKER.OL","11042304948","149.778","Norway"
"1874","Fidelity National Financial","FNF","11038817280","41.16","United States"
"1875","AkzoNobel","AKZA.AS","11030230421","64.3537","Netherlands"
"1876","BrightSpring Health Services","BTSG","11019059200","55.69","United States"
"1877","Repligen","RGEN","10980678656","194.57","United States"
"1878","Anker Innovations","300866.SZ","10975360312","18.6202","China"
"1879","Li Auto","LI","10974791680","11.23","China"
"1880","China Resources Microelectronics","688396.SS","10973984388","8.26223","China"
"1881","Vinhomes","VHM.VN","10960479628","2.66846","Vietnam"
"1882","Orient Securities Company Limited (DFZQ)","600958.SS","10950330966","1.28878","China"
"1883","First Horizon Corporation","FHN","10944251904","23.1","United States"
"1884","Bunzl","BNZL.L","10940669971","34.6315","United Kingdom"
"1885","Hormel Foods","HRL","10924463104","19.85","United States"
"1886","CoStar Group","CSGP","10920075264","26.95","United States"
"1887","Indian Hotels Company","INDHOTEL.NS","10912091168","7.54324","India"
"1888","LIG Defense & Aerospace","079550.KS","10911600691","499.495","South Korea"
"1889","EastGroup Properties","EGP","10897162240","202.65","United States"
"1890","MiniMax Group","0100.HK","10896771971","31.2018","China"
"1891","Frontline","FRO","10892938240","48.93","Bermuda"
"1892","Littelfuse","LFUS","10889967616","428.76","United States"
"1893","Aditya Birla Capital","ABCAPITAL.NS","10883579117","3.97531","India"
"1894","Kakao","035720.KS","10876113326","24.6801","South Korea"
"1895","Hyundai Glovis","086280.KS","10873969623","144.986","South Korea"
"1896","Goldwind Science&amp;Technology","002202.SZ","10858632865","2.5716","China"
"1897","WH Group","0288.HK","10858515768","0.846323","Hong Kong"
"1898","Freedom Holding","FRHC","10842627072","169.98","Kazakhstan"
"1899","BIDV  (Commercial Bank for Investment and Development of Vietnam)","BID.VN","10827269050","1.39199","Vietnam"
"1900","Aurora Innovation","AUR","10802396160","5.39","United States"
"1901","Indian Railway Finance","IRFC.NS","10782402543","0.825068","India"
"1902","Cooper Companies","COO","10768494592","56.63","United States"
"1903","Zensho Holdings","7550.T","10746057946","68.6815","Japan"
"1904","Menora Mivtachim Holdings","MMHD.TA","10730417961","171.736","Israel"
"1905","PayPay Corporation","PAYP","10725946368","15.84","Japan"
"1906","Brookfield Property Partners","BPYPP","10725319680","16.23","Bermuda"
"1907","lululemon athletica","LULU","10724480000","96.87","Canada"
"1908","Discovery Limited","DSY.JO","10723532500","15.9429","South Africa"
"1909","Impala Platinum","IMP.JO","10719515000","11.9428","South Africa"
"1910","Dr. Reddy's Laboratories","RDY","10703903744","12.85","India"
"1911","Globalstar","GSAT","10700640256","82.59","United States"
"1912","Shoprite","SHP.JO","10698451600","19.7832","South Africa"
"1913","Marico","MARICO.NS","10697823006","8.24182","India"
"1914","Seven Group Holdings
 (SGH)","SGH.AX","10694712186","26.3701","Australia"
"1915","Vanguard International Semiconductor","5347.TWO","10679424488","5.68557","Taiwan"
"1916","Haisco Pharmaceutical Group","002653.SZ","10644812378","9.33025","China"
"1917","Iamgold","IAG","10643439616","18.64","Canada"
"1918","FormFactor","FORM","10621337600","136.25","United States"
"1919","AES","AES","10597523456","14.86","United States"
"1920","Dillard's","DDS","10582491136","677.52","United States"
"1921","Deckers Brands","DECK","10578607104","77.68","United States"
"1922","Bangkok Bank","BBL.BK","10563554529","5.53401","Thailand"
"1923","J&amp;T Global Express","1519.HK","10554605580","1.09997","China"
"1924","Nitori Holdings","9843.T","10550351431","18.6713","Japan"
"1925","Shinkin Central Bank","8421.T","10539560474","1210.3","Japan"
"1926","bioMérieux","BIM.PA","10531616741","89.2857","France"
"1927","Chongqing Changan","000625.SZ","10528026278","1.06205","China"
"1928","Lufthansa","LHA.DE","10526769576","8.75737","Germany"
"1929","Stifel","SF","10524820480","69.7","United States"
"1930","Vedanta","VEDL.NS","10524820399","2.69535","India"
"1931","Smiths Group","SMIN.L","10522475224","37.4491","United Kingdom"
"1932","Sime Darby Plantation","5285.KL","10522068643","1.52147","Malaysia"
"1933","Suzano","SUZ","10492897280","8.52","Brazil"
"1934","Ternium","TX","10492645376","53.45","Luxembourg"
"1935","Keyera","KEY.TO","10488243781","35.7422","Canada"
"1936","Novatek Microelectronics","3034.TW","10488002133","17.1509","Taiwan"
"1937","Evonik Industries","EVK.DE","10482357931","22.4943","Germany"
"1938","Ooredoo Qatar","ORDS.QA","10480799487","3.27198","Qatar"
"1939","Zhejiang Zheneng Electric","600023.SS","10480572798","0.781623","China"
"1940","Service Corporation International","SCI","10471282688","76.83","United States"
"1941","Astra International","ASII.JK","10469014545","0.262249","Indonesia"
"1942","Jonhon Optronic Technology","002179.SZ","10463637696","4.9821","China"
"1943","Chang Hwa Commercial Bank","2801.TW","10455834218","0.86697","Taiwan"
"1944","Knight-Swift Transportation","KNX","10447307776","64.19","United States"
"1945","Marks &amp; Spencer","MKS.L","10442397165","5.04789","United Kingdom"
"1946","HD Hyundai","267250.KS","10438583890","147.712","South Korea"
"1947","Phoenix Group","PHNX.L","10432668584","10.4178","United Kingdom"
"1948","Nordex","NDX1.F","10425594432","44.0136","Germany"
"1949","GMR Airports","GMRAIRPORT.NS","10409945996","0.976453","India"
"1950","Guangdong HAID Group","002311.SZ","10403276684","6.27834","China"
"1951","Pinterest","PINS","10385316864","18.54","United States"
"1952","Regal Rexnord","RRX","10381005824","155.89","United States"
"1953","Universal Health Services","UHS","10356914176","175.73","United States"
"1954","Unicaja Banco","UNI.MC","10335631042","4.02268","Spain"
"1955","Mebuki Financial Group","7167.T","10329357583","11.0056","Japan"
"1956","Beazley","BEZ.L","10325272321","17.3025","United Kingdom"
"1957","Instacart (Maplebear Inc.)","CART","10321630208","43.49","United States"
"1958","Antero Resources","AR","10320727040","33.57","United States"
"1959","Texas Roadhouse","TXRH","10319411200","157.21","United States"
"1960","VIAVI Solutions","VIAV","10319077376","41.82","United States"
"1961","Thyssenkrupp","TKA.F","10319062444","16.576","Germany"
"1962","G Mining Ventures","GMIN.TO","10308862551","34.7912","Canada"
"1963","Avantor","AVTR","10307708928","15.24","United States"
"1964","Hanwha Systems","272210.KS","10304556476","55.1066","South Korea"
"1965","Qorvo","QRVO","10299452416","116.75","United States"
"1966","Boubyan Bank","BOUBYAN.KW","10293729489","2181.4","Kuwait"
"1967","XP Inc.","XP","10285869056","20.27","Brazil"
"1968","Unicharm","8113.T","10275089204","5.97111","Japan"
"1969","Mankind Pharma","MANKIND.NS","10271848453","25.6418","India"
"1970","Edison","EDNR.MI","10256217639","2.16553","Italy"
"1971","Jack Henry &amp; Associates","JKHY","10251866112","146.22","United States"
"1972","Hikari Tsushin","9435.T","10244006665","233.319","Japan"
"1973","Huntington Ingalls Industries","HII","10231011328","259.64","United States"
"1974","Align Technology","ALGN","10230449152","144.01","United States"
"1975","The Ensign Group","ENSG","10230315008","175.53","United States"
"1976","M&G plc","MNG.L","10229786040","4.29388","United Kingdom"
"1977","Apogee Therapeutics","APGE","10223142912","135.07","United States"
"1978","SSAB","SSAB-B.ST","10222656303","10.2465","Sweden"
"1979","Mitsubishi Chemical Holdings","4188.T","10207192476","7.51254","Japan"
"1980","BİM Birleşik Mağazalar","BIMAS.IS","10205073880","8.60621","Turkey"
"1981","Indus Towers","INDUSTOWER.NS","10196560023","3.86643","India"
"1982","Focus Media Information Technology","002027.SZ","10189678593","0.705549","China"
"1983","HDFC Asset Management Company Limited","HDFCAMC.NS","10187251972","23.7424","India"
"1984","Tsingtao","600600.SS","10180590287","7.46271","China"
"1985","TMX Group","X.TO","10170986353","36.9327","Canada"
"1986","Globus Medical","GMED","10162284544","75.69","United States"
"1987","Bio-Rad Laboratories","BIO","10157364224","379.55","United States"
"1988","Eldorado Gold","EGO","10145522688","38.9","Canada"
"1989","Trelleborg AB","TREL-B.ST","10141816784","45.7492","Sweden"
"1990","Alchip Technologies","3661.TW","10139190443","117.481","Taiwan"
"1991","ENKA","ENKAI.IS","10139056842","1.7294","Turkey"
"1992","Donaldson Company","DCI","10120113152","87.31","United States"
"1993","CapitaLand Investment Limited","9CI.SI","10119672910","2.02656","Singapore"
"1994","Sanlam","SLM.JO","10091842100","4.8292","South Africa"
"1995","Rentokil Initial","RTO","10090121216","20.05","United Kingdom"
"1996","Subsea 7","SUBC.OL","10086640028","34.0595","Luxembourg"
"1997","China Merchants Shekou Industrial Zone","001979.SZ","10073102669","1.11724","China"
"1998","Demant","DEMANT.CO","10062118160","47.7107","Denmark"
"1999","Dongfeng Motor","0489.HK","10055763756","1.2185","China"
"2000","China Railway Group","0390.HK","10052406114","0.409779","China"
"2001","New York Times","NYT","10051192832","62.32","United States"
"2002","Wan Hai Lines","2615.TW","10048710205","3.58096","Taiwan"
"2003","Chime Financial","CHYM","10040077312","26.52","United States"
"2004","APR Co., Ltd.","278470.KS","10039627206","268.166","South Korea"
"2005","Cognex","CGNX","10037916672","59.67","United States"
"2006","TFI International","TFII","10014398464","121.84","Canada"
"2007","UMB Financial","UMBF","10013251584","131.84","United States"
"2008","Petro Rabigh","2380.SR","9996269415","4.54921","Saudi Arabia"
"2009","Domino's Pizza","DPZ","9984398336","301.81","United States"
"2010","Aurobindo Pharma","AUROPHARMA.NS","9982488509","17.3494","India"
"2011","Popular, Inc. (Banco Popular de Puerto Rico)","BPOP","9968579584","156.3","United States"
"2012","Madison Square Garden Sports","MSGS","9965242368","413.84","United States"
"2013","United Spirits","UNITDSPR.BO","9959122106","14.0258","India"
"2014","Kesko","KESKOA.HE","9958556406","25","Finland"
"2015","CSPC Innovation Pharmaceutical","300765.SZ","9956183376","7.08831","China"
"2016","Tata Consumer Products","TATACONSUM.NS","9950518714","10.0542","India"
"2017","Budweiser APAC","1876.HK","9948843202","0.752004","Hong Kong"
"2018","Evercore","EVR","9939795968","258.46","United States"
"2019","Ackermans &amp; Van Haaren","ACKB.BR","9924816652","303.628","Belgium"
"2020","Finning","FTT.TO","9920926107","76.2463","Canada"
"2021","Krystal Biotech","KRYS","9917385728","335.06","United States"
"2022","Zhejiang Huayou Cobalt","603799.SS","9899782115","5.22822","China"
"2023","Camden Property Trust","CPT","9899104256","98.46","United States"
"2024","Aritzia","ATZ.TO","9894550864","86.3547","Canada"
"2025","Molina Healthcare","MOH","9885636608","189.38","United States"
"2026","Hensoldt","HAG.F","9884286223","85.5782","Germany"
"2027","Aisin Seiki","7259.T","9880944984","14.167","Japan"
"2028","On Holding","ONON","9876043776","29.55","Switzerland"
"2029","Clorox","CLX","9867970560","81.6","United States"
"2030","Sofina","SOF.VI","9861602650","279.138","Belgium"
"2031","HubSpot","HUBS","9857051648","197.67","United States"
"2032","CPFL Energia","CPFE3.SA","9854764165","8.55259","Brazil"
"2033","Paycom","PAYC","9851754496","218.58","United States"
"2034","APA Group","APA.AX","9841379358","7.38391","Australia"
"2035","LG Innotek","011070.KS","9832825896","415.509","South Korea"
"2036","NGK Insulators","5333.T","9832464285","34.9309","Japan"
"2037","Citic Pacific Special Steel Group","000708.SZ","9832324588","1.94809","China"
"2038","Bruker","BRKR","9828699136","64.51","United States"
"2039","Dundee Precious Metals","DPM.TO","9809399907","44.7165","Canada"
"2040","Leonardo DRS","DRS","9802925056","36.73","United States"
"2041","Luckin Coffee","LKNCY","9799661568","34.23","China"
"2042","D'Ieteren Group","DIE.BR","9795908756","186.281","Belgium"
"2043","Enlight Renewable Energy","ENLT","9783506944","69.93","Israel"
"2044","Modine Manufacturing","MOD","9757867008","183.72","United States"
"2045","Qingdao Port International","601298.SS","9750205409","1.50209","China"
"2046","Axsome Therapeutics","AXSM","9750165504","186.14","United States"
"2047","Kikkoman","2801.T","9736830851","10.4952","Japan"
"2048","IMI plc","IMI.L","9731158337","41.4572","United Kingdom"
"2049","DraftKings","DKNG","9725535232","19.59","United States"
"2050","Vienna Insurance Group","WSV2.F","9723355688","75.9637","Austria"
"2051","Bharat Forge","BHARATFORG.NS","9715370939","19.8812","India"
"2052","Hyundai Engineering and Construction","000720.KS","9714187567","86.4171","South Korea"
"2053","Nykaa","NYKAA.NS","9711111577","3.38925","India"
"2054","GBL","GBLB.VI","9706221684","82.1995","Belgium"
"2055","South State Corp","SSB","9706180608","100.09","United States"
"2056","Canadian Utilities","CU.TO","9704921771","35.6365","Canada"
"2057","Brenntag","BNR.DE","9704268306","67.2109","Germany"
"2058","Ryan Specialty","RYAN","9699780608","37.85","United States"
"2059","Pandora","PNDORA.CO","9699030831","129.665","Denmark"
"2060","Lynas","LYC.AX","9691675590","9.62906","Australia"
"2061","Advanced Drainage Systems","WMS","9688833024","128.49","United States"
"2062","SM Investments Corporation","SVTMF","9687093248","8","Philippines"
"2063","Qantas Airways","QAN.AX","9685656680","6.40078","Australia"
"2064","Wintrust Financial","WTFC","9680692224","143.49","United States"
"2065","Henry Schein","HSIC","9679507456","84.97","United States"
"2066","Rakuten","4755.T","9675253656","4.43415","Japan"
"2067","Lupin Limited","LUPIN.NS","9673698429","21.1544","India"
"2068","Italgas","IG.MI","9665035872","9.50794","Italy"
"2069","Fukuoka Financial Group","8354.T","9654149240","51.0852","Japan"
"2070","Equatorial Energia","EQTL3.SA","9645739909","7.6779","Brazil"
"2071","MinebeaMitsumi","6479.T","9644154392","24.0146","Japan"
"2072","Bank Albilad","1140.SR","9616460183","6.41097","Saudi Arabia"
"2073","Ambuja Cements","AMBUJACEM.NS","9616433978","3.87008","India"
"2074","Antero Midstream","AM","9612147712","20.25","United States"
"2075","Pearson","PSO","9602463744","15.96","United Kingdom"
"2076","Shimano","7309.T","9598092125","113.821","Japan"
"2077","AtkinsRéalis","ATRL.TO","9586645413","59.9038","Canada"
"2078","Cullen/Frost Bankers","CFR","9583964160","154.21","United States"
"2079","Affiliated Managers Group","AMG","9583948800","370.61","United States"
"2080","Saipem","SPM.MI","9578221108","4.93651","Italy"
"2081","BDO Unibank","BDOUY","9556784128","17.91","Philippines"
"2082","Fosun Pharma","600196.SS","9552043079","3.57697","China"
"2083","Darling Ingredients","DAR","9518671872","60.32","United States"
"2084","ViaSat","VSAT","9517548544","69.09","United States"
"2085","AT&amp;S Austria Technologie &amp; Systemtechnik","ATS.VI","9514285546","244.898","Austria"
"2086","Federal Realty Investment Trust","FRT","9508003840","109.39","United States"
"2087","Quebecor","QBR-B.TO","9504231163","42.5258","Canada"
"2088","Old National Bank","ONB","9503038464","24.84","United States"
"2089","Sainsbury's","SBRY.L","9496346502","4.36002","United Kingdom"
"2090","Verisure plc","VSURE.ST","9490881574","9.17914","Switzerland"
"2091","Prio SA (Petro Rio)","PRIO3.SA","9484012832","11.8924","Brazil"
"2092","Max Healthcare Institute","MAXHEALTH.NS","9475527486","9.73536","India"
"2093","JSC Halyk Bank","H4L1.F","9462201448","34.6939","Kazakhstan"
"2094","Jefferies Financial Group","JEF","9461795840","46.52","United States"
"2095","Jyske Bank","JYSK.CO","9447850181","168.337","Denmark"
"2096","Ashok Leyland","ASHOKLEY.NS","9441740054","1.60742","India"
"2097","Niterra","5334.T","9435817172","24.2379","Japan"
"2098","Flowserve","FLS","9433436160","73.81","United States"
"2099","AL Sydbank A/S","ALSYDB.CO","9408659984","110.86","Denmark"
"2100","360 Security Technology","601360.SS","9407222230","1.34397","China"
"2101","Bentley Systems","BSY","9401131008","31.12","United States"
"2102","Andritz","AZ2.F","9388772987","95.805","Austria"
"2103","JSW Energy","JSWENERGY.NS","9373776670","5.11565","India"
"2104","OGE Energy","OGE","9365266432","45.38","United States"
"2105","Silicon Motion","SIMO","9364099072","276.16","Hong Kong"
"2106","ImmunityBio","IBRX","9358354432","8.83","United States"
"2107","Owens Corning","OC","9356201984","118.36","United States"
"2108","Glaukos","GKOS","9351903232","158.55","United States"
"2109","JAC Motors","600418.SS","9340852244","4.14379","China"
"2110","Allison Transmission","ALSN","9332144128","113.01","United States"
"2111","IDBI Bank","IDBI.NS","9331893173","0.867889","India"
"2112","Arrowhead Pharmaceuticals","ARWR","9331777536","66.25","United States"
"2113","Murphy USA","MUSA","9326556160","507.42","United States"
"2114","Elastic NV","ESTC","9323226112","88.8","United States"
"2115","The Weir Group","WEIR.L","9313559600","35.8749","United Kingdom"
"2116","Janus Living","JAN","9308055552","29.96","United States"
"2117","Shimizu Corporation","1803.T","9306203596","13.7108","Japan"
"2118","Isuzu","7202.T","9304170675","13.5385","Japan"
"2119","Indutrade","INDT.ST","9303467248","25.5363","Sweden"
"2120","Sodexo","SW.PA","9297533081","63.7755","France"
"2121","Shenzhen Transsion Holdings","688036.SS","9282970583","8.06384","China"
"2122","BlueScope Steel","BSL.AX","9281120289","21.186","Australia"
"2123","Siam Cement","SCC.BK","9272075971","7.72673","Thailand"
"2124","FactSet","FDS","9245974528","259.97","United States"
"2125","Bangkok Dusit Medical Services (BDMS)","BDMS.BK","9245048237","0.581742","Thailand"
"2126","Acuity Brands","AYI","9243798528","308.79","United States"
"2127","FirstCash","FCFS","9230387200","212.82","United States"
"2128","Orkla","ORK.OL","9225789965","9.5929","Norway"
"2129","Banca Popolare di Sondrio","BPSO.MI","9223399404","20.5062","Italy"
"2130","The Toro Company","TTC","9222106112","97.42","United States"
"2131","Addtech AB","ADDT-B.ST","9215583843","34.1218","Sweden"
"2132","Insulet","PODD","9213011968","132.84","United States"
"2133","Match Group","MTCH","9211881472","40.13","United States"
"2134","Kymera Therapeutics","KYMR","9188974592","110.51","United States"
"2135","Oscar Health","OSCR","9188361216","29.77","United States"
"2136","Old Republic International","ORI","9186523136","38.05","United States"
"2137","Aptiv","APTV","9177981952","43.37","Ireland"
"2138","KT Corporation","KT","9177600000","19.27","South Korea"
"2139","Sanrio Company","8136.T","9174177441","7.56677","Japan"
"2140","Stora Enso","STEAV.HE","9168959187","11.6266","Finland"
"2141","Qiagen","QGEN","9168378880","44.4","Netherlands"
"2142","YTO Express","600233.SS","9150325924","2.67154","China"
"2143","Zions Bancorporation","ZION","9138140160","62.61","United States"
"2144","Syensqo","SYENS.BR","9133056279","89.5692","Belgium"
"2145","Cytokinetics","CYTK","9125497856","65.64","United States"
"2146","NIBE Industrier","NIBE-B.ST","9124498596","4.52589","Sweden"
"2147","Protagonist Therapeutics","PTGX","9121927168","140.97","United States"
"2148","Chongqing Rural Commercial Bank","3618.HK","9119530695","0.802988","China"
"2149","OPC Energy","OPCE.TA","9109695101","29.365","Israel"
"2150","Gerdau","GGB","9102761984","4.64","Brazil"
"2151","OTE Group","OTE.F","9087919591","22.1088","Greece"
"2152","Red Eléctrica","RED.MC","9085032771","16.8367","Spain"
"2153","Gaztransport & Technigaz","GTT.PA","9080500816","244.898","France"
"2154","XPeng","XPEV","9072039936","9.47","China"
"2155","Valmont Industries","VMI","9070252032","467.21","United States"
"2156","Godrej","GODREJCP.NS","9064532522","8.8581","India"
"2157","Companhia Paranaense de Energia (COPEL)","ELPC","9042463744","12.18","Brazil"
"2158","Korea Aerospace Industries","047810.KS","9041097981","92.7529","South Korea"
"2159","China Merchants Port","0144.HK","9032003667","2.1515","Hong Kong"
"2160","Snap","SNAP","9030995968","5.34","United States"
"2161","GAC (Guangzhou Automobile Group)","601238.SS","9019778755","0.884547","China"
"2162","Crinetics Pharmaceuticals","CRNX","9012787200","84.95","United States"
"2163","Dino Polska","DNP.WA","9009784838","9.18991","Poland"
"2164","American Airlines","AAL","9009410048","13.61","United States"
"2165","China Taiping Insurance","0966.HK","8992261654","2.50201","Hong Kong"
"2166","Hyundai Rotem Company","064350.KS","8981482174","82.2915","South Korea"
"2167","Ramsay Health Care","RHC.AX","8964732716","38.837","Australia"
"2168","Centrica","CNA.L","8958294067","1.93926","United Kingdom"
"2169","Life Time Group","LTH","8956355584","40.08","United States"
"2170","Saia","SAIA","8947829760","336.32","United States"
"2171","Banca Transilvania","TLV.RO","8945190288","7.17693","Romania"
"2172","Bid Corp","BID.JO","8918793300","26.6835","South Africa"
"2173","PBF Energy","PBF","8917526528","75.23","United States"
"2174","Caris Life Sciences","CAI","8915877888","31.55","United States"
"2175","Tianqi Lithium","002466.SZ","8913750764","6.0352","China"
"2176","First Majestic Silver","AG","8911747072","18.08","Canada"
"2177","Ascendas Reit","A17U.SI","8911440600","1.784","Singapore"
"2178","Medibank","MPL.AX","8909897097","3.23525","Australia"
"2179","Sangfor Technologies","300454.SZ","8909273513","20.6444","China"
"2180","Houlihan Lokey","HLI","8907732992","127.46","United States"
"2181","Hotai Motor","2207.TW","8907345202","15.9887","Taiwan"
"2182","Mazagon Dock Shipbuilders Limited","MAZDOCK.NS","8905627870","22.0775","India"
"2183","Solstice Advanced Materials","SOLS","8897041408","56.01","United States"
"2184","Jackson Financial","JXN","8895493120","131.34","United States"
"2185","Komerční banka","KOMB.PR","8894615066","47.0974","Czech Republic"
"2186","Liberty Live Holdings","LLYVA","8885879808","96.58","United States"
"2187","Sasol","SSL","8878371840","13.85","South Africa"
"2188","SBI Shinsei Bank","8303.T","8867849401","9.99758","Japan"
"2189","Financière de Tubize","TUB.BR","8867191871","199.206","Belgium"
"2190","Shiseido","4911.T","8862395385","22.1771","Japan"
"2191","Suntory","2587.T","8861625199","28.6784","Japan"
"2192","VPBank (Vietnam Prosperity Joint Stock Commercial Bank)","VPB.VN","8856372545","0.885637","Vietnam"
"2193","Ryder","R","8853141504","230.87","United States"
"2194","Otsuka","4768.T","8852333637","23.3447","Japan"
"2195","InPost","INPST.AS","8825125441","17.6531","Luxembourg"
"2196","Legence Corp.","LGN","8822102016","53.7","United States"
"2197","Voestalpine","VAS.F","8821348135","51.4512","Austria"
"2198","SK Innovation","096775.KS","8811707834","52.3807","South Korea"
"2199","Porsche SE","PAH3.DE","8791666068","28.7075","Germany"
"2200","CareTrust REIT","CTRE","8790107136","37.2","United States"
"2201","Nippon Express","9147.T","8787071093","36.9789","Japan"
"2202","Enel Américas","ENELAM.SN","8784251525","0.0852934","Chile"
"2203","ENN Natural Gas Co.,Ltd.","600803.SS","8776770602","2.83562","China"
"2204","Makita","6586.T","8773297236","34.0505","Japan"
"2205","Element Solutions","ESI","8765387776","35.97","United States"
"2206","Eisai","4523.T","8735129996","30.9497","Japan"
"2207","Securitas AB","SECU-B.ST","8729602407","15.2497","Sweden"
"2208","Lineage","LINE","8723298304","35.07","United States"
"2209","Mengniu Dairy","2319.HK","8707290579","2.25346","China"
"2210","Pilbara Minerals","PLS.AX","8693546224","2.69488","Australia"
"2211","Sunny Optical","2382.HK","8687102154","8.08723","China"
"2212","Sirius XM","SIRI","8682843136","25.76","United States"
"2213","MIXUE Group","2097.HK","8680374767","22.866","China"
"2214","KBC Ancora","KBCA.BR","8679111986","112.698","Belgium"
"2215","Multi Commodity Exchange","MCX.NS","8675435922","34.0863","India"
"2216","Kinetik","KNTK","8656265216","51.16","United States"
"2217","Pure Health Holding","PUREHEALTH.AE","8652900935","0.78","United Arab Emirates"
"2218","Full Truck Alliance","YMM","8649545728","8.27","China"
"2219","Kyoto Financial Group","5844.T","8642395836","30.8413","Japan"
"2220","Pentair","PNR","8641048576","53.47","United Kingdom"
"2221","Tetra Tech","TTEK","8628697088","33.7","United States"
"2222","Range Resources","RRC","8618100736","36.88","United States"
"2223","Chandra Asri Petrochemical","TPIA.JK","8617563752","0.0996659","Indonesia"
"2224","HELLA","HLE.F","8616779761","77.551","Germany"
"2225","Voya Financial","VOYA","8614806528","95.09","United States"
"2226","Ayvens","AYV.PA","8604587544","11.1111","France"
"2227","TG Therapeutics","TGTX","8600949760","56.19","United States"
"2228","Abivax","ABVX","8596245504","98.5","France"
"2229","Merlin Properties","MRL.MC","8592741304","13.8776","Spain"
"2230","Svenska Cellulosa Aktiebolaget (SCA)","SCA-B.ST","8591626502","12.2328","Sweden"
"2231","Huadian Power International","600027.SS","8591050239","0.739857","China"
"2232","CubeSmart","CUBE","8585750016","37.87","United States"
"2233","West Japan Railway","9021.T","8569586145","18.8308","Japan"
"2234","Hainan Airlines","900945.SS","8556695552","0.198","China"
"2235","Thai Beverage","Y92.SI","8554011305","0.340368","Thailand"
"2236","Abu Dhabi Ports","ADPORTS.AE","8551477440","1.68","United Arab Emirates"
"2237","Rexford Industrial","REXR","8550964224","37.4","United States"
"2238","Persistent Systems","PERSISTENT.NS","8550548127","54.7302","India"
"2239","Renault","RNO.PA","8549966666","29.5465","France"
"2240","Brixmor Property Group","BRX","8549463040","27.86","United States"
"2241","Applied Optoelectronics","AAOI","8547515904","100.67","United States"
"2242","SPX Technologies","SPXC","8546150400","170.63","United States"
"2243","San’an Optoelectronics","600703.SS","8543247279","1.71241","China"
"2244","NIO","NIO","8519268352","3.4","China"
"2245","Primerica","PRI","8490855424","275.88","United States"
"2246","Codan Limited","CDA.AX","8486197298","46.5451","Australia"
"2247","TIM S.A.","TIMB","8484447744","17.86","Brazil"
"2248","Toppan","7911.T","8476146192","15.0634","Japan"
"2249","ASMPT
 (ASM Pacific Technology)","0522.HK","8467213820","20.1894","Hong Kong"
"2250","Mohawk Industries","MHK","8456429568","124.84","United States"
"2251","Dixon Technologies","DIXON.NS","8453856925","139.039","India"
"2252","YANGHE","002304.SZ","8451282792","5.61008","China"
"2253","New Oriental","EDU","8446011904","54.48","China"
"2254","PetGas (Petronas Gas)","6033.KL","8439352558","4.26503","Malaysia"
"2255","Agree Realty","ADC","8437905920","67.65","United States"
"2256","Mitsui Mining &amp; Smelting","5706.T","8437648633","14.7475","Japan"
"2257","Motor Oil (Hellas) Corinth Refineries","MOH.AT","8436154062","77.6644","Greece"
"2258","Vaxcyte","PCVX","8435770880","56.69","United States"
"2259","MISC Berhad","3816.KL","8423609410","1.88712","Malaysia"
"2260","Ryman Hospitality Properties","RHP","8421601792","122.08","United States"
"2261","Nordnet AB","SAVE.ST","8415016195","33.8616","Sweden"
"2262","Avnet","AVT","8412480000","102.5","United States"
"2263","Storebrand","STB.OL","8411024355","20.2065","Norway"
"2264","Konecranes","KCR.HE","8410225849","35.3902","Finland"
"2265","MaxLinear","MXL","8409072640","92.72","United States"
"2266","CarMax","KMX","8406779904","59.23","United States"
"2267","Japan Airlines","9201.T","8399764045","19.5422","Japan"
"2268","Booz Allen Hamilton","BAH","8385065472","69.71","United States"
"2269","Hulic","3003.T","8384867105","11.0407","Japan"
"2270","China Rare Earth Resources And Technology","000831.SZ","8380224768","7.89678","China"
"2271","First Industrial Realty Trust","FR","8378555904","61.15","United States"
"2272","Shanghai Airport (AVINEX)","600009.SS","8373559604","3.36516","China"
"2273","Zain (Mobile Telecommunications Company)","ZAIN.KW","8369961842","1934.33","Kuwait"
"2274","InterDigital","IDCC","8368888320","324.3","United States"
"2275","The Hachijuni Bank","8359.T","8365328148","18.4033","Japan"
"2276","PChem (Petronas Chemicals Group)","5183.KL","8363190575","1.0454","Malaysia"
"2277","Empresas Copec","COPEC.SN","8358170839","6.43009","Chile"
"2278","Tingyi (master kang)","0322.HK","8356527270","1.48234","China"
"2279","China Zheshang Bank","2016.HK","8348924895","0.303988","China"
"2280","Alexandria Real Estate Equities","ARE","8341458432","48.47","United States"
"2281","Brinker International","EAT","8338977792","199.11","United States"
"2282","NewMarket Corp","NEU","8319344640","904.63","United States"
"2283","Shree Cement","SHREECEM.NS","8315337533","230.465","India"
"2284","PGE Polska","PGE.WA","8309530907","3.70347","Poland"
"2285","Central Pattana","CPN.BK","8301192990","1.84964","Thailand"
"2286","Kunlun Energy Company","0135.HK","8294971108","0.962311","Hong Kong"
"2287","Quiñenco","QUINENCO.SN","8284143921","4.98217","Chile"
"2288","DB Insurance","005830.KS","8283149420","136.588","South Korea"
"2289","Autoliv","ALV","8278734848","113.04","Sweden"
"2290","Info Edge","NAUKRI.NS","8277921654","12.7797","India"
"2291","Banca Generali","BGN.MI","8271640108","72.5057","Italy"
"2292","Toho Co.","9602.T","8271383936","9.94334","Japan"
"2293","Gap Inc.","GAP","8268899328","23.54","United States"
"2294","Bank Muscat","BKMB.OM","8266785541","1.1013","Oman"
"2295","Western Alliance Bancorporation","WAL","8265481728","75.76","United States"
"2296","Credito Emiliano","CE.MI","8236067139","24.2177","Italy"
"2297","Tokyo Century","8439.T","8232408879","16.8434","Japan"
"2298","Founder Securities","601901.SS","8227189313","0.999403","China"
"2299","Rural Electrification Corp","RECLTD.NS","8220936472","3.122","India"
"2300","Localiza","RENT3.SA","8216689975","7.43851","Brazil"
"2301","SalMar ASA","SALM.OL","8216273387","60.6196","Norway"
"2302","Accelleron Industries","ACLN.SW","8214557136","87.3459","Switzerland"
"2303","Oshkosh Corporation","OSK","8210419712","131.68","United States"
"2304","Jardine Cycle &amp; Carriage","C07.SI","8207609381","20.7663","Singapore"
"2305","ANA Holdings","9202.T","8199475721","19.0956","Japan"
"2306","Federal Bank","FEDERALBNK.NS","8198655735","3.31892","India"
"2307","Coforge","COFORGE.NS","8186382245","18.4778","India"
"2308","Lion Finance Group PLC","BGEO.L","8184953666","190.222","United Kingdom"
"2309","Zabka Group","ZAB.WA","8184125366","8.19072","Poland"
"2310","Davide Campari-Milano","CPR.MI","8172525735","6.81406","Italy"
"2311","Turkish Airlines","THYAO.IS","8162803088","5.94834","Turkey"
"2312","Meridian Energy","MEZ.AX","8162599886","3.08186","New Zealand"
"2313","Timken Company","TKR","8148926464","117.26","United States"
"2314","AGCO","AGCO","8134885888","116.16","United States"
"2315","ASX","ASX.AX","8127496008","41.1832","Australia"
"2316","Buenaventura Mining Company","BVN","8125039616","31.99","Peru"
"2317","SPIE","SPIE.PA","8116827451","48.0499","France"
"2318","Dycom Industries","DY","8114503680","269.04","United States"
"2319","Columbia Banking System","COLB","8114019840","28.69","United States"
"2320","SentinelOne","S","8113025024","23.31","United States"
"2321","Pirelli","PIRC.MI","8112013374","7.47732","Italy"
"2322","Acciona Energías Renovables","ANE.MC","8110056513","24.9887","Spain"
"2323","Sembcorp","U96.SI","8107800572","4.55388","Singapore"
"2324","Westlake Corporation","WLK","8101022720","63.39","United States"
"2325","Zhaojin Mining Industry Company","1818.HK","8100046568","2.2866","China"
"2326","ICICI Lombard","ICICIGI.NS","8093363872","16.1992","India"
"2327","Taesa (Transmissora Aliança de Energia Elétrica)","TAEE11.SA","8092737700","7.83042","Brazil"
"2328","MP Materials","MP","8091154944","45.43","United States"
"2329","RHB Bank","1066.KL","8087110111","1.85276","Malaysia"
"2330","Omron","6645.T","8079044159","41.0877","Japan"
"2331","MBME GROUP","MBME.AE","8073257081","2.94","United Arab Emirates"
"2332","Kratos Defense &amp; Security Solutions","KTOS","8072735232","43.05","United States"
"2333","Mallplaza","MALLPLAZA.SN","8071698466","3.68571","Chile"
"2334","Auckland Airport","AIA.AX","8066020310","4.74481","New Zealand"
"2335","Nedbank","NED.JO","8058783900","17.6378","South Africa"
"2336","Dai Nippon Printing","7912.T","8056984747","18.8308","Japan"
"2337","Wynn Resorts","WYNN","8055647744","78.23","United States"
"2338","Prosperity Bancshares","PB","8041028096","66.91","United States"
"2339","Riot Platforms","RIOT","8026788352","21.39","United States"
"2340","Ecopro","086520.KQ","8023947507","59.2322","South Korea"
"2341","Zhejiang Chint Electrics","601877.SS","8010550993","3.72763","China"
"2342","Kingboard Holdings","0148.HK","8006905727","7.13767","Hong Kong"
"2343","A2A","A2A.MI","7987774430","2.55329","Italy"
"2344","Infratil","IFT.NZ","7985025695","7.99052","New Zealand"
"2345","Aurubis","NDA.F","7979405379","182.766","Germany"
"2346","Investec","INVR.L","7978939614","9.04733","United Kingdom"
"2347","Hualu Hengsheng","600426.SS","7978280940","2.90125","China"
"2348","NTPC Green Energy","NTPCGREEN.NS","7968930144","0.945718","India"
"2349","Bank of the Philippine Islands","BPHLY","7968377856","30.09","Philippines"
"2350","Nemetschek","NEM.F","7961269434","68.9342","Germany"
"2351","Metlen Energy &amp; Metals","MTLN.AT","7959627783","55.941","Greece"
"2352","Bank of Ayudhya","BAY.BK","7954843446","1.08144","Thailand"
"2353","PSP Swiss Property","PSPN.SW","7952253818","173.373","Switzerland"
"2354","Commercial Bank of Dubai","CBD.AE","7949673729","2.66304","United Arab Emirates"
"2355","Gotion High-tech Co.,Ltd.","002074.SZ","7944837198","4.37798","China"
"2356","Lear Corporation","LEA","7943700992","119.32","United States"
"2357","Wallenius Wilhelmsen","WAWI.OL","7941345200","18.7796","Norway"
"2358","Ecopro BM","247540.KQ","7940268922","80.0077","South Korea"
"2359","Commerce Bancshares","CBSH","7936102400","55.33","United States"
"2360","NNN REIT","NNN","7934443520","41.34","United States"
"2361","ENGIE Brasil","EGIE3.SA","7932454626","5.60051","Brazil"
"2362","Steel Authority of India","SAIL.NS","7930969384","1.92009","India"
"2363","MGM Resorts","MGM","7930203648","31.52","United States"
"2364","Gildan","GIL","7924359168","42.79","Canada"
"2365","Galaxy Digital Holdings","7LX.F","7887111260","22.3715","United States"
"2366","A. O. Smith","AOS","7885415424","58.02","United States"
"2367","OUTsurance Group","OUT.JO","7881131300","5.09075","South Africa"
"2368","Indoritel","DNET.JK","7877806229","0.555401","Indonesia"
"2369","Hiscox","HSX.L","7877767884","24.869","Bermuda"
"2370","SM Energy","SM","7875347968","33.11","United States"
"2371","StoneX Group","SNEX","7870241792","65.25","United States"
"2372","Hindustan Petroleum","HINDPETRO.NS","7866824268","3.69712","India"
"2373","Sagax","SAGA-B.ST","7865950458","15.9002","Sweden"
"2374","Praxis Precision Medicines","PRAX","7845516800","281","United States"
"2375","Oracle Corp Japan","4716.T","7845396191","61.2168","Japan"
"2376","AU Small Finance Bank","AUBANK.NS","7843958364","10.4668","India"
"2377","AptarGroup","ATR","7838917120","123.29","United States"
"2378","Lincoln National Corporation","LNC","7834024448","40.92","United States"
"2379","Ultrapar Participacoes","UGP","7821650944","7.34","Brazil"
"2380","JD Logistics","2618.HK","7820432969","1.27713","China"
"2381","BOK Financial","BOKF","7814949888","128.62","United States"
"2382","CAE Inc.","CAE","7804840448","24.25","Canada"
"2383","AGC","5201.T","7796829358","36.7046","Japan"
"2384","Melrose Industries","MRO.L","7795115467","6.25562","United Kingdom"
"2385","Alstom","ALO.PA","7794187933","16.8481","France"
"2386","GitLab","GTLB","7782586880","46.71","United States"
"2387","Petrovietnam Gas","GAS.VN","7767524120","3.2191","Vietnam"
"2388","PhosAgro","PHOR.ME","7766299757","59.83","Russia"
"2389","CITIC Metal","601061.SS","7762230992","1.58413","China"
"2390","HD Hyundai Marine Solution","443060.KS","7761600724","173.129","South Korea"
"2391","Zurn Elkay Water Solutions","ZWS","7760781312","46.79","United States"
"2392","Hess Midstream","HESM","7758492160","37.63","United States"
"2393","UGI Corporation","UGI","7753993216","36.15","United States"
"2394","eMemory Technology","3529.TWO","7753747394","103.817","Taiwan"
"2395","Vicinity Centres","VCX.AX","7750737275","1.65598","Australia"
"2396","Tongwei Co.,Ltd","600438.SS","7749548911","1.72136","China"
"2397","Kunlun Tech","300418.SZ","7747777685","6.02924","China"
"2398","Ralliant Corporation","RAL","7742587904","69.98","United States"
"2399","Taiyo Yuden","6976.T","7737040064","59.3985","Japan"
"2400","China Resources Beer","0291.HK","7736115102","2.38475","Hong Kong"
"2401","Games Workshop Group","GAW.L","7724066289","233.743","United Kingdom"
"2402","WiseTech Global","WTC.AX","7701766344","22.9013","Australia"
"2403","Gamuda Berhad","5398.KL","7690314741","1.27117","Malaysia"
"2404","Core &amp; Main","CNM","7683916288","41.66","United States"
"2405","Hinge Health","HNGE","7682915328","95.21","United States"
"2406","Yaskawa","6506.T","7679864884","29.6099","Japan"
"2407","Oil India","OIL.NS","7677154296","4.71973","India"
"2408","Capstone Copper","CS.TO","7673880153","10.045","Canada"
"2409","Silan Microelectronics","600460.SS","7672502687","4.61068","China"
"2410","The Gunma Bank","8334.T","7655091844","20.2248","Japan"
"2411","NHPC Limited","NHPC.NS","7642096156","0.760783","India"
"2412","Orica","ORI.AX","7630901720","16.4621","Australia"
"2413","Ozon","OZON.ME","7629492555","34.96","United States"
"2414","Ionis Pharmaceuticals","IONS","7626198528","45.89","United States"
"2415","TMBThanachart Bank (ttb)","TTB.BK","7625219562","0.0871122","Thailand"
"2416","kyowa Kirin","4151.T","7624737678","14.5625","Japan"
"2417","Korea Investment Holdings","071050.KS","7619195486","130.473","South Korea"
"2418","Empire Company","EMP-A.TO","7609289840","34.0164","Canada"
"2419","SM Prime Holdings","SPHXF","7603890688","0.2672","Philippines"
"2420","Applied Digital","APLD","7601914368","25.41","United States"
"2421","Levi Strauss &amp; Co.","LEVI","7600798720","19.75","United States"
"2422","Shanghai Lujiazui Finance & Trade Zone Development Co.,Ltd.","600663.SS","7593288100","1.50805","China"
"2423","Barito Pacific","BRPT.JK","7591903692","0.0810134","Indonesia"
"2424","Hanover Insurance Group","THG","7589415424","217.96","United States"
"2425","SRF Limited","SRF.NS","7584943003","25.5897","India"
"2426","Idacorp","IDA","7584248320","131.12","United States"
"2427","Central Bancompany","CBC","7582732800","31.66","United States"
"2428","Apar Industries","APARINDS.NS","7581344600","181.059","India"
"2429","VZ Holding","VZN.SW","7574069705","192.317","Switzerland"
"2430","AECOM","ACM","7573784576","58.85","United States"
"2431","Yuntianhua","600096.SS","7567695432","4.15125","China"
"2432","The Lottery Corporation","TLC.AX","7565637608","3.39911","Australia"
"2433","Fortune Electric Co., Ltd.","1519.TW","7563878778","21.7685","Taiwan"
"2434","Shanghai Commercial and Savings Bank","5876.TW","7563325011","1.5439","Taiwan"
"2435","Choice Properties REIT","CHP-UN.TO","7561312359","10.4465","Canada"
"2436","Stantec","STN","7557755904","67.24","Canada"
"2437","BKW AG","BKW.SW","7548217400","143.039","Switzerland"
"2438","Pegatron","4938.TW","7547625500","2.82079","Taiwan"
"2439","Paylocity","PCTY","7544169984","142.19","United States"
"2440","Beijer Ref","BEIJ-B.ST","7543954763","14.8795","Sweden"
"2441","AirTAC International","1590.TW","7538872784","37.6944","Taiwan"
"2442","TeraWulf","WULF","7529437184","15.09","United States"
"2443","Procore","PCOR","7527867904","49.54","United States"
"2444","Cinda Securities","601059.SS","7527010983","2.321","China"
"2445","Sojitz Corporation","2768.T","7526582953","36.175","Japan"
"2446","Yealink Network Technology","300628.SZ","7525162773","5.93974","China"
"2447","Eastman Chemical","EMN","7516975616","65.75","United States"
"2448","First International Bank of Israel","FIBI.TA","7511677632","74.8942","Israel"
"2449","Shimadzu","7701.T","7510252682","25.9924","Japan"
"2450","Yokogawa Electric Corporation","6841.T","7508947298","30.1586","Japan"
"2451","Buzzi Unicem","BZU.MI","7504746564","42.517","Italy"
"2452","M3, Inc","2413.T","7503274185","11.2608","Japan"
"2453","CPI Property Group","O5G.DE","7503196632","0.839002","Luxembourg"
"2454","Compagnie du Cambodge","CBDG.PA","7502517449","123.583","France"
"2455","Smithfield Foods","SFD","7485518848","19.01","United States"
"2456","Commercial International Bank","CIN.F","7481355944","2.26757","Egypt"
"2457","Telekom Malaysia","4863.KL","7477704187","1.94847","Malaysia"
"2458","Hitachi Construction Machinery","6305.T","7474635165","35.8752","Japan"
"2459","Dahua Technology","002236.SZ","7470926820","2.2852","China"
"2460","Wharf Holdings","0004.HK","7459235581","2.44083","Hong Kong"
"2461","Canadian Tire","CTC.TO","7457708470","142.997","Canada"
"2462","Shanghai Allist Pharmaceuticals","688578.SS","7457487737","16.5722","China"
"2463","Hyundai Autoever Corporation","307950.KS","7455188672","271.849","South Korea"
"2464","NH Investment & Securities Co., Ltd.","005940.KS","7427535287","19.1731","South Korea"
"2465","Food &amp; Life Companies","3563.T","7426880330","32.6787","Japan"
"2466","Akbank","AKBNK.IS","7417157600","1.42638","Turkey"
"2467","Sunway","5211.KL","7415725422","1.09693","Malaysia"
"2468","Avolta AG","AVOL.SW","7411034990","52.3716","Switzerland"
"2469","ALS Global","ALQ.AX","7410361886","14.6005","Australia"
"2470","GS Holdings Corp.","078930.KS","7400366263","78.1659","South Korea"
"2471","Celcomdigi","6947.KL","7398337775","0.630675","Malaysia"
"2472","VinFast Auto","VFS","7392934400","3.16","Vietnam"
"2473","Computacenter","CCC.L","7385664463","70.3741","United Kingdom"
"2474","Sumco Corporation","3436.T","7383431341","21.1117","Japan"
"2475","Industrial Securities","601377.SS","7381295661","0.854714","China"
"2476","Silicon Labs","SLAB","7379726336","221.17","United States"
"2477","Vista Energy","VIST","7379287040","66.71","Mexico"
"2478","Zurich Airport","FHZN.SW","7375990454","240.276","Switzerland"
"2479","Iyogin Holdings","5830.T","7375047109","25.7883","Japan"
"2480","Sibanye-Stillwater","SBSW","7371143168","10.19","South Africa"
"2481","Bharti Hexacom","BHARTIHEXA.NS","7364554825","14.7291","India"
"2482","Kinsale Capital Group","KNSL","7363125760","323.25","United States"
"2483","Spyre Therapeutics","SYRE","7357191168","84.72","United States"
"2484","Chord Energy","CHRD","7351941120","134.41","United States"
"2485","Rational AG","RAA.F","7341513363","645.692","Germany"
"2486","Chewy","CHWY","7339191808","18.26","United States"
"2487","National Fuel Gas","NFG","7331778560","77.14","United States"
"2488","Edenred","EDEN.PA","7329921210","31.9955","France"
"2489","Bank Millennium","MIL.WA","7326331057","6.04442","Poland"
"2490","Bachem","BANB.SW","7322485950","97.7171","Switzerland"
"2491","Smoore International Holdings","6969.HK","7320379731","1.18154","China"
"2492","IOI Corporation Berhad","1961.KL","7310881387","1.16319","Malaysia"
"2493","Reece Group","REH.AX","7308023292","11.8812","Australia"
"2494","Ampol","ALD.AX","7290960434","30.5955","Australia"
"2495","Shandong Hi-Speed","600350.SS","7283586754","1.50656","China"
"2496","CTP N.V.","CTPNV.AS","7280529465","14.8526","Netherlands"
"2497","AeroVironment","AVAV","7279558144","143.24","United States"
"2498","DCC plc","DCC.L","7271605685","85.1236","Ireland"
"2499","Zeta Global","ZETA","7269353472","28.96","United States"
"2500","EVA Air","2618.TW","7269013603","1.346","Taiwan"
"2501","STAG Industrial","STAG","7260048896","36.89","United States"
"2502","Luzerner Kantonalbank","LUKN.SW","7255361302","146.516","Switzerland"
"2503","IndusInd Bank","INDUSINDBK.NS","7249990417","9.30506","India"
"2504","Brother Industries","6448.T","7245733746","29.3547","Japan"
"2505","IDFC FIRST Bank","IDFCFIRSTB.NS","7238393591","0.839446","India"
"2506","Grupo Aeroportuario del Sureste
(ASUR)","ASR","7236527104","240.96","Mexico"
"2507","Stockland","SGP.AX","7231182598","2.97378","Australia"
"2508","Huadong Medicine (HD Medicine)","000963.SZ","7227885675","4.12142","China"
"2509","Clearway Energy","CWEN","7223968768","29.29","United States"
"2510","Terreno Realty","TRNO","7219282944","66.25","United States"
"2511","Isetan Mitsukoshi Holdings","3099.T","7219126812","10.4027","Japan"
"2512","HealthEquity","HQY","7216909824","87.25","United States"
"2513","Mineral Resources","MIN.AX","7211545103","36.3234","Australia"
"2514","Phoenix Mills","PHOENIXLTD.NS","7204611621","20.1427","India"
"2515","The Yokohama Rubber Company","5101.T","7202083221","45.6558","Japan"
"2516","Meiji Holdings","2269.T","7200526126","26.5539","Japan"
"2517","StandardAero","SARO","7197497344","21.75","United States"
"2518","Baycurrent","6532.T","7191749693","48.9288","Japan"
"2519","Deutsche Wohnen","DWNI.DE","7173626539","18.0726","Germany"
"2520","Barry Callebaut","BARN.SW","7171870629","1308.09","Switzerland"
"2521","Arcosa","ACA","7169593856","146","United States"
"2522","Waaree Energies Limited (WEL)","WAAREEENER.NS","7165808274","24.9114","India"
"2523","Kandenko","1942.T","7165050771","36.0028","Japan"
"2524","Wuhan Guide Infrared","002414.SZ","7160362773","1.67661","China"
"2525","Kinden Corporation","1944.T","7154846025","43.4993","Japan"
"2526","Sysmex","6869.T","7150954958","11.8159","Japan"
"2527","Bank Negara Indonesia","BBNI.JK","7149617137","0.192094","Indonesia"
"2528","JFE Holdings","5411.T","7141100600","11.2257","Japan"
"2529","Discovery Silver Corp.","DSV.TO","7139818440","8.77001","Canada"
"2530","Camtek","CAMT","7131830784","152.82","Israel"
"2531","Simpson Manufacturing Company","SSD","7130924544","173.99","United States"
"2532","The Mosaic Company","MOS","7127220224","22.42","United States"
"2533","Victoria's Secret &amp; Co","VSXY","7117345792","89.23","United States"
"2534","Sinotrans Limited","601598.SS","7115967851","0.991945","China"
"2535","Dropbox","DBX","7110373888","32.7","United States"
"2536","Posco International","047050.KS","7107242082","41.6983","South Korea"
"2537","NKT A/S","NKT.CO","7096831571","132.774","Denmark"
"2538","Plexus","PLXS","7092923392","266.13","United States"
"2539","Nissan Chemical","4021.T","7092137385","53.1652","Japan"
"2540","Xero","XRO.AX","7091960156","40.1443","New Zealand"
"2541","Bajaj Housing Finance Limited (BHFL)","BAJAJHFL.NS","7084308887","0.850594","India"
"2542","Desay SV","002920.SZ","7082659135","11.8675","China"
"2543","Migdal Insurance and Financial Holdings","MGDL.TA","7074372627","6.67535","Israel"
"2544","National Mineral Development Corporation","NMDC.NS","7072475126","0.804438","India"
"2545","Netskope","NTSK","7056310272","17.27","United States"
"2546","B2Gold","BTG","7054517760","5.34","Canada"
"2547","Amorepacific","090430.KS","7053292604","102.33","South Korea"
"2548","Ono Pharmaceutical","4528.T","7049898449","15.0027","Japan"
"2549","Rakuten Bank","5838.T","7047758487","40.3859","Japan"
"2550","Randstad","RAND.AS","7043886208","40.1474","Netherlands"
"2551","Kingfisher","KGF.L","7042838615","4.34811","United Kingdom"
"2552","Dabur","DABUR.NS","7042782499","3.9701","India"
"2553","SSR Mining","SSRM","7042246656","33.94","Canada"
"2554","Intermediate Capital Group (ICG)","ICG.L","7039649959","24.2209","United Kingdom"
"2555","Amneal Pharmaceuticals","AMRX","7035579904","20.2","United States"
"2556","Valley Bank","VLY","7029138944","12.72","United States"
"2557","Light &amp; Wonder","LNW","7028988928","86.22","United States"
"2558","A1 Telekom Austria","TA1.F","7024842943","10.5782","Austria"
"2559","Spirax-Sarco Engineering","SPX.L","7023670108","95.177","United Kingdom"
"2560","AXIS Capital","AXS","7021400576","95.24","Bermuda"
"2561","Aaon","AAON","7017217536","85.105","United States"
"2562","Celsius Holdings","CELH","7011600896","27.71","United States"
"2563","Remgro Limited","REM.JO","7009008400","12.5897","South Africa"
"2564","UNO Minda","UNOMINDA.NS","6994098225","12.1119","India"
"2565","NextVision Stabilized Systems","NXSN.TA","6993199874","75.5655","Israel"
"2566","Morningstar","MORN","6990654464","186.35","United States"
"2567","Axalta","AXTA","6985612800","32.64","United States"
"2568","HK Electric Investments","2638.HK","6982734983","0.790242","Hong Kong"
"2569","International Games System","3293.TWO","6975330588","24.7526","Taiwan"
"2570","Federal Signal","FSS","6974614528","114.26","United States"
"2571","KakaoBank","323410.KS","6971478075","14.6312","South Korea"
"2572","Primo Brands","PRMB","6967416320","19.25","United States"
"2573","Kirby Corporation","KEX","6966432256","131.94","United States"
"2574","MSA Safety","MSA","6965695488","180.56","United States"
"2575","MSC Industrial Direct","MSM","6955656192","124.55","United States"
"2576","Vornado Realty Trust","VNO","6940401152","33.89","United States"
"2577","President Chain Store (PSCS)","2912.TW","6939523557","6.67504","Taiwan"
"2578","South Bow","SOBO","6937640960","33.26","Canada"
"2579","Glenmark Pharmaceuticals","GLENMARK.NS","6935939977","24.576","India"
"2580","AppFolio","APPF","6935355392","195.82","United States"
"2581","Empyrean Technology","301269.SZ","6924435861","12.6387","China"
"2582","Compass","COMP","6916477952","9.01","United States"
"2583","Yes Bank","YESBANK.NS","6913573889","0.220254","India"
"2584","Immunovant","IMVT","6911252992","33.46","United States"
"2585","St. James's Place","STJ.L","6907089800","14.0219","United Kingdom"
"2586","Oklo","OKLO","6903115264","37.11","United States"
"2587","Shin Kong Financial Holding","2888.TW","6901126407","0.389619","Taiwan"
"2588","ENN Energy","2688.HK","6895860542","6.20212","China"
"2589","Armstrong World Industries","AWI","6892643840","163.09","United States"
"2590","ESCO Technologies","ESE","6883381760","265.69","United States"
"2591","Richter Gedeon","RIG2.F","6882037905","37.7324","Hungary"
"2592","Solaris Energy Infrastructure","SEI","6876805120","68.34","United States"
"2593","Samsung E&A","028050.KS","6873291833","35.0678","South Korea"
"2594","Powell Industries","POWL","6865908736","188.46","United States"
"2595","Commercial Metals Company","CMC","6864240128","62.05","United States"
"2596","Schaeffler","SHA0.DE","6856306132","7.25624","Germany"
"2597","Cipher Mining","CIFR","6852157440","16.51","United States"
"2598","Alkermes","ALKS","6844741120","40.8","Ireland"
"2599","Swiggy","SWIGGY.NS","6842085846","2.61148","India"
"2600","Adani Total Gas","ATGL.NS","6829410182","6.20963","India"
"2601","Allegro MicroSystems","ALGM","6822314496","36.6","United States"
"2602","Capital Power","CPX.TO","6802768580","43.3077","Canada"
"2603","Descartes Systems Group","DSGX","6798115328","79.465","Canada"
"2604","Norwegian Cruise Line","NCLH","6795980288","14.8","United States"
"2605","Victory Capital","VCTR","6790657024","110.4","United States"
"2606","Havells India","HAVELLS.NS","6783655158","10.8095","India"
"2607","Maxis Berhad","6012.KL","6773863094","0.863804","Malaysia"
"2608","Matson","MATX","6771039744","226.43","United States"
"2609","NOV","NOV","6765954560","18.98","United States"
"2610","Conagra Brands","CAG","6762132480","14.13","United States"
"2611","Macerich","MAC","6753245184","22.89","United States"
"2612","Lottomatica Group","LTMC.MI","6749184938","29.127","Italy"
"2613","Gates Industrial Corp","GTES","6743946752","26.64","United States"
"2614","De' Longhi","DLG.MI","6743820549","45.5329","Italy"
"2615","Getinge","GETI-B.ST","6734555412","24.7258","Sweden"
"2616","ISS A/S","ISS.CO","6734199567","43.798","Denmark"
"2617","Nippon Building Fund","8951.T","6731969544","763.695","Japan"
"2618","Global-e","GLBE","6728774144","40.06","Israel"
"2619","ICICI Prulife","ICICIPRULI.NS","6715799658","4.62909","India"
"2620","Samyang Foods","003230.KS","6715152200","891.43","South Korea"
"2621","Molson Coors","TAP","6714205696","36.01","United States"
"2622","Seiko Epson Corporation","6724.T","6713653600","20.9522","Japan"
"2623","Belite Bio","BLTE","6711755776","166.66","United States"
"2624","easyJet","EZJ.L","6702381908","8.96608","United Kingdom"
"2625","Hims &amp; Hers Health","HIMS","6696095232","28.7","United States"
"2626","Noble Corporation","NE","6695394816","41.94","United Kingdom"
"2627","Chemed","CHE","6692473344","512.05","United States"
"2628","Oberbank","OBS.VI","6692034246","94.7846","Austria"
"2629","PACS Group","PACS","6687008256","42.25","United States"
"2630","Dutch Bros","BROS","6682604032","38.1","United States"
"2631","Yunnan Energy New Material","002812.SZ","6682159049","6.80937","China"
"2632","Oberoi Realty","OBEROIRLTY.NS","6678037595","18.3663","India"
"2633","Nissan","7201.T","6676537943","1.90956","Japan"
"2634","Umm Al Qura for development and construction","4325.SR","6674987726","4.63977","Saudi Arabia"
"2635","ICL Group","ICL","6673013760","5.17","Israel"
"2636","Duolingo","DUOL","6672657408","142.62","United States"
"2637","Scor","SCR.PA","6668478764","37.3243","France"
"2638","Fluor Corporation","FLR","6664317440","49.83","United States"
"2639","Aura Minerals","AUGO","6653291520","79.36","United States"
"2640","Technology One","TNE.AX","6651456677","20.3179","Australia"
"2641","Arabian Internet and Communications Services","7202.SR","6647685968","55.8263","Saudi Arabia"
"2642","Elisa","ELISA.HE","6637806947","41.3379","Finland"
"2643","Square Enix","9684.T","6634176078","18.3938","Japan"
"2644","Hanwha Corporation","000880.KS","6629716165","92.2372","South Korea"
"2645","Tokyo Ohka Kogyo Co., Ltd.","4186.T","6618890701","55.1685","Japan"
"2646","Halkbank","HALKB.IS","6618077962","0.921125","Turkey"
"2647","Türkiye Is Bankasi","ISCTR.IS","6606428526","0.264257","Turkey"
"2648","ALK-Abelló","ALK-B.CO","6596548736","29.7699","Denmark"
"2649","RBL Bank","RBLBANK.NS","6595854716","4.25089","India"
"2650","Mycronic","MYCR.ST","6592626798","33.7616","Sweden"
"2651","SenseTime","0020.HK","6591550449","0.156136","China"
"2652","Nexans","NEX.PA","6587279166","151.02","France"
"2653","National Aluminum &amp; Alloy","NATIONALUM.NS","6582634853","3.58408","India"
"2654","Figure Technology Solutions","FIGR","6574271488","29.3","United States"
"2655","HORIBA","6856.T","6571145901","156.376","Japan"
"2656","Lundbeck","HLUN-B.CO","6569278348","6.62126","Denmark"
"2657","EnerSys","ENS","6567477760","182.1","United States"
"2658","Rhythm Pharmaceuticals","RYTM","6565091328","95.71","United States"
"2659","Bezeq","BEZQ.TA","6564977492","2.3901","Israel"
"2660","Sonic Healthcare","SHL.AX","6561351534","13.2757","Australia"
"2661","PTT Global Chemical","PTTGC.BK","6557470093","1.45436","Thailand"
"2662","Ringkjøbing Landbobank","RILBA.CO","6555973310","278.439","Denmark"
"2663","Changjiang Securities","000783.SZ","6549639030","1.18437","China"
"2664","Daito Trust Construction","1878.T","6548395329","20.1036","Japan"
"2665","Prestige Group","PRESTIGE.NS","6547117183","15.2","India"
"2666","Iovance Biotherapeutics","IOVA","6545437184","14.45","United States"
"2667","Kimberly-Clark de México","KIMBERA.MX","6542991846","2.18038","Mexico"
"2668","First American Financial Corporation","FAF","6537462784","64.03","United States"
"2669","China National Chemical Engineering (CNCEC)","601117.SS","6529962467","1.06951","China"
"2670","Bank of East Asia","0023.HK","6527294143","2.46632","Hong Kong"
"2671","Torrent Power","TORNTPOWER.NS","6525335579","12.9496","India"
"2672","Sailun Group","601058.SS","6523230094","1.98389","China"
"2673","Swissquote","SQN.SW","6516188454","43.4751","Switzerland"
"2674","Yang Ming","2609.TW","6515815858","1.86587","Taiwan"
"2675","YTL Corporation Berhad","1773.T","6513767094","0.555066","Malaysia"
"2676","EnPro Industries","NPO","6513718272","307.72","United States"
"2677","TAL Education Group","TAL","6506645504","11.73","China"
"2678","INWIT","INW.MI","6502640112","7.20522","Italy"
"2679","Fraport","FRA.DE","6500067341","70.2948","Germany"
"2680","Copenhagen Airport","KBHL.CO","6498490627","828.037","Denmark"
"2681","Lantheus Holdings","LNTH","6497990656","99.51","United States"
"2682","99 Speed Mart Retail","5326.KL","6493251900","0.773006","Malaysia"
"2683","Pilgrim's Pride","PPC","6493219840","27.27","United States"
"2684","Hanjin Kal","180640.KS","6492423369","97.2469","South Korea"
"2685","Sekisui Chemical","4204.T","6492224484","16.0778","Japan"
"2686","MISUMI Group","9962.T","6489139143","24.793","Japan"
"2687","Magnolia Oil &amp; Gas","MGY","6482803712","23.6","United States"
"2688","OneMain Financial","OMF","6482586624","56.35","United States"
"2689","Shanghai Zhangjiang Hi-Tech Park Development","600895.SS","6479823736","4.18407","China"
"2690","Urban Outfitters","URBN","6479336448","75.64","United States"
"2691","Babcock International Group","BAB.L","6477921689","13.215","United Kingdom"
"2692","Hankyu Hanshin Holdings","9042.T","6463426159","28.0213","Japan"
"2693","Fonterra","FCG.NZ","6455822867","2.69736","New Zealand"
"2694","Surgutneftegas","SNGS.ME","6452712864","0.18","Russia"
"2695","CD Projekt","CDR.WA","6448700093","64.5448","Poland"
"2696","TXNM Energy","TXNM","6442356736","58.5","United States"
"2697","IMCD","IMCD.AS","6437389720","109.048","Netherlands"
"2698","SFS Group","SFSN.SW","6432319017","165.46","Switzerland"
"2699","OR Royalties","OR","6432007168","34.34","Canada"
"2700","Mobileye","MBLY","6431669248","7.565","Israel"
"2701","UiPath","PATH","6420634624","12.32","United States"
"2702","Bank of Maharashtra","MAHABANK.NS","6417375299","0.83434","India"
"2703","Cochlear","COH.AX","6415632526","98.1","Australia"
"2704","Giant Network Group","002558.SZ","6401355765","3.36814","China"
"2705","Alkem Laboratories","ALKEM.NS","6399306128","53.5216","India"
"2706","Zoomlion","1157.HK","6399014376","0.739896","China"
"2707","Triple Flag Precious Metals","TFPM","6396393984","31.05","Canada"
"2708","Hai Di Lao Hot Pot","6862.HK","6391696007","1.18026","China"
"2709","Zhongtai Securities","600918.SS","6389950018","0.806981","China"
"2710","Brunello Cucinelli","BC.MI","6389841059","93.9683","Italy"
"2711","McDonald's Japan","2702.T","6387593428","48.042","Japan"
"2712","Enact Holdings","ACT","6384741376","46.44","United States"
"2713","Hexcel","HXL","6378838528","84.35","United States"
"2714","Schaeffler India","SCHAEFFLER.NS","6373795022","40.7783","India"
"2715","GUANGHUI ENERGY","600256.SS","6369119927","0.99642","China"
"2716","Lithia Motors","LAD","6358836224","289.26","United States"
"2717","Etsy","ETSY","6358639104","69.28","United States"
"2718","APL Apollo","APLAPOLLO.NS","6356519957","22.8933","India"
"2719","Jindal Stainless","JSL.NS","6354749433","7.71254","India"
"2720","Uniqa Insurance Group","UN9.F","6354658765","20.5215","Austria"
"2721","Samsung Epis Holdings","0126Z0.KS","6342806019","254.905","South Korea"
"2722","Biocon","BIOCON.NS","6336400310","3.89144","India"
"2723","Kyushu Electric Power Company","9508.T","6328321772","13.3854","Japan"
"2724","Liquidia Corporation","LQDA","6327383552","70.69","United States"
"2725","BBB Foods","TBBB","6317489664","52.4","Mexico"
"2726","Motilal Oswal Financial Services","MOTILALOFS.NS","6316874024","10.4761","India"
"2727","Pepco Group","PCO.WA","6316087215","11.5672","United Kingdom"
"2728","Soitec","SOI.PA","6308623465","176.304","France"
"2729","SIG Combibloc","SIGN.SW","6308424027","16.51","Switzerland"
"2730","Qube Holdings","QUB.AX","6307910472","3.56296","Australia"
"2731","LandBridge","LB","6305217024","80.49","United States"
"2732","Healthcare Realty Trust","HR","6292491264","17.94","United States"
"2733","Azimut Holding","AZM.MI","6290419022","44.7052","Italy"
"2734","Sulzer","SUN.SW","6288153728","185.723","Switzerland"
"2735","United Bankshares","UBSI","6286210560","46.15","United States"
"2736","Cleveland-Cliffs","CLF","6281646080","11.01","United States"
"2737","Qualys","QLYS","6280953344","178.35","United States"
"2738","Grupo Catalana Occidente","GCO.MC","6280031254","53.2104","Spain"
"2739","Galicia Financial Group","GGAL","6273166336","37.02","Argentina"
"2740","Matador Resources","MTDR","6273100800","50.69","United States"
"2741","GDS Holdings","GDS","6267811840","31.28","China"
"2742","Indian Overseas Bank","IOB.NS","6265714567","0.32538","India"
"2743","Bank of India","BANKINDIA.NS","6263119211","1.3757","India"
"2744","Severstal","CHMF.ME","6251721270","7.44","Russia"
"2745","CG Oncology","CGON","6250918912","70.52","United States"
"2746","NICE","NICE","6242295296","106.81","Israel"
"2747","D-Wave Quantum","QBTS","6237265408","16.43","Canada"
"2748","Krafton","259960.KS","6236846439","143.513","South Korea"
"2749","Vopak","VPK.AS","6226787640","54.3311","Netherlands"
"2750","HELLENiQ ENERGY","ELPE.AT","6224406434","20.3855","Greece"
"2751","Charter Hall Group","CHC.AX","6218352957","13.1467","Australia"
"2752","LS Corp.","006260.KS","6215487044","227.278","South Korea"
"2753","RingCentral","RNG","6215363584","74.43","United States"
"2754","GATX","GATX","6208747008","175.86","United States"
"2755","Bank of Suzhou","002966.SZ","6208512004","1.38872","China"
"2756","TOTO","5332.T","6208228891","37.7509","Japan"
"2757","National Marine Dredging","NMDC.AE","6207828804","7.35","United Arab Emirates"
"2758","CAVA Group","CAVA","6207081472","53.14","United States"
"2759","Yapı Kredi","YKBNK.IS","6205325374","0.734614","Turkey"
"2760","Element Fleet Management","EFN.TO","6204948964","15.8565","Canada"
"2761","Kanzhun","BZ","6203686912","14.17","China"
"2762","Barratt Redrow","BTRW.L","6203616039","4.50288","United Kingdom"
"2763","Ingram Micro Holding Corporation","INGM","6199494656","26.95","United States"
"2764","Radico Khaitan","RADICO.NS","6193119691","46.2211","India"
"2765","Taiwan Cement","1101.TW","6190378195","0.826135","Taiwan"
"2766","Builders FirstSource","BLDR","6190024192","57.53","United States"
"2767","Vontobel","VONN.SW","6188721833","109.947","Switzerland"
"2768","Ligand Pharmaceuticals","LGND","6187214848","310.36","United States"
"2769","ISU Petasys","007660.KS","6186975019","84.2806","South Korea"
"2770","PJT Partners","PJT","6169778688","144.84","United States"
"2771","CTS Eventim","EVD.F","6165427171","64.229","Germany"
"2772","F.N.B. Corporation","FNB","6165295104","17.32","United States"
"2773","OceanaGold","OGC.TO","6162862543","27.7048","Canada"
"2774","GPT Group","GPT.AX","6157308508","3.21434","Australia"
"2775","Zillow","Z","6148081664","27.34","United States"
"2776","Monotaro","3064.T","6139033886","12.4858","Japan"
"2777","ServiceTitan","TTAN","6127641088","63.52","United States"
"2778","Tsuruha Holdings","3391.T","6126965977","13.5226","Japan"
"2779","RaiaDrogasil","RADL3.SA","6123488330","3.50207","Brazil"
"2780","Bausch + Lomb","BLCO","6121811968","17.14","Canada"
"2781","BOC Aviation","2588.HK","6121252558","8.82012","Singapore"
"2782","Fortis Healthcare","FORTIS.NS","6118401280","8.10429","India"
"2783","Terns Pharmaceuticals","TERN","6116845568","52.95","United States"
"2784","Sumitomo Chemical","4005.T","6114766777","3.70172","Japan"
"2785","Bilibili","BILI","6113044480","14.84","China"
"2786","Bupa Arabia for Cooperative Insurance Company","8210.SR","6100679310","40.6712","Saudi Arabia"
"2787","Terex","TEX","6100190720","53.37","United States"
"2788","GRAIL","GRAL","6100067840","136.57","United States"
"2789","Sensata Technologies","ST","6099407872","41.91","United States"
"2790","Aedifica","AED.BR","6089879890","72.9592","Belgium"
"2791","Kuala Lumpur Kepong","2445.KL","6088915870","5.46748","Malaysia"
"2792","Plains GP","PAGP","6088301056","26.13","United States"
"2793","Qatar Gas Transport Company","QGTS.QA","6086679455","1.09863","Qatar"
"2794","MatsukiyoCocokara","3088.T","6085313251","15.4717","Japan"
"2795","Ingredion","INGR","6083151360","96.46","United States"
"2796","Land Securities Group","LAND.L","6080950330","8.16181","United Kingdom"
"2797","Macy's","M","6077580288","23.27","United States"
"2798","Commvault","CVLT","6065412096","146.35","United States"
"2799","Zheshang Securities","601878.SS","6061117712","1.33652","China"
"2800","Zalando","ZAL.DE","6055724499","24.7959","Germany"
"2801","Cirrus Logic","CRUS","6054201344","120.8","United States"
"2802","OPAP (Organization of Football Prognostics)","OPAP.AT","6052397365","16.8777","Greece"
"2803","Abbott India","ABBOTINDIA.NS","6042922219","284.382","India"
"2804","Kalyan Jewellers India","KALYANKJIL.NS","6040700359","5.84914","India"
"2805","Croda International","CRDA.L","6038999326","43.3356","United Kingdom"
"2806","Caesars Entertainment","CZR","6035967488","29.62","United States"
"2807","Campbell's","CPB","6033287680","20.23","United States"
"2808","JCDecaux","DEC.PA","6030244663","28.3447","France"
"2809","Sprouts Farmers Market","SFM","6028459008","64.65","United States"
"2810","Soochow Securities","601555.SS","6025589922","1.21271","China"
"2811","Intercorp Financial Services","IFS","6023299072","54.56","Peru"
"2812","Hoa Phat Group","HPG.VN","6014467846","0.783596","Vietnam"
"2813","Amdocs","DOX","6013259776","57.59","United States"
"2814","China Resources Sanjiu Medical &amp; Pharmaceutical","000999.SZ","6007468910","3.60979","China"
"2815","Rockwool","ROCK-B.CO","6006639058","28.9813","Denmark"
"2816","Ithaca Energy","ITH.L","6004484230","3.63776","United Kingdom"
"2817","e.l.f. Beauty","ELF","6001113088","101.7","United States"
"2818","Melisron","MLSR.TA","5995652850","125.692","Israel"
"2819","Korean Air Lines","003495.KS","5995178473","16.2815","South Korea"
"2820","Avanza Bank","AZA.ST","5994338747","37.9799","Sweden"
"2821","The 77 Bank","8341.T","5993867333","26.8665","Japan"
"2822","abrdn","ABDN.L","5990045878","3.25414","United Kingdom"
"2823","China State Construction International","3311.HK","5988671460","1.13374","Hong Kong"
"2824","Rainbow Robotics","277810.KQ","5988448790","308.685","South Korea"
"2825","Perseus Mining","PRU.AX","5982363161","4.50774","Australia"
"2826","NexGen Energy","NXE","5977041920","9.03","Canada"
"2827","Genesis Minerals Limited","GMD.AX","5972455166","5.08297","Australia"
"2828","Joby Aviation","JOBY","5967802368","5.99","United States"
"2829","ZOZO","3092.T","5962547299","6.84901","Japan"
"2830","Planet Labs","PL","5959830016","16.38","United States"
"2831","Southwest Gas","SWX","5957946880","82.24","United States"
"2832","Valmet","VALMT.HE","5957259123","32.3356","Finland"
"2833","Loar Holdings","LOAR","5953902080","63.55","United States"
"2834","General Insurance Corporation of India","GICRE.NS","5951580142","3.39237","India"
"2835","Lamb Weston","LW","5948896256","43.27","United States"
"2836","KION Group","KGX.DE","5942241618","45.3175","Germany"
"2837","Ricoh Company","7752.T","5940086906","10.6133","Japan"
"2838","Shenzhen New Industries Biomedical Engineering","300832.SZ","5931567660","7.54922","China"
"2839","Shanghai BOCHU Electronic Technology","688188.SS","5920629311","14.5987","China"
"2840","SDIC Capital","600061.SS","5913302457","0.924821","China"
"2841","Spring Airlines","601021.SS","5911737130","6.04266","China"
"2842","POOLCORP","POOL","5906098688","162.52","United States"
"2843","Ather Energy","ATHERENERG.NS","5903405926","14.9031","India"
"2844","Hera Group","HER.MI","5900085211","3.99093","Italy"
"2845","CAR Group (Carsales)","CAR.AX","5899350764","15.5627","Australia"
"2846","Bosideng","3998.HK","5898690184","0.506647","Hong Kong"
"2847","Definity Financial","DFY.TO","5898290323","49.105","Canada"
"2848","Dentsu","4324.T","5897653541","22.7194","Japan"
"2849","SmartSens Technology","688213.SS","5895978772","14.6554","China"
"2850","Sinopharm","1099.HK","5894709927","1.88893","China"
"2851","Super Group","SGHC","5893690880","11.6","Guernsey"
"2852","Vipshop","VIPS","5886690304","12.38","China"
"2853","Alibaba Health Information Technology","0241.HK","5886088472","0.363894","Hong Kong"
"2854","Crocs","CROX","5879504384","122.63","United States"
"2855","Corporación Financiera Alba","ALB.MC","5871019284","97.9515","Spain"
"2856","Chailease Holding","5871.TW","5867268825","3.36108","Taiwan"
"2857","Enel Chile","ENIC","5865324032","4.24","Chile"
"2858","Cemig","CIG","5864397824","2.05","Brazil"
"2859","Genting Singapore","G13.SI","5852333734","0.485122","Singapore"
"2860","LKQ Corporation","LKQ","5846878208","23.11","United States"
"2861","WEX","WEX","5843633664","171.46","United States"
"2862","SWI Capital Holding","SWICH.AS","5833567009","13.5488","Singapore"
"2863","Kiniksa Pharmaceuticals","KNSA","5826515968","75.73","Bermuda"
"2864","Strathcona Resources","SCR.TO","5820660260","27.1694","Canada"
"2865","Transocean","RIG","5818945536","5.21","Switzerland"
"2866","Samsung Securities","016360.KS","5815746653","65.1259","South Korea"
"2867","Scholar Rock Holding","SRRK","5815247360","47.75","United States"
"2868","Porto Seguro","PSSA3.SA","5813702928","9.06985","Brazil"
"2869","Georg Fischer","GF.SW","5812166343","70.9199","Switzerland"
"2870","Umicore","UMI.VI","5812035146","24.1497","Belgium"
"2871","LondonMetric Property","LMP.L","5809847558","2.3824","United Kingdom"
"2872","EFG International","EFGN.SW","5808188404","19.3036","Switzerland"
"2873","X-Energy, Inc.","XE","5806971904","14.29","United States"
"2874","Bank of Changsha","601577.SS","5806778352","1.44391","China"
"2875","Toyo Suisan","2875.T","5805847200","61.1083","Japan"
"2876","ATCO","ACO-X.TO","5801513773","51.5564","Canada"
"2877","Ezdan Holding Group","ERES.QA","5800514787","0.218681","Qatar"
"2878","Taiwan Business Bank","2834.TW","5797716465","0.557562","Taiwan"
"2879","MGIC Investment","MTG","5794776576","28.25","United States"
"2880","Luberef (Saudi Aramco Base Oil Company)","2223.SR","5794674447","34.4387","Saudi Arabia"
"2881","Hancock Whitney","HWC","5792104448","72.2","United States"
"2882","TKMS","TKMS.DE","5790590938","91.1565","Germany"
"2883","Stevanato Group","STVN","5787678208","21.2","Italy"
"2884","Fertiglobe","FERTIGLB.AE","5786624113","0.7","United Arab Emirates"
"2885","Grupo Aval","AVAL","5781536256","4.87","Colombia"
"2886","Tokyu","9005.T","5776222662","10.3389","Japan"
"2887","EVN Group","EVN.F","5772332508","32.3696","Austria"
"2888","Balfour Beatty","BBY.L","5772311772","12.3089","United Kingdom"
"2889","MarketAxess","MKTX","5770932736","163.96","United States"
"2890","SBI Card","SBICARD.NS","5770542240","6.06376","India"
"2891","NEXTDC","NXT.AX","5761196090","7.57565","Australia"
"2892","SOL S.p.A.","SOL.MI","5758729679","63.4921","Italy"
"2893","Xometry","XMTR","5758275584","104.23","United States"
"2894","Presight AI","PRESIGHT.AE","5757583173","1.03","United Arab Emirates"
"2895","Hamilton Lane","HLNE","5755185152","85.87","United States"
"2896","Covivio","COV.PA","5754519901","51.9955","France"
"2897","Weatherford International","WFRD","5750288384","80.41","United States"
"2898","Cenergy Holdings","CENER.BR","5739542450","27.0295","Belgium"
"2899","Formosa Sumco Technology","3532.TW","5738229703","14.795","Taiwan"
"2900","IG Group","IGG.L","5734023524","17.3951","United Kingdom"
"2901","Kodiak Sciences","KOD","5726842368","91.12","United States"
"2902","Ypsomed","YPSN.SW","5725112713","435.471","Switzerland"
"2903","JBT Marel Corporation","JBTM","5723050496","110.32","United States"
"2904","Rumo","RAIL3.SA","5717843339","3.0812","Brazil"
"2905","Australian Foundation Investment Company","AFI.AX","5717064205","4.65068","Australia"
"2906","China Longyuan Power Group","0916.HK","5716559999","0.683814","China"
"2907","Landstar System","LSTR","5715656704","168.42","United States"
"2908","Lumen Technologies","LUMN","5707922944","5.54","United States"
"2909","Lyft","LYFT","5704601600","15.07","United States"
"2910","Albertsons","ACI","5701021184","11.64","United States"
"2911","VF Corporation","VFC","5700451328","14.5","United States"
"2912","The Trade Desk","TTD","5697181184","12.05","United States"
"2913","Essential Properties Realty Trust","EPRT","5695828480","26.27","United States"
"2914","Seibu Holdings","9024.T","5692072180","22.3941","Japan"
"2915","Capital Securities Corporation","601136.SS","5691727430","2.08234","China"
"2916","Fastighets AB Balder","BALD-B.ST","5687693970","4.82008","Sweden"
"2917","Glacier Bancorp","GBCI","5685923328","43.67","United States"
"2918","Mirum Pharmaceuticals","MIRM","5684165120","87.54","United States"
"2919","Fomento de Construcciones y Contratas","FCC.MC","5683922534","12.0181","Spain"
"2920","Essent Group","ESNT","5683789824","63.24","Bermuda"
"2921","Home BancShares","HOMB","5683409920","28.41","United States"
"2922","Asahi Intecc","7747.T","5670841909","21.3732","Japan"
"2923","Hanwha Solutions","009830.KS","5669042807","25.1958","South Korea"
"2924","Abercrombie &amp; Fitch","ANF","5668808192","133.59","United States"
"2925","Technip Energies","TE.PA","5667476421","32.7211","France"
"2926","Tritax Big Box REIT","BBOX.L","5666352302","1.93529","United Kingdom"
"2927","Suzlon","SUZLON.NS","5660123165","0.411752","India"
"2928","37 Interactive Entertainment","002555.SZ","5659288748","2.55817","China"
"2929","Westports","5246.KL","5650142278","1.64417","Malaysia"
"2930","Persimmon","PSN.L","5647199711","17.5869","United Kingdom"
"2931","ChinaLin Securities","002945.SZ","5642452624","2.0898","China"
"2932","FirstService","FSV","5642134016","129.2","Canada"
"2933","MiniMed Group","MMED","5638252544","20.04","United States"
"2934","Credit Acceptance","CACC","5618103808","537.1","United States"
"2935","Ormat Technologies","ORA","5612825600","91.27","United States"
"2936","Sectra AB","SECT-B.ST","5606352370","29.0986","Sweden"
"2937","Tokyu Fudosan Holdings","3289.T","5606176865","7.86025","Japan"
"2938","Schneider National","SNDR","5606122496","31.98","United States"
"2939","CLEAR Secure","YOU","5597185024","41.22","United States"
"2940","Materion","MTRN","5595104768","268.56","United States"
"2941","Warehouses De Pauw","WDP.BR","5585128596","23.0839","Belgium"
"2942","Travere Therapeutics","TVTX","5578644480","59.99","United States"
"2943","BillionToOne","BLLN","5576564224","118.18","United States"
"2944","INFICON","IFCN.SW","5575139510","228.047","Switzerland"
"2945","StepStone Group","STEP","5569972224","43.15","United States"
"2946","Montage Gold Corp.","MAU.TO","5569950460","13.7784","Canada"
"2947","BIG Shopping Centers","BIG.TA","5565442821","214.914","Israel"
"2948","Vallourec","VK.PA","5562158256","20.8673","France"
"2949","Rayonier","RYN","5560056320","18.58","United States"
"2950","RadNet","RDNT","5559996928","70.65","United States"
"2951","Onex","ONEX.TO","5558620611","72.8651","Canada"
"2952","Altius Telecom Infrastructure Trust","ALTIUSINVIT.BO","5556313339","1.8233","India"
"2953","Linde India","LINDEINDIA.NS","5553070680","65.1125","India"
"2954","West Fraser Timber","WFG","5543127552","70.79","Canada"
"2955","Axfood","AXFO.ST","5543123796","25.6764","Sweden"
"2956","Howden Joinery","HWDN.L","5533636029","10.1725","United Kingdom"
"2957","Yancoal","YAL.AX","5533287555","4.19049","Australia"
"2958","TBS Holdings","9401.T","5532741241","36.2197","Japan"
"2959","Mercury General","MCY","5531662336","99.87","United States"
"2960","EPAM Systems","EPAM","5527029248","107.14","United States"
"2961","Berger Paints","BERGEPAINT.NS","5510511201","4.72598","India"
"2962","Nexi","NEXI.MI","5506003701","4.68707","Italy"
"2963","Emmi AG","EMMN.SW","5503497324","1028.73","Switzerland"
"2964","SG Holdings","9143.T","5503350016","9.2224","Japan"
"2965","Convatec Group","CTEC.L","5502582533","2.87052","United Kingdom"
"2966","CMB.TECH","CMBT","5498717184","18.95","Belgium"
"2967","Coromandel","COROMANDEL.NS","5495563490","18.6581","India"
"2968","Cogent Biosciences","COGT","5493800960","31.66","United States"
"2969","Tokyo Metro","9023.T","5491551797","9.45846","Japan"
"2970","Fuchs Petrolub","FPE.F","5488038422","41.8934","Germany"
"2971","iSoftStone Information Technology","301236.SZ","5481685235","5.29535","China"
"2972","Tokyo Electric Power Company","9501.T","5479769049","3.41908","Japan"
"2973","Sensient Technologies","SXT","5479476736","128.72","United States"
"2974","RAKBANK (The National Bank of Ras Al Khaimah)","RAKBANK.AE","5477180587","2.72","United Arab Emirates"
"2975","Renishaw","RSW.L","5476346224","75.2685","United Kingdom"
"2976","Madras Rubber Factory","MRF.NS","5468016590","1289.28","India"
"2977","Saigon Thuong Tin Commercial Bank","STB.VN","5466181709","2.8995","Vietnam"
"2978","Seatrium","5E2.SI","5462159243","1.61186","Singapore"
"2979","International Seaways","INSW","5460331520","110.24","United States"
"2980","Birkenstock","BIRK","5455770112","33.04","Germany"
"2981","Starwood Property Trust","STWD","5453481984","14.36","United States"
"2982","Jabal Omar Development","4250.SR","5453029638","4.62112","Saudi Arabia"
"2983","Cencosud","CENCOSUD.SN","5452498175","1.97984","Chile"
"2984","WPP","WPP","5448706048","25.26","United Kingdom"
"2985","AutoStore Holdings","AUTO.OL","5447276136","1.6259","Norway"
"2986","Valaris","VAL","5447239168","78.45","United Kingdom"
"2987","BGC Group","BGC","5444091904","11.45","United States"
"2988","Mercury NZ","MCY.AX","5435066881","3.81397","New Zealand"
"2989","Copa Holdings","CPA","5431024640","133.05","Panama"
"2990","Galaxycore","688728.SS","5430819440","2.08831","China"
"2991","UOL Group","U14.SI","5430463662","6.4083","Singapore"
"2992","Castellum","CAST.ST","5427588649","12.6081","Sweden"
"2993","Trend Micro","4704.T","5427266828","41.815","Japan"
"2994","Atlantic Union Bankshares","AUB","5426966016","38","United States"
"2995","Dolby","DLB","5426233344","57.93","United States"
"2996","PTC Therapeutics","PTCT","5421613568","64.96","United States"
"2997","Pegasystems","PEGA","5420431360","32.97","United States"
"2998","Genpact","G","5417429504","32.24","Bermuda"
"2999","CRISPR Therapeutics","CRSP","5414788608","56","Switzerland"
"3000","Associated Banc-Corp","ASB","5412432384","28.68","United States"
"3001","Varonis Systems","VRNS","5411077632","47.11","United States"
"3002","Bullish","BLSH","5410813440","35.68","Cayman Islands"
"3003","PrairieSky Royalty","PSK.TO","5404965432","23.2529","Canada"
"3004","Rush Enterprises","RUSHA","5402867200","46.285","United States"
"3005","OpenText","OTEX","5401847296","22.31","Canada"
"3006","Ameris Bancorp","ABCB","5399448576","80.46","United States"
"3007","DKSH Holding","DKSH.SW","5395926616","82.9696","Switzerland"
"3008","Glanbia plc","GL9.IR","5395579468","22.3243","Ireland"
"3009","Impinj","PI","5391325696","176.45","United States"
"3010","Dar Al Arkan Real Estate Development Company","4300.SR","5390651413","4.99134","Saudi Arabia"
"3011","Navan","NAVN","5387893248","20.69","United States"
"3012","Wyndham Hotels &amp; Resorts","WH","5375853568","72.44","United States"
"3013","Temenos","TEMN.SW","5373719527","79.0729","Switzerland"
"3014","SAIC (Science Applications International Corp)","SAIC","5371696128","128.21","United States"
"3015","BETA Technologies","BETA","5368938496","22.44","United States"
"3016","Kurita Water Industries Ltd.","6370.T","5358795179","49.7582","Japan"
"3017","Black Hills","BKH","5358308352","70.27","United States"
"3018","Hisense Visual Technology","600060.SS","5354980509","4.10352","China"
"3019","Teleflex","TFX","5352481280","126.32","United States"
"3020","Bank of Qingdao (BQD)","002948.SZ","5348058122","0.918854","China"
"3021","Americana Restaurants International","AMR.AE","5344333746","0.63","United Arab Emirates"
"3022","JB Hi-Fi","JBH.AX","5343200690","48.8704","Australia"
"3023","Daewoo Engineering &amp; Construction","047040.KS","5342782768","13.0031","South Korea"
"3024","The Cheesecake Factory","CAKE","5341803520","107.35","United States"
"3025","Scout24 (ImmoScout24)","G24.F","5341453175","76.7007","Germany"
"3026","Novanta","NOVT","5340625408","141.22","United States"
"3027","British Land","BLND.L","5331034491","5.20133","United Kingdom"
"3028","Blue Owl Capital Corporation","OBDC","5330871296","10.81","United States"
"3029","Balchem","BCPC","5328410624","167.15","United States"
"3030","Ford Otosan","FROTO.IS","5327526789","1.5182","Turkey"
"3031","Eagle Materials","EXP","5324622848","173.58","United States"
"3032","Phillips Edison &amp; Company","PECO","5315108352","37.65","United States"
"3033","Gecina","GFC.PA","5314267253","71.8254","France"
"3034","Argan","AGX","5308751872","378.39","United States"
"3035","Churchill Downs","CHDN","5308370432","76.16","United States"
"3036","Sotera Health","SHC","5307971072","18.6","United States"
"3037","HD Bank (Ho Chi Minh City Development Joint Stock Commercial Bank)","HDB.VN","5300157687","1.05891","Vietnam"
"3038","The Company for Cooperative Insurance","8010.SR","5296569416","23.5717","Saudi Arabia"
"3039","Laureate Education","LAUR","5286820352","38.38","United States"
"3040","Whitbread","WTB.L","5286462397","31.6287","United Kingdom"
"3041","TIS","3626.T","5285267987","25.1885","Japan"
"3042","USA Rare Earth","USAR","5283652608","14.075","United States"
"3043","EXL Service","EXLS","5283233792","34.58","United States"
"3044","LB Group (LomonBillions)","002601.SZ","5274224423","2.21211","China"
"3045","APT Medical","688617.SS","5270399087","37.239","China"
"3046","Elis","ELIS.PA","5267736788","24.5578","France"
"3047","ACM Research","ACMR","5266176000","75.61","United States"
"3048","TPG Telecom","TPG.AX","5262758288","2.68094","Australia"
"3049","Archrock","AROC","5258392576","29.99","United States"
"3050","PriceSmart","PSMT","5258016256","170.38","United States"
"3051","Rotork","ROR.L","5257421114","6.45537","United Kingdom"
"3052","Rigetti Computing","RGTI","5253519872","15.74","United States"
"3053","Mobility Global, Inc.","MBGL","5252372992","17.8","United States"
"3054","Merit Medical","MMSI","5246754816","87.87","United States"
"3055","Logista (Compañía de Distribución Integral Logista)","LOG.MC","5244501741","39.6825","Spain"
"3056","Colruyt","COLR.BR","5244012961","44.1043","Belgium"
"3057","Shanghai RAAS Blood Products","002252.SZ","5241489416","0.795048","China"
"3058","Core Scientific","CORZ","5241062400","16.31","United States"
"3059","Hankook Tire","161390.KS","5235009345","42.9139","South Korea"
"3060","Telecom Argentina","TEO","5233461760","12.15","Argentina"
"3061","Hong Leong Financial Group","1082.KL","5232896559","4.6135","Malaysia"
"3062","Portland General Electric","POR","5232368640","44.49","United States"
"3063","Kodiak Gas Services","KGS","5232133632","51.75","United States"
"3064","Main Street Capital","MAIN","5230863360","55.94","United States"
"3065","Aalberts","AALB.AS","5228809696","49.229","Netherlands"
"3066","Nissin Foods","2897.T","5217809871","18.1768","Japan"
"3067","Brookfield Renewable","BEPC","5216566272","28.1","United States"
"3068","Construction Partners","ROAD","5215835648","91.9","United States"
"3069","Open House Group","3288.T","5211186779","47.4486","Japan"
"3070","Viohalco","VIO.BR","5201426985","20.068","Belgium"
"3071","Seiko Group","8050.T","5195243692","63.5455","Japan"
"3072","First National of Nebraska","FINN","5195171840","19225","United States"
"3073","USS Co., Ltd.","4732.T","5193983465","11.4395","Japan"
"3074","Marex Group","MRX","5188373504","72.13","United Kingdom"
"3075","Nestle Malaysia","4707.KL","5186046861","22.1153","Malaysia"
"3076","Ramelius Resources","RMS.AX","5184662048","2.74718","Australia"
"3077","AutoNation","AN","5183934464","156.8","United States"
"3078","RLI Corp.","RLI","5183339008","56.48","United States"
"3079","Harbour Energy","HBR.L","5181515128","3.4605","United Kingdom"
"3080","City Developments","C09.SI","5179930483","5.79799","Singapore"
"3081","Contact Energy","CEN.NZ","5177628036","4.83607","New Zealand"
"3082","Liberty Broadband","LBRDA","5177567232","35.99","United States"
"3083","Hafnia Limited","HAFN","5176652288","9.67","Bermuda"
"3084","Central Retail Corporation","CRC.BK","5172769900","0.857697","Thailand"
"3085","Hirose Electric","6806.T","5168160932","159.374","Japan"
"3086","Granite Construction","GVA","5165514752","116.27","United States"
"3087","Beijing Wantai Biological Pharmacy Enterprise","603392.SS","5163943411","4.08413","China"
"3088","Kobe Steel","5406.T","5163359190","13.0568","Japan"
"3089","Tosoh Corporation","4042.T","5160385071","16.7605","Japan"
"3090","Ollie's Bargain Outlet","OLLI","5154940416","86.78","United States"
"3091","Installed Building Products","IBP","5154765312","193.94","United States"
"3092","Murphy Oil","MUR","5154551296","35.95","United States"
"3093","Jarir","4190.SR","5136236295","4.2802","Saudi Arabia"
"3094","Softcat","SCT.L","5135605735","23.8769","United Kingdom"
"3095","Kite Realty","KRG","5135528960","24.7","United States"
"3096","Godrej Properties","GODREJPROP.NS","5135412866","17.0483","India"
"3097","PCCW","0008.HK","5135088467","0.662783","Hong Kong"
"3098","Definium Therapeutics","DFTX","5134160896","38.21","United States"
"3099","GXO Logistics","GXO","5133281280","44.76","United States"
"3100","New Jersey Resources","NJR","5129843712","50.83","United States"
"3101","AXT Inc","AXTI","5126513664","78.18","United States"
"3102","Ipca Laboratories","IPCALAB.NS","5121663826","20.1875","India"
"3103","BlackBerry","BB","5118921216","8.72","Canada"
"3104","The Fertilisers And Chemicals Travancore Limited","FACT.NS","5117990314","7.90946","India"
"3105","Fosun","0656.HK","5117007115","0.629644","China"
"3106","IONOS Group","IOS.DE","5116299151","37.9138","Germany"
"3107","Flughafen Wien (Vienna Airport)","FLU.VI","5116165056","60.9977","Austria"
"3108","Coway","021240.KS","5114863471","72.9352","South Korea"
"3109","New Hope Liuhe","000876.SZ","5114617282","1.03073","China"
"3110","Ayala Corporation","AYALY","5110343680","8.1","Philippines"
"3111","Shenzhen Salubris Pharmaceuticals","002294.SZ","5110129950","4.58383","China"
"3112","United Tractors","UNTR.JK","5105440411","1.46158","Indonesia"
"3113","Kingnet Network","002517.SZ","5105283669","2.38962","China"
"3114","Xinjiang Daqo New Energy Co.,Ltd.","688303.SS","5105266256","2.39409","China"
"3115","Casella Waste Systems","CWST","5103931904","80.2","United States"
"3116","Zegona Communications","ZEG.L","5102976876","22.6467","United Kingdom"
"3117","Leapmotor","9863.HK","5094736873","4.36417","China"
"3118","VEON","VEON","5093662208","73.97","Netherlands"
"3119","PB Fintech","POLICYBZR.NS","5093305407","11.0221","India"
"3120","Rithm Capital","RITM","5092672000","9.12","United States"
"3121","Estithmar Holding","IGRD.QA","5085856205","1.13187","Qatar"
"3122","CVR Energy","CVI","5083832320","50.57","United States"
"3123","Japan Real Estate Investment","8952.T","5083793444","697.98","Japan"
"3124","Gland Pharma","GLAND.NS","5083049276","30.8043","India"
"3125","Iridium Communications","IRDM","5080755712","47.94","United States"
"3126","Gek Terna","GEKTERNA.AT","5079653420","50.2494","Greece"
"3127","Mirvac Group","MGR.AX","5076078568","1.28643","Australia"
"3128","Colgate-Palmolive India","COLPAL.NS","5073872325","18.6549","India"
"3129","Adecco Group","ADEN.SW","5070566829","29.2552","Switzerland"
"3130","Wacker Chemie","WCH.F","5069181801","102.041","Germany"
"3131","CTF Services Limited","0659.HK","5062246731","1.10889","Hong Kong"
"3132","Parkin PJSC","PARKIN.AE","5055552136","1.6855","United Arab Emirates"
"3133","Frontdoor","FTDR","5055391232","73.38","United States"
"3134","Sabra Health Care REIT","SBRA","5053053440","19.78","United States"
"3135","St. Galler Kantonalbank","SGKN.SW","5048449367","844.084","Switzerland"
"3136","Mapletree Commercial Trust","N2IU.SI","5047720608","0.954594","Singapore"
"3137","Selective Insurance","SIGI","5043948032","84.63","United States"
"3138","Erdemir","EREGL.IS","5042233288","0.750123","Turkey"
"3139","Bank OZK","OZK","5037537792","46.2","United States"
"3140","Vail Resorts","MTN","5034910720","141.29","United States"
"3141","Mercury Systems","MRCY","5029766656","82.64","United States"
"3142","Daeduck Electronics","353200.KS","5020809749","97.4679","South Korea"
"3143","Floor &amp; Decor","FND","5012482560","47.07","United States"
"3144","RTL Group","RRTL.F","5012330646","33.22","Luxembourg"
"3145","Longfor Group","0960.HK","5011884781","0.726513","China"
"3146","DEME Group","DEME.BR","5011026846","198.866","Belgium"
"3147","Gujarat Fluorochemicals","FLUOROCHEM.NS","5011004403","45.6168","India"
"3148","JD Sports Fashion","JD.L","5002838666","1.05852","United Kingdom"
"3149","H&amp;R Block","HRB","5002131456","40.58","United States"
"3150","Amada Co., Ltd.","6113.T","4996115664","16.3426","Japan"
"3151","ARCHION Corporation","543A.T","4994764704","1.81194","Japan"
"3152","Holmen","HOLM-B.ST","4992881345","32.5408","Sweden"
"3153","Silergy","6415.TW","4989363283","12.8475","China"
"3154","Yakult","2267.T","4988096036","17.5165","Japan"
"3155","Red Rock Resorts","RRR","4982100480","48.85","United States"
"3156","Thai Airways International","THAI.BK","4981784860","0.176014","Thailand"
"3157","Delek Group","DLEKG.TA","4981164312","27.4341","Israel"
"3158","Vishay Intertechnology","VSH","4978687488","32.46","United States"
"3159","Exchange Income Corporation","EIF.TO","4976752372","88.2637","Canada"
"3160","Nexstar Media Group","NXST","4974924288","161.48","United States"
"3161","Synnex Technology International","2347.TW","4972142970","2.981","Taiwan"
"3162","Mitsui Chemicals","4183.T","4970796135","13.7491","Japan"
"3163","Erasca","ERAS","4970118656","14.21","United States"
"3164","Oil &amp; Gas Development Company","OGDC.PK","4967569261","1.155","Pakistan"
"3165","Grifols","GRFS","4964826624","7.295","Spain"
"3166","Global Business Travel Group","GBTG","4962547712","9.5","United States"
"3167","Fincantieri","FCT.MI","4958137016","13.7868","Italy"
"3168","Capstone Infrastructure","CSE-PA.TO","4957771926","16.2759","Canada"
"3169","Shapir Civil and Marine Engineering","SPEN.TA","4944305315","13.774","Israel"
"3170","Greatland Resources","GGP.L","4939790250","7.32182","Australia"
"3171","VisEra Technologies","6789.TW","4939210280","15.5175","Taiwan"
"3172","CSN Mineração","CMIN3.SA","4936156403","0.918954","Brazil"
"3173","CNO Financial Group","CNO","4930463744","53.29","United States"
"3174","Outfront Media","OUT","4930025472","27.99","United States"
"3175","Japan Metropolitan Fund Investment","8953.T","4928655876","685.22","Japan"
"3176","Tata Communications","TATACOMM.NS","4927365434","17.2838","India"
"3177","Golar LNG","GLNG","4924138496","48.23","Bermuda"
"3178","Veradermics","MANE","4922535424","117.82","United States"
"3179","Celanese","CE","4921141760","44.84","United States"
"3180","IQM Quantum Computers","IQMX","4917577216","10.37","Finland"
"3181","Zhifei Biological Products","300122.SZ","4916838342","2.054","China"
"3182","Enagás","ENG.MC","4916740482","18.8889","Spain"
"3183","Flagstar Bank","FLG","4914699264","11.84","United States"
"3184","Burberry","BRBY.L","4912161782","13.6052","United Kingdom"
"3185","Garrett Motion","GTX","4911825920","26.24","Switzerland"
"3186","United Internet","UTDI.F","4910774115","28.4127","Germany"
"3187","ACI Worldwide","ACIW","4905415168","48.59","United States"
"3188","Sonoco","SON","4904875520","49.61","United States"
"3189","Kulicke and Soffa Industries","KLIC","4904284672","93.72","Singapore"
"3190","SOLV Energy","MWH","4903830016","24.23","United States"
"3191","LG CNS","064400.KS","4903648065","50.6126","South Korea"
"3192","Novolipetsk Steel","NLMK.ME","4896478910","0.81","Russia"
"3193","Axos Financial","AX","4895581184","86.29","United States"
"3194","Vishal Mega Mart Limited","VMM.NS","4892705713","1.04449","India"
"3195","Charoen Pokphand Foods","CPF.BK","4885948237","0.635442","Thailand"
"3196","Galenica","GALE.SW","4883630718","98.0169","Switzerland"
"3197","Icahn Enterprises","IEP","4876877312","6.86","United States"
"3198","HYBE","352820.KS","4874841715","115.002","South Korea"
"3199","K92 Mining","KNT.TO","4874036073","19.8364","Canada"
"3200","Boyd Gaming","BYD","4873725440","67.08","United States"
"3201","Sterlite Technologies","STLTECH.NS","4873315989","9.4801","India"
"3202","Canon Marketing Japan","8060.T","4870996508","23.6573","Japan"
"3203","Kiwoom Securities","039490.KS","4859707557","185.285","South Korea"
"3204","Acerinox","ACX.MC","4856053101","19.4898","Spain"
"3205","Tong Ren Tang","600085.SS","4854562523","3.53968","China"
"3206","Saudi Investment Bank","1030.SR","4847011996","3.886","Saudi Arabia"
"3207","Reply","REY.MI","4839645881","133.22","Italy"
"3208","Macnica Holdings","3132.T","4838375271","27.0962","Japan"
"3209","Argo Investments","ARG.AX","4837455946","6.42867","Australia"
"3210","Mitsubishi Gas Chemical Company","4182.T","4832702576","24.7802","Japan"
"3211","Bechtle","BC8.F","4831428340","38.3447","Germany"
"3212","Mirae Asset Securities Co., Ltd.","006805.KS","4830530018","8.30282","South Korea"
"3213","Fannie Mae","FNMA","4829224960","4.17","United States"
"3214","Masraf Al Rayan","MARK.QA","4828845716","0.519231","Qatar"
"3215","Vinamilk (Vietnam Dairy Products)","VNM.VN","4828545429","2.31036","Vietnam"
"3216","White Mountains Insurance Group","WTM","4824780288","2021.51","Bermuda"
"3217","Sphere Entertainment","SPHR","4823197696","134.3","United States"
"3218","Yanbu National Petrochemical","2290.SR","4821214668","8.57105","Saudi Arabia"
"3219","Challenger Limited","CGF.AX","4818780905","7.09803","Australia"
"3220","VSE Corporation","VSEC","4815668224","171.59","United States"
"3221","PT Bumi Resources Minerals Tbk","BRMS.JK","4815605131","0.0339644","Indonesia"
"3222","Kakaku.com","2371.T","4814068858","24.3336","Japan"
"3223","Acushnet Holdings","GOLF","4813743616","82.42","United States"
"3224","Haemonetics","HAE","4813588480","105.8","United States"
"3225","Hindustan Copper","HINDCOPPER.NS","4812954317","4.97708","India"
"3226","Max Financial Services","MFSL.NS","4810760794","14.0133","India"
"3227","Hangzhou Greatstar Industrial","002444.SZ","4808915096","4.02595","China"
"3228","Tube Investments of India","TIINDIA.NS","4807845541","24.8375","India"
"3229","Waystar","WAY","4807132672","25.07","United States"
"3230","MDA Space","MDA","4805556736","29.64","Canada"
"3231","ACEA","ACE.MI","4805221429","22.6077","Italy"
"3232","1&1","1U1.DE","4803156014","27.2109","Germany"
"3233","AbCellera","ABCL","4802381824","14.82","Canada"
"3234","Nomura Real Estate Holdings","3231.T","4800832709","5.62021","Japan"
"3235","National Shipping Company of Saudi Arabia (Bahri)","4030.SR","4797992521","9.7483","Saudi Arabia"
"3236","Beijing Enterprises Holdings","0392.HK","4797463558","3.81355","Hong Kong"
"3237","Eastern Bankshares","EBC","4794172416","20.98","United States"
"3238","ADES Holding Company","2382.SR","4793617261","4.34146","Saudi Arabia"
"3239","Air Canada","AC.TO","4787456893","18.9418","Canada"
"3240","CSW Industrials","CSW","4786537472","293.77","United States"
"3241","Capricorn Metals","CMM.AX","4784354244","10.4658","Australia"
"3242","Zhuzhou CRRC Times Electric","3898.HK","4782981352","3.59433","Hong Kong"
"3243","COSCO SHIPPING Development","601866.SS","4779567354","0.363962","China"
"3244","Graham Holdings","GHC","4776278528","1127.83","United States"
"3245","Guangzhou Baiyunshan Pharmaceutical Holdings","600332.SS","4775033587","2.93705","China"
"3246","Middleby","MIDD","4773670912","105.56","United States"
"3247","Arkema","AKE.PA","4772369838","63.2086","France"
"3248","Sanil Electric","062040.KS","4772229016","156.184","South Korea"
"3249","Grupo Aeroportuario Centro Norte","OMAB","4770157568","98.82","Mexico"
"3250","UPL","UPL.NS","4767603175","5.64024","India"
"3251","Man Group","EMG.L","4756000628","4.29388","Jersey"
"3252","Zhejiang Supor","002032.SZ","4753889759","5.9651","China"
"3253","Asia Commercial Joint Stock Bank","ACB.VN","4749479003","0.818252","Vietnam"
"3254","Far Eastern New Century","1402.TW","4749385925","0.887388","Taiwan"
"3255","Daishi Hokuetsu Financial Group","7327.T","4746990399","18.0875","Japan"
"3256","Virtu Financial","VIRT","4746161664","53.75","United States"
"3257","THK Co.","6481.T","4740709333","42.2999","Japan"
"3258","Sumitomo Forestry","1911.T","4733695713","7.71989","Japan"
"3259","Chartwell Retirement Residences","CSH-UN.TO","4731194996","14.349","Canada"
"3260","Compagnie de l'Odet","ODET.PA","4730337658","1122.45","France"
"3261","Mabanee Company","MABANEE.KW","4729285123","3016.9","Kuwait"
"3262","Kyushu Financial Group","7180.T","4727262031","11.2353","Japan"
"3263","Doximity","DOCS","4727083520","26.52","United States"
"3264","Emperador Brandy","EMI.SI","4724872534","0.301245","Philippines"
"3265","Yonyou","600588.SS","4714681740","1.37977","China"
"3266","Aixtron","AIXA.F","4713476779","41.7914","Germany"
"3267","AAK","AAK.ST","4712796487","18.1416","Sweden"
"3268","Gentex","GNTX","4712624128","22.13","United States"
"3269","Teleperformance","TEP.PA","4708692307","80.9977","France"
"3270","Sumitomo Bakelite Company","4203.T","4707567949","53.6564","Japan"
"3271","Champion Homes","SKY","4705545216","86.69","United States"
"3272","MGM China Holdings","2282.HK","4704787881","1.23953","Macau"
"3273","Sweco","SWEC-A.ST","4699132512","13.0083","Sweden"
"3274","Hoshizaki Corporation","6465.T","4692902233","33.5911","Japan"
"3275","Wonik IPS","240810.KQ","4692183911","96.4365","South Korea"
"3276","Choice Hotels International","CHH","4692149248","104.25","United States"
"3277","EquipmentShare.com","EQPT","4687455232","18.5","United States"
"3278","UBTECH Robotics","9880.HK","4687086073","9.31083","China"
"3279","Maire Tecnimont","MAIRE.MI","4686586911","14.2857","Italy"
"3280","Klarna","KLAR","4686418432","12.36","Sweden"
"3281","Navitas Petroleum","NVPT.TA","4684894546","38.4891","Israel"
"3282","Mondi","MNDI.L","4682267371","10.6223","United Kingdom"
"3283","Calumet, Inc.","CLMT","4678822912","53.23","United States"
"3284","Sumitomo Pharma","4506.T","4675173336","10.4219","Japan"
"3285","RS Group","RS1.L","4673676356","10.2056","United Kingdom"
"3286","China Resources Gas Group","1193.HK","4671445395","2.07247","Hong Kong"
"3287","Hanmi Pharm","128940.KS","4669479197","367.991","South Korea"
"3288","FLSmidth","FLS.CO","4669297348","87.96","Denmark"
"3289","The Bidvest Group","BVT.JO","4662025800","13.7164","South Africa"
"3290","Acom","8572.T","4659721127","2.97439","Japan"
"3291","China Great Wall Securities","002939.SZ","4657885177","1.15453","China"
"3292","Yamato Kogyo","5444.T","4656660456","77.9326","Japan"
"3293","Hagerty","HGTY","4656087552","13.55","United States"
"3294","Reynolds Consumer Products","REYN","4651635712","22.07","United States"
"3295","Warrior Met Coal","HCC","4648167936","88.03","United States"
"3296","Beijing Yanjing Brewery","000729.SZ","4645712957","1.64827","China"
"3297","Sonae","SON.LS","4641448772","2.38662","Portugal"
"3298","Alior Bank S.A.","ALR.WA","4635125175","35.5035","Poland"
"3299","Xinyi Glass Holdings","0868.HK","4633004379","1.04643","Hong Kong"
"3300","MARA Holdings","MARA","4631728640","11.99","United States"
"3301","Hirogin Holdings","7337.T","4630139655","15.6344","Japan"
"3302","Asseco","ACP.WA","4626091554","57.4596","Poland"
"3303","Supreme Industries","SUPREMEIND.NS","4625416757","36.3972","India"
"3304","XTB S.A.","XTB.WA","4622010053","39.3705","Poland"
"3305","CNX Resources","CNX","4617320448","31.21","United States"
"3306","TECOM Group","TECOM.AE","4615384921","0.923077","United Arab Emirates"
"3307","Azbil Corporation","6845.T","4614798667","9.2543","Japan"
"3308","Sanwa Holdings","5929.T","4614469603","22.2346","Japan"
"3309","Skylark Holdings","3197.T","4605372469","20.2504","Japan"
"3310","Uranium Energy","UEC","4603981824","9.29","United States"
"3311","Beijing Roborock Technology","688169.SS","4603223984","17.7342","China"
"3312","UniFirst","UNF","4603145216","254.54","United States"
"3313","Colliers International","CIGI","4601388032","90.04","Canada"
"3314","Methanex","MEOH","4599305728","59.45","Canada"
"3315","Louisiana-Pacific","LPX","4598163456","65.76","United States"
"3316","ViTrox Corporation","0097.KL","4594877938","2.42699","Malaysia"
"3317","Adaptive Biotechnologies","ADPT","4591572480","28.77","United States"
"3318","Oji Holdings","3861.T","4586487040","5.40073","Japan"
"3319","Fortune Brands Innovations","FBIN","4585058304","38.41","United States"
"3320","VakıfBank","VAKBN.IS","4580293650","0.687273","Turkey"
"3321","China Oilfield Services","2883.HK","4579590412","0.959761","China"
"3322","J-POWER (Electric Power Development)","9513.T","4578249987","26.0116","Japan"
"3323","Trex","TREX","4577778176","44.06","United States"
"3324","Springer Nature AG","SPG.DE","4577603477","23.0159","Germany"
"3325","FPT Corporation","FPT.VN","4574608666","2.44128","Vietnam"
"3326","Greif","GEF","4574002688","80.46","United States"
"3327","Piper Sandler","PIPR","4573780992","64.72","United States"
"3328","TFS Financial","TFSL","4571216896","16.3","United States"
"3329","HASI (HA Sustainable Infrastructure Capita)","HASI","4569310720","35.56","United States"
"3330","Insight Enterprises","NSIT","4567855104","155.64","United States"
"3331","Sumitomo Heavy Industries","6302.T","4566261103","38.5037","Japan"
"3332","Bumrungrad Hospital","BH.BK","4565365857","5.74284","Thailand"
"3333","Indorama Ventures","IVL.BK","4564335991","0.812947","Thailand"
"3334","LG Uplus Corp.","032640.KS","4555804604","10.734","South Korea"
"3335","Rush Street Interactive","RSI","4552750080","19.66","United States"
"3336","Auto Trader Group","AUTO.L","4550742442","5.92756","United Kingdom"
"3337","Frasers Group","FRAS.L","4549441378","10.6289","United Kingdom"
"3338","Chefs' Warehouse","CHEF","4548763136","111.5","United States"
"3339","First Financial Bankshares","FFIN","4547537920","31.73","United States"
"3340","Volvo Car","VOLCAR-B.ST","4546256487","1.53348","Sweden"
"3341","Cousins Properties","CUZ","4545353216","27.61","United States"
"3342","Torex Gold Resources","TXG.TO","4544903835","49.0839","Canada"
"3343","Remitly","RELY","4544856576","21.47","United States"
"3344","Atour Lifestyle","ATAT","4539408384","32.85","China"
"3345","ONE Gas","OGS","4538222592","72.2","United States"
"3346","Spire Inc.","SR","4538089984","76.77","United States"
"3347","California Resources Corporation","CRC","4537808384","51.09","United States"
"3348","Taiwan High Speed Rail","2633.TW","4534811359","0.805717","Taiwan"
"3349","Berner Kantonalbank","BEKN.SW","4533724961","489.785","Switzerland"
"3350","Marfrig Global Foods","MBRF3.SA","4532820444","3.25302","Brazil"
"3351","The Shiga Bank","8366.T","4531940190","19.7144","Japan"
"3352","Thai Oil","TOP.BK","4531647174","2.02864","Thailand"
"3353","Nishi-Nippon Financial Holdings","7189.T","4528470593","32.5129","Japan"
"3354","Yamazaki Baking Co., Ltd.","2212.T","4526330214","22.9874","Japan"
"3355","Sapporo","2501.T","4522042347","11.5958","Japan"
"3356","LifeStance Health Group","LFST","4520032768","11.89","United States"
"3357","Gulf Bank","GBK.KW","4513916379","1079.32","Kuwait"
"3358","Concentra Group","CON","4506477056","35.34","United States"
"3359","SATS","S58.SI","4501012807","3.0281","Singapore"
"3360","Mazda","7261.T","4494622997","7.12335","Japan"
"3361","Box, Inc.","BOX","4493325312","32.75","United States"
"3362","MYR Group","MYRG","4488770560","288.31","United States"
"3363","Coca-Cola İçecek","CCOLA.IS","4487861350","1.60391","Turkey"
"3364","ADT","ADT","4485633536","6.14","United States"
"3365","The Commercial Bank (P.S.Q.C.)","CBQK.QA","4480888275","1.10714","Qatar"
"3366","CP Axtra","CPAXT.BK","4479663167","0.429594","Thailand"
"3367","Grupo Simec","SIMECB.MX","4479281864","9.73236","Mexico"
"3368","AUTO1","AG1.F","4477273830","20.2381","Germany"
"3369","Versant Media Group","VSNT","4477101056","32.17","United States"
"3370","Koito Manufacturing","7276.T","4475816175","17.3825","Japan"
"3371","Diodes Incorporated","DIOD","4475304448","97.18","United States"
"3372","Howard Hughes Holdings","HHH","4471793152","74.88","United States"
"3373","KEI Industries","KEI.NS","4465776721","46.7129","India"
"3374","HASEKO Corporation","1808.T","4464462423","16.8562","Japan"
"3375","Nippon Prologis REIT","3283.T","4463828128","532.098","Japan"
"3376","Steadfast Group","SDF.AX","4462077707","4.01269","Australia"
"3377","Petronet LNG","PETRONET.NS","4461867298","2.97458","India"
"3378","NHK Spring","5991.T","4460667525","22.0176","Japan"
"3379","MONETA Money Bank","MONET.PR","4460055611","8.72809","Czech Republic"
"3380","INFRONEER Holdings","5076.T","4455264102","17.609","Japan"
"3381","Alaska Airlines","ALK","4454868992","39.93","United States"
"3382","Cactus Inc","WHD","4443397632","63.72","United States"
"3383","Budimex","BDX.WA","4439279341","173.884","Poland"
"3384","Amentum","AMTM","4437791232","18.15","United States"
"3385","Parsons","PSN","4437764096","41.55","United States"
"3386","Nelnet","NNI","4437723648","124.03","United States"
"3387","Tutor Perini Corporation","TPC","4436833280","84.4","United States"
"3388","Orange Polska","OPL.WA","4436240406","3.38036","Poland"
"3389","Rorze Corporation","6323.T","4434880951","25.5713","Japan"
"3390","Cinemark Theatres","CNK","4432469504","38.24","United States"
"3391","MakeMyTrip","MMYT","4432044032","47.12","India"
"3392","Ansell","ANN.AX","4430735469","31.4775","Australia"
"3393","KBR","KBR","4428760064","35.13","United States"
"3394","NS Solutions Corporation","2327.T","4428080156","24.1996","Japan"
"3395","Sichuan Changhong Electric","600839.SS","4427573158","0.959129","China"
"3396","Maruwa","5344.T","4426939094","358.752","Japan"
"3397","Hang Lung Properties","0101.HK","4426702380","0.850785","Hong Kong"
"3398","Turkcell","TKC","4422531072","5.08","Turkey"
"3399","360 One Wam","360ONE.NS","4421691506","10.8398","India"
"3400","Bicecorp","BICE.SN","4414051544","0.433735","Chile"
"3401","Mapletree Logistics Trust","M44U.SI","4406693246","0.8607","Singapore"
"3402","Perimeter Solutions","PRM","4406452224","26.92","United States"
"3403","Whitehaven Coal","WHC.AX","4405960124","5.36187","Australia"
"3404","Hikma Pharmaceuticals","HIK.L","4405149635","21.2842","United Kingdom"
"3405","PTT Oil and Retail Business","OR.BK","4403341198","0.366945","Thailand"
"3406","Vanke","2202.HK","4402335311","0.368992","China"
"3407","Millrose Properties","MRP","4401930240","26.51","United States"
"3408","Oceaneering International","OII","4401201152","44.22","United States"
"3409","Mphasis","MPHASIS.NS","4400840229","23.0631","India"
"3410","DiaSorin","DIA.MI","4400493279","89.0023","Italy"
"3411","Athens International Airport","AIA.AT","4399036227","13.8322","Greece"
"3412","Offshore Oil Engineering Co.,Ltd","600583.SS","4392336499","0.993437","China"
"3413","Dubai Investments","DIC.AE","4388061376","1.03199","United Arab Emirates"
"3414","JTEKT Corporation","6473.T","4385902266","13.7778","Japan"
"3415","ServisFirst Bancshares","SFBS","4382548992","40.08","United States"
"3416","EPR Properties","EPR","4381263872","57.19","United States"
"3417","Française des Jeux","FDJ.VI","4379026432","23.6961","France"
"3418","Changchun High-Tech Industry","000661.SZ","4377539821","10.7309","China"
"3419","Centerra Gold","CGAU","4373063168","22.02","Canada"
"3420","Gruma (Maseca)","GRUMAB.MX","4372414404","13.0314","Mexico"
"3421","Benefit Systems","BFT.WA","4364961649","1322.3","Poland"
"3422","Vault Minerals","VAU.AX","4356977769","4.21141","Australia"
"3423","RENK Group","R3NK.DE","4356575639","43.5658","Germany"
"3424","Ondas Holdings","ONDS","4355624448","7.48","United States"
"3425","Aurizon Holdings","AZJ.AX","4354392423","2.58681","Australia"
"3426","Tokyo Tatemono","8804.T","4350583290","21.0032","Japan"
"3427","Tamarack Valley Energy","TVE.TO","4350255043","9.18562","Canada"
"3428","AMP Limited","AMP.AX","4346936615","1.8024","Australia"
"3429","Hamamatsu","6965.T","4345660710","15.0506","Japan"
"3430","UFP Industries","UFPI","4345070592","78.77","United States"
"3431","NOBA Bank Group AB","NOBA.ST","4342774816","8.68555","Sweden"
"3432","Klaviyo","KVYO","4342093312","15.25","United States"
"3433","Dukhan Bank","DUBK.QA","4339701466","0.829121","Qatar"
"3434","Embassy Office Parks REIT","EMBASSY.BO","4338998910","4.57752","India"
"3435","Nippon Television Holdings","9404.T","4336530125","17.8164","Japan"
"3436","HeartFlow","HTFL","4332899328","49.83","United States"
"3437","Radian Group","RDN","4332868096","32.75","United States"
"3438","Dexus","DXS.AX","4330146143","4.03709","Australia"
"3439","Cosmo Energy Holdings","5021.T","4329940483","27.2684","Japan"
"3440","HD Construction Equipment","267270.KS","4327157993","90.6901","South Korea"
"3441","Fulton Financial","FULT","4324214784","22.65","United States"
"3442","FAW Car","000800.SZ","4323738886","0.87858","China"
"3443","DB HiTek","000990.KS","4322933932","101.078","South Korea"
"3444","Alliance Laundry Holdings","ALH","4319686656","21.73","United States"
"3445","Indivior PLC","INDV","4318788608","36.59","United States"
"3446","Chugin Financial Group","5832.T","4317752990","24.2889","Japan"
"3447","Sega Sammy Holdings","6460.T","4312954594","21.2456","Japan"
"3448","Iveco Group","IVG.MI","4309261790","16.1791","Italy"
"3449","SK Biopharmaceuticals","326030.KS","4304035354","54.9592","South Korea"
"3450","SLM Corporation (Sallie Mae)","SLM","4303320064","22.89","United States"
"3451","Hiab Oyj","HIAB.HE","4298491505","66.5533","Finland"
"3452","ABC-Mart","2670.T","4297879115","17.357","Japan"
"3453","AAR","AIR","4297631232","106.75","United States"
"3454","Moelis &amp; Company","MC","4296691712","58","United States"
"3455","Integer Holdings","ITGR","4294849536","126.33","United States"
"3456","Federated Hermes","FHI","4294459392","57.52","United States"
"3457","Core Natural Resources","CNR","4293536256","86.5","United States"
"3458","DFI Retail Group","D01.SI","4292408064","3.17","Hong Kong"
"3459","Interpump Group","IP.MI","4289559369","40.8163","Italy"
"3460","International Bancshares Corp","IBOC","4287482880","68.94","United States"
"3461","Indofood CBP","ICBP.JK","4285556268","0.367483","Indonesia"
"3462","Dottikon ES","DESN.SW","4283240357","309.937","Switzerland"
"3463","Imeik Technology Development","300896.SZ","4282959430","14.1542","China"
"3464","Fuji Corporation","6134.T","4281287517","48.6991","Japan"
"3465","Mitsubishi Materials","5711.T","4279544774","32.7489","Japan"
"3466","E-L Financial","ELF.TO","4277579760","12.3766","Canada"
"3467","Liberty Global","LBTYB","4277238016","12.54","United Kingdom"
"3468","Cavco Industries","CVCO","4276230144","556.12","United States"
"3469","Balkrishna Industries","BALKRISIND.NS","4271789689","22.0973","India"
"3470","Griffon Corporation","GFF","4271744512","94.31","United States"
"3471","Franklin Electric","FELE","4271711744","96.62","United States"
"3472","Kingsoft","3888.HK","4270194058","3.14822","China"
"3473","Belden","BDC","4269292544","109.25","United States"
"3474","Vontier","VNT","4268263936","31.57","United States"
"3475","Taihan Cable & Solution Co., Ltd.","001440.KS","4267292667","21.8437","South Korea"
"3476","Bharat Dynamics","BDL.NS","4264086240","11.6326","India"
"3477","RioCan REIT","REI-UN.TO","4262456103","14.6167","Canada"
"3478","China Power International Development","2380.HK","4257033731","0.344138","Hong Kong"
"3479","Herc Holdings","HRI","4253816832","127.24","United States"
"3480","Air Water Inc.","4088.T","4252128351","18.5469","Japan"
"3481","Toyo Seikan Group Holdings","5901.T","4251297956","28.2318","Japan"
"3482","Strauss Group","STRS.TA","4251190217","36.2675","Israel"
"3483","Aspen Pharmacare","APN.JO","4249425700","9.8157","South Africa"
"3484","Corporación América Airports","CAAP","4247656960","26","Luxembourg"
"3485","Brink's","BCO","4247474944","103.12","United States"
"3486","Grupo Elektra","XEKT.MC","4241775619","20.2458","Mexico"
"3487","LivaNova","LIVN","4241649152","76.99","United Kingdom"
"3488","Aboitiz Power","ABZPY","4239924480","11.768","Philippines"
"3489","Kobe Bussan","3038.T","4239421129","19.1115","Japan"
"3490","Rightmove","RMV.L","4238816345","5.84026","United Kingdom"
"3491","Beijing New Building Materials","000786.SZ","4230198685","2.48508","China"
"3492","Bridgepoint Group plc","BPT.L","4228365506","4.25419","United Kingdom"
"3493","NorthWestern Energy","NWE","4225661184","68.69","United States"
"3494","OPENLANE Corporate","OPLN","4224838144","34.61","United States"
"3495","Page Industries","PAGEIND.NS","4224247755","378.725","India"
"3496","Banco Macro","BMA","4223173376","66.05","Argentina"
"3497","Mandarin Oriental","M04.SI","4221123840","3.34","Hong Kong"
"3498","SCHOTT Pharma","1SXP.DE","4217892432","28.0045","Germany"
"3499","Clariant","CLN.SW","4215242159","12.8171","Switzerland"
"3500","Brunswick Corporation","BC","4213776640","65.03","United States"
"3501","Delek US","DK","4208487680","68.73","United States"
"3502","ESAB","ESAB","4202543616","67.6","United States"
"3503","OHB SE","OHB.DE","4201616115","202.948","Germany"
"3504","Qatar International Islamic Bank","QIIK.QA","4200067255","2.77473","Qatar"
"3505","DMG Mori Aktiengesellschaft","GIL.F","4200051671","53.288","Germany"
"3506","L.D.C. S.A.","LOUP.PA","4197552333","119.274","France"
"3507","Enphase Energy","ENPH","4195137536","31.83","United States"
"3508","Bendigo and Adelaide Bank","BEN.AX","4187171344","7.25492","Australia"
"3509","Scorpio Tankers","STNG","4185298688","83.57","Monaco"
"3510","Enova International","ENVA","4180934656","167.92","United States"
"3511","The Tel-Aviv Stock Exchange","TASE.TA","4178533732","45.0342","Israel"
"3512","Bill.com","BILL","4175094528","41.92","United States"
"3513","Want Want China","0151.HK","4171385892","0.357521","Hong Kong"
"3514","Americold","COLD","4170753536","14.54","United States"
"3515","Tanger Inc.","SKT","4167120896","34.86","United States"
"3516","Northland Power","NPI.TO","4166761540","15.934","Canada"
"3517","Meritage Homes","MTH","4164624640","63.9","United States"
"3518","Sime Darby","4197.KL","4164623021","0.611043","Malaysia"
"3519","Dave Inc.","DAVE","4163907840","326.44","United States"
"3520","Warba Bank","WARBABANK.KW","4161142377","881.014","Kuwait"
"3521","Tohoku Electric Power","9506.T","4156840705","8.30048","Japan"
"3522","Mapletree Industrial Trust","ME8U.SI","4155071592","1.45536","Singapore"
"3523","Patanjali Foods","PATANJALI.NS","4146138514","3.81121","India"
"3524","GMO Payment Gateway","3769.T","4146058111","54.5943","Japan"
"3525","Nomura Real Estate Master Fund","3462.T","4138322389","890.658","Japan"
"3526","CECO Environmental","CECO","4135030016","70.6","United States"
"3527","Credit Saison","8253.T","4134495296","28.7869","Japan"
"3528","Everbright Securities Company","6178.HK","4134352898","0.89667","Hong Kong"
"3529","Kintetsu GHD","9041.T","4130811201","21.7242","Japan"
"3530","Indosat","ISAT.JK","4130114801","0.128062","Indonesia"
"3531","Pampa Energía","PAM","4129689088","76.84","Argentina"
"3532","Titan Cement International","TITC.BR","4126475764","55.2608","Belgium"
"3533","LLB (Liechtensteinische Landesbank)","LLBN.SW","4124193402","135.485","Liechtenstein"
"3534","Bank Handlowy w Warszawie","BHW.WA","4121792949","31.6106","Poland"
"3535","Tango Therapeutics","TNGX","4117465088","24.42","United States"
"3536","J. Front Retailing","3086.T","4114128033","16.8562","Japan"
"3537","Makkah Construction &amp; Development","4100.SR","4112398279","20.562","Saudi Arabia"
"3538","Yamato Holdings","9064.T","4109534100","12.9771","Japan"
"3539","Keisei Electric Railway Co., Ltd.","9009.T","4104346847","8.51102","Japan"
"3540","LEENO Industrial","058470.KQ","4104066857","54.0752","South Korea"
"3541","Electrical Industries Company (EIC)","1303.SR","4103908720","3.68891","Saudi Arabia"
"3542","Rubis","RUI.PA","4101433624","39.6825","France"
"3543","Li Ning Company","2331.HK","4098433999","1.58558","China"
"3544","Aumovio SE","AMV0.DE","4095057425","40.9297","Germany"
"3545","Metropolitan Bank (Metrobank)","MTPOY","4092648448","18.2","Philippines"
"3546","Danieli &amp; C. Officine Meccaniche","DAN.MI","4089870958","57.1429","Italy"
"3547","ICU Medical","ICUI","4087150336","163.44","United States"
"3548","Tauron Polska","TPE.WA","4086424970","2.3317","Poland"
"3549","Estun Automation","002747.SZ","4086198685","4.21838","China"
"3550","BRP (Bombardier Recreational Products)","DOO","4081181440","57.36","Canada"
"3551","Sampoerna","HMSP.JK","4080199781","0.035078","Indonesia"
"3552","Geo Group","GEO","4074942208","30.96","United States"
"3553","Linamar","LNR.TO","4070585493","69.0119","Canada"
"3554","Covista Inc.","CVSA","4065936896","119.45","United States"
"3555","AZZ","AZZ","4065667328","135.29","United States"
"3556","Poonawalla Fincorp","POONAWALLA.NS","4065537362","4.64159","India"
"3557","Espressif Systems (Shanghai)","688018.SS","4064665969","17.3419","China"
"3558","Cleanaway Waste Management","CWY.AX","4064230302","1.81286","Australia"
"3559","Fastly","FSLY","4058963968","25.48","United States"
"3560","Texas Capital Bancshares","TCBI","4056593152","93.31","United States"
"3561","Mobile TeleSystems","MTSS.ME","4055532184","2.03","Russia"
"3562","Fervo Energy Company","FRVO","4052994048","13.75","United States"
"3563","United Community Bank","UCB","4051336704","33.6","United States"
"3564","NIKKON Holdings","9072.T","4045311013","32.6149","Japan"
"3565","GLP J-REIT","3281.T","4037442746","841.532","Japan"
"3566","Tidewater","TDW","4037220608","81.14","United States"
"3567","Huber+Suhner","HUBN.SW","4036556587","218.695","Switzerland"
"3568","The Berkeley Group","BKG.L","4032754561","44.3939","United Kingdom"
"3569","LEG Immobilien","LEG.DE","4030623795","52.449","Germany"
"3570","dLocal","DLO","4028544256","13.69","Uruguay"
"3571","Korn Ferry","KFY","4027918336","71.98","United States"
"3572","Relay Therapeutics","RLAY","4023440384","18.36","United States"
"3573","Persol Holdings","2181.T","4020461038","1.80237","Japan"
"3574","Broadstone Net Lease","BNL","4019487744","18.88","United States"
"3575","Meiko Electronics","6787.T","4018560244","156.567","Japan"
"3576","Rohto Pharmaceutical","4527.T","4018515923","17.8259","Japan"
"3577","JK Cement","JKCEMENT.NS","4015565652","51.9692","India"
"3578","Cabot Corporation","CBT","4014081536","77.76","United States"
"3579","Nikon","NINOY","4012296448","12.18","Japan"
"3580","COMSYS Holdings Corporation","1721.T","4008174868","35.0202","Japan"
"3581","MSI (Micro-Star International)","2377.TW","4007328116","4.74321","Taiwan"
"3582","Patterson-UTI Energy","PTEN","4004966400","10.55","United States"
"3583","Globe Telecom, Inc.","GTMEY","4003401728","27.68","Philippines"
"3584","Sino-American Silicon Products","5483.TWO","4003160708","6.51798","Taiwan"
"3585","Synaptics","SYNA","4000598272","100.79","United States"
"3586","The Hyakugo Bank","8368.T","3999596208","16.5691","Japan"
"3587","Primoris Services Corporation","PRIM","3998665216","74.28","United States"
"3588","Viking Therapeutics","VKTX","3998155776","31.81","United States"
"3589","Arcadis","ARCAD.AS","3997542616","46.9161","Netherlands"
"3590","Signet Jewelers","SIG","3997254912","104.32","Bermuda"
"3591","Cathay General Bancorp","CATY","3993489408","59.86","United States"
"3592","Pepkor","PPH.JO","3992641000","1.08277","South Africa"
"3593","Valeo","FR.PA","3991366979","16.5249","France"
"3594","Asia Cement","1102.TW","3988282070","1.12455","Taiwan"
"3595","Coca-Cola Bottlers Japan","2579.T","3985787228","24.4995","Japan"
"3596","SiteOne Landscape Supply","SITE","3984638976","89.93","United States"
"3597","Taylor Wimpey","TW.L","3983062534","1.15403","United Kingdom"
"3598","Endurance Technologies","ENDURANCE.NS","3978363833","28.283","India"
"3599","CyberAgent","4751.T","3977837427","7.8443","Japan"
"3600","Kakao Pay","377300.KS","3976276267","29.3951","South Korea"
"3601","Brady Corporation","BRC","3976115456","84.78","United States"
"3602","Riyadh Cables Group Company","4142.SR","3975718481","26.5548","Saudi Arabia"
"3603","Kilroy Realty","KRC","3974255872","33.84","United States"
"3604","Axcelis Technologies","ACLS","3974138880","128.69","United States"
"3605","COPT Defense Properties","CDP","3971147776","34.28","United States"
"3606","Ottobock","OBCK.F","3968550182","62.0181","Germany"
"3607","Johnson Matthey","JMAT.L","3964109404","31.4831","United Kingdom"
"3608","Thermax","THERMAX.NS","3961834396","35.1698","India"
"3609","Merdeka Copper Gold","MDKA.JK","3956635025","0.162027","Indonesia"
"3610","VietJet Aviation","VJC.VN","3953558380","5.14055","Vietnam"
"3611","Bank AlJazira","1020.SR","3951694778","3.09762","Saudi Arabia"
"3612","Yuhan","000100.KS","3948244741","53.6331","South Korea"
"3613","JOYY","JOYY","3947264256","80.6","China"
"3614","Adaro Energy","ADRO.JK","3944833524","0.136971","Indonesia"
"3615","Regis Resources","RRL.AX","3943718601","5.19802","Australia"
"3616","Parabilis Medicines","PBLS","3941945600","31.91","United States"
"3617","Takasago Thermal Engineering","1969.T","3939961201","30.1076","Japan"
"3618","Jersey Mike's Subs","JMKE","3939554304","16.92","United States"
"3619","Takashimaya Company","8233.T","3937069034","13.4364","Japan"
"3620","Global Power Synergy","GPSC.BK","3932647507","1.39469","Thailand"
"3621","Telephone and Data Systems","TDS","3932362496","34.16","United States"
"3622","MDU Resources","MDU","3929327872","18.68","United States"
"3623","Qatar Electricity &amp; Water Company","QEWS.QA","3928571386","3.57143","Qatar"
"3624","Par Pacific Holdings","PARR","3923301632","78.31","United States"
"3625","SkyWest","SKYW","3922401792","98.9","United States"
"3626","Travel + Leisure","TNL","3920827648","63.98","United States"
"3627","JB Financial Group","175330.KS","3918166460","21.2912","South Korea"
"3628","TUI","TUI1.F","3917919653","7.72109","Germany"
"3629","Atlas Arteria","ALX.AX","3911926193","2.6914","Australia"
"3630","Wilh. Wilhelmsen Holding","WWI.OL","3911600711","94.2625","Norway"
"3631","Jiangsu Yuyue Medical Equipment &amp; Supply Co., Ltd.","002223.SZ","3909448709","3.93049","China"
"3632","Aya Gold &amp; Silver","AYA.TO","3907293054","27.1272","Canada"
"3633","China Airlines","2610.TW","3906826027","0.642375","Taiwan"
"3634","Masan Group","MSN.VN","3902914057","2.69927","Vietnam"
"3635","MODEC, Inc.","6269.T","3900826003","57.0761","Japan"
"3636","Bestechnic","688608.SS","3899220623","16.4603","China"
"3637","Archer Aviation","ACHR","3896335616","5.06","United States"
"3638","Global Health Limited (Medanta)","MEDANTA.NS","3893078613","14.4874","India"
"3639","Krones","KRN.F","3890031037","123.129","Germany"
"3640","Harmonic Drive Systems","6324.T","3889638246","41.0877","Japan"
"3641","Algonquin Power & Utilities","AQN","3888004608","5.05","Canada"
"3642","Seaboard Corporation","SEB","3884289792","4055.45","United States"
"3643","Bucher Industries","BUCN.SW","3876940566","395.065","Switzerland"
"3644","CCC Intelligent Solutions","CCC","3875585024","6.58","United States"
"3645","Höegh Autoliners","HAUTO.OL","3875029229","19.4462","Norway"
"3646","WSFS Financial","WSFS","3874711296","75.84","United States"
"3647","Ero Copper","ERO","3873799680","37.14","Canada"
"3648","Transportadora de Gas del Sur","TGS","3873708288","25.73","Argentina"
"3649","Trina Solar","688599.SS","3871666102","1.65274","China"
"3650","MediPal Holdings Corporation","7459.T","3869655240","18.9042","Japan"
"3651","Asmodee Group AB","ASMDEE-B.ST","3864658810","16.3258","Sweden"
"3652","Madison Square Garden Entertainment","MSGE","3862472192","81.65","United States"
"3653","Caliway Biopharmaceuticals","6919.TW","3862252385","2.48155","Taiwan"
"3654","CVB Financial","CVBF","3861383936","21.94","United States"
"3655","OBIC Business Consultants","4733.T","3859606036","51.3404","Japan"
"3656","Tenable","TENB","3858416640","34.99","United States"
"3657","Toei Animation","4816.T","3851936378","18.8531","Japan"
"3658","Permata Bank","BNLI.JK","3847789800","0.106347","Indonesia"
"3659","Grand Canyon Education","LOPE","3846938624","147.59","United States"
"3660","Gaon Cable","000500.KS","3845195190","232.435","South Korea"
"3661","Bread Financial","BFH","3844616192","100.07","United States"
"3662","Apple Hospitality REIT","APLE","3841065728","16.27","United States"
"3663","Astral Poly Technik","ASTRAL.NS","3838579196","14.2884","India"
"3664","Internet Initiative Japan Inc.","3774.T","3837635684","21.6412","Japan"
"3665","United Bank (Pakistan)","UBL.PK","3835432235","1.53157","Pakistan"
"3666","Rumble","RUM","3827654656","7.72","United States"
"3667","Firefly Aerospace","FLY","3826870272","22.86","United States"
"3668","Itron","ITRI","3826524160","87.39","United States"
"3669","Thai Life Insurance","TLI.BK","3825775635","0.334129","Thailand"
"3670","Fluidra","FDR.MC","3824575438","20.3628","Spain"
"3671","AGL Energy","AGL.AX","3820615484","5.67912","Australia"
"3672","Iida Group","3291.T","3818672066","13.8192","Japan"
"3673","Doosan Bobcat","241560.KS","3816153612","39.8565","South Korea"
"3674","NGEx Minerals","NGEX.TO","3815665673","17.5952","Canada"
"3675","Atlanta Braves Holdings","BATRA","3812214784","59.41","United States"
"3676","Sheng Siong Group","OV8.SI","3811694323","2.53515","Singapore"
"3677","Indian Railway Catering & Tourism","IRCTC.NS","3811627022","4.76453","India"
"3678","Banco del Bajío","BBAJIOO.MX","3808518589","3.20062","Mexico"
"3679","C&amp;D International Investment Group","1908.HK","3807831622","1.72196","Hong Kong"
"3680","Siegfried Holding","SFZN.SW","3805478554","86.8663","Switzerland"
"3681","Neptune Insurance Holdings","NP","3802728704","27.71","United States"
"3682","3M India","3MINDIA.NS","3801579489","337.466","India"
"3683","Webull","BULL","3798411008","7.17","United States"
"3684","Toyo Tire","5105.T","3797781730","24.659","Japan"
"3685","EQB (Equitable Bank)","EQB.TO","3795388879","89.1653","Canada"
"3686","Endeavour Group","EDV.AX","3793786356","2.11268","Australia"
"3687","Zuger Kantonalbank","ZUGER.SW","3792984879","13188.8","Switzerland"
"3688","TOTVS","TOTS3.SA","3790917246","6.68752","Brazil"
"3689","Nordic Semiconductor","NOD.OL","3790738453","19.165","Norway"
"3690","Energix Renewable Energies","ENRG.TA","3788406750","6.40834","Israel"
"3691","Skeena Resources","SKE","3786464512","30.18","Canada"
"3692","Celcuity Inc.","CELC","3786350848","77.38","United States"
"3693","Kewpie Corporation","2809.T","3785268936","27.983","Japan"
"3694","Valvoline","VVV","3783340032","29.65","United States"
"3695","Secure Energy Services","SES.TO","3781335307","17.3428","Canada"
"3696","Paymentus","PAY","3778189312","30","United States"
"3697","Saudi Tadawul Group Holding Company","1111.SR","3777866512","31.4822","Saudi Arabia"
"3698","Mattel","MAT","3776954112","13.22","United States"
"3699","KLCC Property Holdings","5235SS.KL","3774586554","2.0908","Malaysia"
"3700","Robert Half","RHI","3772587776","36.88","United States"
"3701","Avis Budget Group","CAR","3772436992","106.79","United States"
"3702","Mercari","4385.T","3771921148","23.115","Japan"
"3703","Türk Telekom","TTKOM.IS","3771020834","1.07743","Turkey"
"3704","Nitto Boseki","3110.T","3768537684","20.7033","Japan"
"3705","Sohar International Bank","BKSB.OM","3768221060","0.490909","Oman"
"3706","iRhythm","IRTC","3765034240","114.22","United States"
"3707","CorVel Corporation","CRVL","3761969152","74.47","United States"
"3708","Covivio Hotels","COVH.PA","3761485953","23.8095","France"
"3709","SL Green Realty","SLG","3761217536","49.02","United States"
"3710","PUMA","PUM.DE","3760336565","25.5442","Germany"
"3711","St. Joe Company","JOE","3757979136","66.01","United States"
"3712","Odakyu Electric Railway","9007.T","3756959399","10.9801","Japan"
"3713","Cohen &amp; Steers","CNS","3751200512","72.95","United States"
"3714","Allreal Holding","ALLN.SW","3750732478","227.087","Switzerland"
"3715","Envista","NVST","3747211264","23.33","United States"
"3716","Loomis AB","LOOMIS.ST","3743345660","55.9357","Sweden"
"3717","Otter Tail","OTTR","3743014400","89.15","United States"
"3718","Axiata Group","6888.KL","3743003628","0.407362","Malaysia"
"3719","Avient","AVNT","3740323328","40.78","United States"
"3720","Amylyx Pharmaceuticals","AMLX","3736905216","29.28","United States"
"3721","China Gas","0384.HK","3735939790","0.685726","China"
"3722","Jumbo S.A.","5JB.F","3732376838","27.7778","Greece"
"3723","TransAlta","TAC","3729177088","11.79","Canada"
"3724","Narayana Hrudayalaya","NH.NS","3725753903","18.3444","India"
"3725","Mainfreight","MFT.NZ","3720294742","36.9449","New Zealand"
"3726","KDX Realty Investment","8972.T","3718665885","920.645","Japan"
"3727","ERG","ERG.MI","3711325338","25.5329","Italy"
"3728","TORM","TRMD","3710825728","36.15","United Kingdom"
"3729","Telix Pharmaceuticals","TLX.AX","3708548105","10.9469","Australia"
"3730","Silgan Holdings","SLGN","3708381952","35.09","United States"
"3731","AIA Engineering","AIAENG.NS","3706660177","39.7197","India"
"3732","Veracyte","VCYT","3704404992","46.08","United States"
"3733","Independent Bank Corp.","INDB","3702369024","78.16","United States"
"3734","Société Foncière Lyonnaise","FLY.PA","3702190127","86.0641","France"
"3735","Tiantan Bio","600161.SS","3701672327","1.87202","China"
"3736","NLC India","NLCINDIA.NS","3699913000","2.66826","India"
"3737","SmartCentres REIT","SRU-UN.TO","3693648172","18.815","Canada"
"3738","Harvey Norman","HVN.AX","3692322040","2.96332","Australia"
"3739","Boot Barn Holdings","BOOT","3691419648","121.89","United States"
"3740","Voltas","VOLTAS.NS","3689788993","11.1513","India"
"3741","İsdemir","ISDMR.IS","3689703129","1.27231","Turkey"
"3742","Interparfums","IPAR","3685846784","115.09","United States"
"3743","Gibson Energy","GEI.TO","3685175555","21.351","Canada"
"3744","Parque Arauco","PARAUCO.SN","3683747494","3.75291","Chile"
"3745","Ferrotec Holdings Corporation","6890.T","3683308023","68.4582","Japan"
"3746","Magnite","MGNI","3681698304","25.67","United States"
"3747","WisdomTree","WT","3677199104","24.27","United States"
"3748","Dorman Products","DORM","3676512256","123.89","United States"
"3749","Sixt","SIX2.F","3675101049","78.288","Germany"
"3750","Comstock Resources","CRK","3673192960","12.51","United States"
"3751","Protector Forsikring","PROT.OL","3672973522","44.621","Norway"
"3752","Venture Corporation","V03.SI","3667352176","12.7618","Singapore"
"3753","Aris Mining","ARIS","3664144640","17.75","Canada"
"3754","Ionic Digital","IOND","3662688768","81.4","United States"
"3755","Sabancı Holding","SAHOL.IS","3662625980","1.77124","Turkey"
"3756","PLDT","PHI","3662145536","16.95","Philippines"
"3757","Legend Biotech","LEGN","3660271872","18.82","United States"
"3758","G-bits Network Technology","603444.SS","3660083630","50.8055","China"
"3759","Lumine Group","LMN.V","3659960509","14.2622","Canada"
"3760","Helmerich &amp; Payne","HP","3658764800","36.61","United States"
"3761","Eagers Automotive Limited","APE.AX","3656864381","12.9619","Australia"
"3762","Workiva","WK","3656174848","65.15","United States"
"3763","IDEAYA Biosciences","IDYA","3653092096","37.86","United States"
"3764","Badger Meter","BMI","3652052992","125.99","United States"
"3765","Excelerate Energy","EE","3650413568","32.19","United States"
"3766","Cochin Shipyard Limited","COCHINSHIP.NS","3649635733","13.8727","India"
"3767","Meezan Bank","MEBL.PK","3648919693","2.01922","Pakistan"
"3768","Nabtesco Corporation","6268.T","3647648694","31.3772","Japan"
"3769","Viva Energy","VEA.AX","3647628604","2.22075","Australia"
"3770","FTI Consulting","FCN","3647213056","132.09","United States"
"3771","Haitian International Holdings","1882.HK","3645349781","2.28405","Hong Kong"
"3772","Vend Marketplaces","VENDA.OL","3638040042","35.6446","Norway"
"3773","Aperam","APAM.AS","3636334175","50.1814","Luxembourg"
"3774","Sezzle","SEZL","3635891456","107.97","United States"
"3775","Carel Industries","CRL.MI","3634972905","32.3129","Italy"
"3776","Exide Industries","EXIDEIND.NS","3631850268","4.27276","India"
"3777","Hualan Biological Engineering","002007.SZ","3630140489","1.98837","China"
"3778","Pulse Biosciences","PLSE","3629607424","50.89","United States"
"3779","ALSOK","2331.T","3628301655","7.46469","Japan"
"3780","China Everbright Environment Group","0257.HK","3625167621","0.590132","Hong Kong"
"3781","USA Compression Partners","USAC","3625032960","25.01","United States"
"3782","PI Industries","PIIND.NS","3624319569","23.8904","India"
"3783","Citizen Watch","7762.T","3623989537","14.8528","Japan"
"3784","Fielmann","FIE.F","3622017912","43.1406","Germany"
"3785","Thor Industries","THO","3621263616","70.16","United States"
"3786","NOF Corporation","4403.T","3620821408","16.1831","Japan"
"3787","WesBanco","WSBC","3618529024","37.73","United States"
"3788","DHT Holdings","DHT","3614901504","22.42","Bermuda"
"3789","Brembo","BRE.MI","3613935627","11.3605","Italy"
"3790","Sacyr","SCYR.MC","3611445577","4.54195","Spain"
"3791","HUB24 Limited","HUB.AX","3609745888","44.1431","Australia"
"3792","Optima bank","OPTIMA.AT","3609688988","16.3265","Greece"
"3793","Organon","OGN","3608253696","13.74","United States"
"3794","Xenon Pharmaceuticals","XENE","3607305984","37.25","Canada"
"3795","UCT (Ultra Clean Holdings)","UCTT","3606889216","80.46","United States"
"3796","Sharjah Islamic Bank","SIB.AE","3606455414","0.84","United Arab Emirates"
"3797","Amplifon","AMP.MI","3603573142","13.5601","Italy"
"3798","Marriott Vacations Worldwide","VAC","3600502016","104.68","United States"
"3799","Drax Group","DRX.L","3598638209","10.6884","United Kingdom"
"3800","Renasant Corp","RNST","3595851520","39.34","United States"
"3801","Entain","ENT.L","3593325251","5.61538","Isle of Man"
"3802","Granite REIT","GRP-UN","3590449408","59.19","Canada"
"3803","Wynn Macau","1128.HK","3590322619","0.680628","Macau"
"3804","Fuji Media Holdings","4676.T","3590274905","25.1885","Japan"
"3805","LXP Industrial Trust","LXP","3589907712","60.89","United States"
"3806","Manchester United","MANU","3589545728","20.81","United Kingdom"
"3807","Tarsus Pharmaceuticals","TARS","3588454656","76.69","United States"
"3808","Atmus Filtration Technologies","ATMU","3585307392","43.94","United States"
"3809","Wendel","MF.PA","3584591120","92.7438","France"
"3810","Independence Realty Trust","IRT","3583763200","14.83","United States"
"3811","Century Aluminum","CENX","3583557376","36.2","United States"
"3812","Cranswick","CWK.L","3581625838","66.9348","United Kingdom"
"3813","Mitie Group PLC","MTO.L","3579661035","2.77528","United Kingdom"
"3814","flatexDEGIRO AG","FTK.DE","3578741433","33.4467","Germany"
"3815","Ayala Land","AYAAF","3573130240","0.25","Philippines"
"3816","BancFirst","BANF","3571912192","106.35","United States"
"3817","China Resources Pharmaceutical Group","3320.HK","3571382723","0.568464","Hong Kong"
"3818","Mirion Technologies","MIR","3571271424","14.34","United States"
"3819","SAL Saudi Logistics Services","4263.SR","3566919780","44.5865","Saudi Arabia"
"3820","Groupe SEB","SK.PA","3564987674","64.966","France"
"3821","Container Corporation of India","CONCOR.NS","3562496003","4.67754","India"
"3822","Minor International","MINT.BK","3557308499","0.632458","Thailand"
"3823","Wesdome Gold Mines","WDO.TO","3555323299","24.7685","Canada"
"3824","Bank für Tirol und Vorarlberg","BTS.VI","3553386985","95.805","Austria"
"3825","Inmobiliaria Colonial","COL.MC","3552820128","5.6746","Spain"
"3826","Iren","IRE.MI","3549551919","2.76644","Italy"
"3827","Stadler Rail","SRAIL.SW","3546451510","35.4659","Switzerland"
"3828","Syrma SGS Technology","SYRMA.NS","3543231916","18.3945","India"
"3829","Sopra Steria Group","SOP.PA","3536394042","182.993","France"
"3830","Hochschild Mining","HOC.L","3535387623","6.87206","United Kingdom"
"3831","Digital China Group Co., Ltd.","000034.SZ","3533716164","3.47554","China"
"3832","Singapore Land","U06.SI","3532036721","2.46473","Singapore"
"3833","Westgold Resources Limited","WGX.AX","3531622159","3.74076","Australia"
"3834","TechCreate Group","TCGL","3531553280","172.84","Singapore"
"3835","Nisshin Seifun Group","2002.T","3530405749","12.6198","Japan"
"3836","JGC Holdings","1963.T","3525235640","14.5625","Japan"
"3837","Lazard","LAZ","3524069120","35.8","Bermuda"
"3838","Fattal Holdings (Leonardo Hotels)","FTAL.TA","3521202111","213.416","Israel"
"3839","SKC Co., Ltd.","011790.KS","3516310563","72.4195","South Korea"
"3840","Kontoor Brands","KTB","3513681152","64.29","United States"
"3841","WaterBridge Infrastructure","WBI","3513563648","28.46","United States"
"3842","Air France-KLM","AF.PA","3512590106","13.3844","France"
"3843","Tobu Railway","9001.T","3512348624","17.9631","Japan"
"3844","Huhtamäki","HUH1V.HE","3511441880","33.4467","Finland"
"3845","National Healthcare","NHC","3510658304","224.16","United States"
"3846","National Bank of Fujairah","NBF.AE","3505651223","1.36","United Arab Emirates"
"3847","Mesaieed Petrochemical Holding Company","MPHC.QA","3503193077","0.278846","Qatar"
"3848","Universal Display Corporation","OLED","3500834304","76.16","United States"
"3849","New Hope Corporation","NHC.AX","3497581050","4.14517","Australia"
"3850","PVH Corp.","PVH","3494479360","75.74","United States"
"3851","Apex Investment","APEX.AE","3492725937","0.98","United Arab Emirates"
"3852","GS Yuasa Corporation","6674.T","3492724369","34.8161","Japan"
"3853","Koei Tecmo","3635.T","3491902337","10.4474","Japan"
"3854","Mandatum","MANTA.HE","3491673282","6.93878","Finland"
"3855","Bel Fuse","BELFB","3491389952","245.48","United States"
"3856","Genworth Financial","GNW","3487564800","9.23","United States"
"3857","Ventia Services Group","VNT.AX","3486046236","4.27416","Australia"
"3858","QL Resources","7084.KL","3484803838","0.957055","Malaysia"
"3859","NH Foods (Nipponham)","2282.T","3481777870","12.6772","Japan"
"3860","AntarChile","ANTARCHILE.SN","3474442347","7.65624","Chile"
"3861","Megaport Limited","MP1.AX","3473087374","14.3007","Australia"
"3862","Kuraray Co., Ltd.","3405.T","3471666784","11.5224","Japan"
"3863","ZIM Integrated Shipping Services","ZIM","3464940288","28.75","Israel"
"3864","Atlanta Braves Holdings, Inc.","BATRK","3463782912","53.98","United States"
"3865","ACADIA Pharmaceuticals","ACAD","3462389248","20.22","United States"
"3866","Athabasca Oil Corporation","ATH.TO","3459320321","7.18745","Canada"
"3867","Hudco","HUDCO.NS","3458794403","1.72776","India"
"3868","CIE Automotive","CIE.MC","3455750562","29.1383","Spain"
"3869","Micronics Japan Co., Ltd.","6871.T","3455644044","89.1296","Japan"
"3870","Kadokawa","9468.T","3455247035","23.5106","Japan"
"3871","Sunrise Communications AG","SUNN.SW","3455031049","47.4558","Switzerland"
"3872","Santen Pharmaceutical","4536.T","3452165248","10.7472","Japan"
"3873","Lemonade","LMND","3451888896","44.6","United States"
"3874","Unilever Indonesia","UNVR.JK","3447071928","0.0907572","Indonesia"
"3875","L&amp;T Technology Services","LTTS.NS","3443106185","32.4557","India"
"3876","IGO Limited","IGO.AX","3442606561","4.54609","Australia"
"3877","Tecan","TECN.SW","3442258366","279.363","Switzerland"
"3878","Laboratorios Farmaceuticos Rovi","ROVI.MC","3441425011","67.2902","Spain"
"3879","Q2","QTWO","3436990720","55.12","United States"
"3880","Yamaha","7951.T","3436650948","7.8124","Japan"
"3881","Comet Holding","COTN.SW","3435788691","442.185","Switzerland"
"3882","The Japan Steel Works","5631.T","3433553899","46.6447","Japan"
"3883","KEPCO Engineering & Construction Company","052690.KS","3433352339","90.2481","South Korea"
"3884","M/I Homes","MHO","3433182720","135.79","United States"
"3885","NSK Ltd.","6471.T","3432533258","7.01489","Japan"
"3886","First Interstate BancSystem","FIBK","3430965760","36","United States"
"3887","Nicolet Bankshares","NIC","3428020480","163.57","United States"
"3888","Vidrala","VID.MC","3426248449","100.227","Spain"
"3889","F.I.B.I. Holdings","FIBIH.TA","3424048489","96.5809","Israel"
"3890","Jet2","JET2.L","3423819898","18.9957","United Kingdom"
"3891","Sportradar","SRAD","3421201152","11.56","Switzerland"
"3892","Canadian Apartment Properties REIT","CAR-UN.TO","3419663383","22.2244","Canada"
"3893","Sumitomo Rubber Industries","5110.T","3419360873","13.009","Japan"
"3894","CleanSpark","CLSK","3418235392","13.31","United States"
"3895","Option Care Health","OPCH","3416601344","22.81","United States"
"3896","RXO","RXO","3415619840","20.71","United States"
"3897","GPGI, Inc.","GPGI","3412006400","11.77","United States"
"3898","Nichirei Corporation","2871.T","3409670001","13.6023","Japan"
"3899","Enliven Therapeutics","ELVN","3407822848","46.51","United States"
"3900","First Capital REIT","FCR-UN.TO","3407799753","16.0326","Canada"
"3901","The a2 Milk Company","A2M.AX","3406257846","4.67857","New Zealand"
"3902","Dowa Holdings","5714.T","3402748368","57.5291","Japan"
"3903","Inter Cars","CAR.WA","3401621308","242.659","Poland"
"3904","Dexerials Corporation","4980.T","3398551862","20.2886","Japan"
"3905","CRISIL","CRISIL.NS","3397444706","46.4576","India"
"3906","Kenon Holdings","KEN","3395904000","65.17","Singapore"
"3907","Warby Parker","WRBY","3395513088","27.47","United States"
"3908","OFILM Group","002456.SZ","3394750627","0.971062","China"
"3909","Ermenegildo Zegna","ZGN","3393383936","12.62","Italy"
"3910","Star Bulk Carriers","SBLK","3389284608","29.2","Greece"
"3911","Brederode","BREB.BR","3389081140","115.646","Luxembourg"
"3912","BB Biotech","BION.SW","3385499073","61.3879","Switzerland"
"3913","Hill &amp; Smith PLC","HILS.L","3369846756","43.3224","United Kingdom"
"3914","HNI Corporation","HNI","3367281152","46.65","United States"
"3915","Dr Lal PathLabs","LALPATHLAB.NS","3366344468","20.125","India"
"3916","Inchcape","INCH.L","3364087806","9.87486","United Kingdom"
"3917","Pattern Group","PTRN","3362825984","16.89","United States"
"3918","Arcutis Biotherapeutics","ARQT","3362259968","26.75","United States"
"3919","Russel Metals","RUS.TO","3361808441","61.2351","Canada"
"3920","Indofood","INDF.JK","3361104109","0.382795","Indonesia"
"3921","MIAX (Miami International Holdings)","MIAX","3360950272","33.87","United States"
"3922","Fortuna Mining","FSM","3359116288","11.35","Canada"
"3923","NCR Atleos Corporation","NATL","3357876736","45.44","United States"
"3924","Meidensha Corporation","6508.T","3357333985","74.0089","Japan"
"3925","Standex International","SXI","3357138432","273.35","United States"
"3926","Alm. Brand","ALMB.CO","3356732302","2.47198","Denmark"
"3927","Kinaxis","KXS.TO","3356710838","123.463","Canada"
"3928","Teekay Tankers","TNK","3353871616","96.81","Canada"
"3929","Nine Dragons Paper","2689.HK","3352141755","0.714404","China"
"3930","B&M European Value Retail","BME.L","3352025368","3.33351","Luxembourg"
"3931","Mueller Water Products","MWA","3352018176","21.47","United States"
"3932","Predictive Discovery Limited","PDI.AX","3345122721","3.38516","Australia"
"3933","Shaftesbury Capital","SHC.L","3339604647","1.82417","United Kingdom"
"3934","Commercial Bank of Kuwait","CBK.KW","3335831561","1690.51","Kuwait"
"3935","Shikun &amp; Binui","SKBN.TA","3334834117","5.72126","Israel"
"3936","DOF Group","DOFG.OL","3334728061","13.5405","Norway"
"3937","IPG Photonics","IPGP","3332672512","78.52","United States"
"3938","Constellium","CSTM","3332626944","24.59","France"
"3939","North Pacific Bank","8524.T","3332104771","8.90658","Japan"
"3940","Keppel REIT","K71U.SI","3331580212","0.668998","Singapore"
"3941","Growthpoint Properties","GRT.JO","3330112500","0.983399","South Africa"
"3942","Lionsgate Studios","LION","3329692672","11.19","United States"
"3943","Post Holdings","POST","3328037376","73.43","United States"
"3944","Denali Therapeutics","DNLI","3326424576","20.81","United States"
"3945","Kyushu Railway Company","9142.T","3324243612","21.6093","Japan"
"3946","Samsung Card","029780.KS","3321516695","31.1264","South Korea"
"3947","CJ Group","001040.KS","3320065929","99.015","South Korea"
"3948","Azelis Group","AZE.BR","3319563791","13.6395","Belgium"
"3949","ERock, Inc.","EROC","3317869568","12.14","United States"
"3950","Star Health and Allied Insurance Company","STARHEALTH.NS","3316589891","5.63659","India"
"3951","Jason Furniture (Kuka Home)","603816.SS","3315460890","3.58144","China"
"3952","Peyto Exploration &amp; Development","PEY.TO","3314953342","16.1171","Canada"
"3953","Old Mutual","OMU.JO","3312858800","0.820007","South Africa"
"3954","CareDx","CDNA","3312024832","64.02","United States"
"3955","Tata Investment Corporation","TATAINVEST.NS","3311519693","6.54511","India"
"3956","TowneBank","TOWN","3311102976","35.82","United States"
"3957","HEXPOL AB","HPOL-B.ST","3308707623","9.60614","Sweden"
"3958","Worley","WOR.AX","3308418084","6.78427","Australia"
"3959","First Financial Bank","FFBC","3307500032","31.45","United States"
"3960","SYNLAB","SYAB.VI","3307393271","15.049","Germany"
"3961","Bellway","BWY.L","3305197239","29.6577","United Kingdom"
"3962","AllianceBernstein","AB","3305100800","35.51","United States"
"3963","Steve Madden","SHOO","3303214080","45.14","United States"
"3964","PennyMac Financial Services","PFSI","3302941440","63.61","United States"
"3965","El Al Israel Airlines","ELAL.TA","3302309197","5.58124","Israel"
"3966","Redington India","REDINGTON.NS","3300834076","4.22223","India"
"3967","ITV plc","ITV.L","3293919097","0.898857","United Kingdom"
"3968","Kerry Properties","0683.HK","3292881132","2.27768","Hong Kong"
"3969","Mouwasat Medical Services Company","4002.SR","3292049481","16.4602","Saudi Arabia"
"3970","Aehr Test Systems","AEHR","3291429120","100.78","United States"
"3971","Mechanics Bancorp","MCHB","3290397952","14.86","United States"
"3972","Van Lanschot Kempen","VLK.AS","3288804028","77.8912","Netherlands"
"3973","Hamilton Insurance Group","HG","3288789504","33.35","Bermuda"
"3974","Giant Biogene","2367.HK","3288349831","3.09724","China"
"3975","United Breweries","UBL.NS","3285918457","12.4276","India"
"3976","Golub Capital","GBDC","3284592384","12.65","United States"
"3977","Freshworks","FRSH","3282383360","12.58","United States"
"3978","Acadian Asset Management","AAMI","3282127104","92.48","United States"
"3979","NH Hotel Group","NHH.MC","3280482487","7.53012","Spain"
"3980","National Health Investors","NHI","3273701632","66.66","United States"
"3981","Tate &amp; Lyle","TATE.L","3272575491","7.39457","United Kingdom"
"3982","KOBAYASHI Pharmaceutical","4967.T","3272572624","44.0225","Japan"
"3983","The Vita Coco Company","COCO","3272217856","56.55","United States"
"3984","Eurazeo","RF.PA","3271503130","51.6553","France"
"3985","Arcus Biosciences","RCUS","3266100992","25.65","United States"
"3986","Life360","LIF","3262473984","40.04","United States"
"3987","QinetiQ","QQ.L","3261800233","6.39452","United Kingdom"
"3988","Doosan Robotics","454910.KS","3261605019","50.3179","South Korea"
"3989","Greencoat UK Wind","UKW.L","3258507953","1.50934","United Kingdom"
"3990","Meitav Investment House","MTAV.TA","3257322888","38.2286","Israel"
"3991","Simmons First National","SFNC","3254450688","22.52","United States"
"3992","Takara Holdings","2531.T","3252054836","16.9869","Japan"
"3993","Taseko Mines","TGB","3250287104","8.88","Canada"
"3994","Grupa Kety","KTY.WA","3249938751","329.601","Poland"
"3995","Park National Corp","PRK","3249742336","179.9","United States"
"3996","American States Water","AWR","3247743232","81.94","United States"
"3997","TechnoPro Holdings","6028.T","3246446499","31.1589","Japan"
"3998","Ethos Technologies","LIFE","3244131584","33.85","United States"
"3999","Palomar Holdings","PLMR","3240759552","123.14","United States"
"4000","Qatar Fuel Company (WOQOD)","QFLS.QA","3236794140","3.25549","Qatar"
"4001","SMG Swiss Marketplace Group Holding AG","SMG.SW","3236587575","33.3917","Switzerland"
"4002","Lisi S.A.","FII.PA","3234384002","70.7483","France"
"4003","Versigent","VGNT","3234338048","45.66","Switzerland"
"4004","Blue Star","BLUESTARCO.NS","3232980625","15.7252","India"
"4005","Shihlin Electric & Engineering Corp.","1503.TW","3232039375","6.20386","Taiwan"
"4006","Gujarat Gas","GUJGASLTD.NS","3232024347","3.44481","India"
"4007","Juroku Financial Group","7380.T","3231639281","18.247","Japan"
"4008","CoreCivic","CXW","3230850048","32.67","United States"
"4009","Sinch","SINCH.ST","3230435888","4.59794","Sweden"
"4010","Dalmia Bharat","DALBHARAT.NS","3224913920","17.1786","India"
"4011","Japan Airport Terminal","9706.T","3224662664","34.7395","Japan"
"4012","Bath &amp; Body Works","BBWI","3224308480","15.99","United States"
"4013","Daiwa House REIT Investment Corporation","8984.T","3223753871","710.102","Japan"
"4014","Highwoods Properties","HIW","3216751616","28.64","United States"
"4015","Sims Limited","SGM.AX","3216732174","16.6469","Australia"
"4016","Yadea Group","1585.HK","3216320434","1.05281","China"
"4017","Karur Vysya Bank","KARURVYSYA.NS","3215341964","3.32621","India"
"4018","monday.com","MNDY","3214947072","76.05","Israel"
"4019","Gentera, S.A.B. de C.V.","GENTERA.MX","3213679219","2.03495","Mexico"
"4020","Serco Group","SRP.L","3213125488","3.33086","United Kingdom"
"4021","ZPMC (Shanghai Zhenhua Heavy Industries)","600320.SS","3205035381","0.6071","China"
"4022","Mitsubishi Logistics","9301.T","3203001098","9.45846","Japan"
"4023","Unite Group (Unite Students)","UTG.L","3202987216","6.23313","United Kingdom"
"4024","Cal-Maine Foods","CALM","3201696000","68.55","United States"
"4025","Atkore","ATKR","3199322368","94.73","United States"
"4026","Hangzhou EZVIZ Network","688475.SS","3197456804","4.06026","China"
"4027","Mainova","MNV6.F","3197278806","426.304","Germany"
"4028","Plus500","PLUS.L","3194376898","45.0288","Israel"
"4029","Kansai Paint","4613.T","3192125889","18.0078","Japan"
"4030","Knowles","KN","3187513344","37.32","United States"
"4031","Daido Steel","5471.T","3187067418","15.947","Japan"
"4032","NuScale Power","SMR","3184622848","7.76","United States"
"4033","PPB Group Berhad","4065.KL","3184178532","2.24049","Malaysia"
"4034","Curbline Properties","CURB","3183931136","27.92","United States"
"4035","Port of Tauranga","POT.NZ","3182257016","4.67807","New Zealand"
"4036","Tikehau Capital","TKO.PA","3178330453","18.458","France"
"4037","Hercules Capital","HTGC","3176173056","16.97","United States"
"4038","United States Lime &amp; Minerals","USLM","3170064128","110.5","United States"
"4039","WillScot","WSC","3161782272","17.45","United States"
"4040","Suruga Bank","8358.T","3160976868","18.7766","Japan"
"4041","Tokyo Kiraboshi Financial Group","7173.T","3157722814","11.0311","Japan"
"4042","Kadant","KAI","3154569472","267.13","United States"
"4043","dormakaba","DOKA.SW","3151401673","75.7757","Switzerland"
"4044","Nahdi Medical Company","4164.SR","3149154226","24.2243","Saudi Arabia"
"4045","Quilter","QLT.L","3148702184","2.34404","United Kingdom"
"4046","Community Financial System","CBU","3148009728","59.83","United States"
"4047","Delhivery","DELHIVERY.NS","3146520973","4.19931","India"
"4048","Hebei Changshan Biochemical Pharmaceutical Co., Ltd.","300255.SZ","3146248250","3.42333","China"
"4049","ALTEN","ATE.PA","3142374354","92.0635","France"
"4050","Bird Construction","BDT.TO","3141683537","56.7057","Canada"
"4051","Stride (K12 Education)","LRN","3141508352","75.59","United States"
"4052","Primary Health Properties","PHP.L","3140940165","1.21038","United Kingdom"
"4053","Veeco","VECO","3140229632","51.37","United States"
"4054","Ebro Foods","EBRO.MC","3140109828","20.4082","Spain"
"4055","Walliser Kantonalbank","WKBN.SW","3137777540","199.631","Switzerland"
"4056","Alliance Resource Partners","ARLP","3136701440","24.38","United States"
"4057","Downer EDI Limited","DOW.AX","3136201595","4.80407","Australia"
"4058","Park Hotels &amp; Resorts","PK","3134837760","15.57","United States"
"4059","Seacoast Banking","SBCF","3134160384","32.37","United States"
"4060","Ashland","ASH","3134098176","68.44","United States"
"4061","Salzgitter","SZG.F","3133629139","57.9365","Germany"
"4062","Hexaware Technologies","HEXT.NS","3129964564","5.13284","India"
"4063","Golden Agri-Resources","E5H.SI","3125690941","0.246473","Singapore"
"4064","Baytex Energy","BTE","3125423872","4.47","Canada"
"4065","Aldrees Petroleum and Transport Services","4200.SR","3124250938","31.2425","Saudi Arabia"
"4066","United Urban Investment Corporation","8960.T","3123683926","976.151","Japan"
"4067","COSMOS Pharmaceutical","3349.T","3123504551","39.4097","Japan"
"4068","Cohu","COHU","3122916352","65.97","United States"
"4069","Asbury Automotive Group","ABG","3122735616","173.95","United States"
"4070","Infleqtion","INFQ","3118941696","13.84","United States"
"4071","NOS","NOS.LS","3117657294","6.08277","Portugal"
"4072","ORION","271560.KS","3113099110","78.7552","South Korea"
"4073","Escorts Kubota","ESCORTS.NS","3111099237","28.2757","India"
"4074","LIXIL Corporation","5938.T","3109178560","10.811","Japan"
"4075","Jubilant FoodWorks","JUBLFOOD.NS","3108159745","4.72598","India"
"4076","YETI Holdings","YETI","3105673472","42.55","United States"
"4077","Melexis NV","MELE.BR","3105084850","78.8549","Belgium"
"4078","Bright Horizons","BFAM","3102446080","63.79","United States"
"4079","Cembra Money Bank","CMBN.SW","3101894445","103.832","Switzerland"
"4080","Marui Group","8252.T","3101881661","17.8227","Japan"
"4081","National Bank of Bahrain","NBB.BH","3101577502","0","Bahrain"
"4082","Honeywell Automation India","HONAUT.NS","3099525285","350.333","India"
"4083","Seabridge Gold","SA","3099140096","28.73","Canada"
"4084","K+S","SDF.F","3098714165","17.3016","Germany"
"4085","Amot Investment","AMOT.TA","3098644573","6.27157","Israel"
"4086","Topaz Energy","TPZ.TO","3097310878","19.9632","Canada"
"4087","Sprott Inc","SII","3094354432","120.25","Canada"
"4088","LIC Housing Finance","LICHSGFIN.NS","3090737193","5.61888","India"
"4089","Planet Fitness","PLNT","3090097408","40.74","United States"
"4090","Imax Corp","IMAX","3089256192","56.33","Canada"
"4091","Chesapeake Utilities","CPK","3089242112","128.15","United States"
"4092","L&F Co., Ltd.","066970.KS","3084739655","82.0705","South Korea"
"4093","Milaha - Qatar Navigation","QNNS.QA","3082627850","2.71319","Qatar"
"4094","Freenet","FNTN.F","3081942102","26.1224","Germany"
"4095","Comgás","CGAS5.SA","3080327122","23.2441","Brazil"
"4096","ROBOTIS","108490.KQ","3080125479","210.333","South Korea"
"4097","Navitas Semiconductor","NVTS","3079775488","11.73","Ireland"
"4098","Treasury Wine Estates","TWE.AX","3079624562","3.807","Australia"
"4099","Suntec REIT","T82U.SI","3078894320","1.04066","Singapore"
"4100","Baldwin Insurance Group","BWIN","3077530112","31.78","United States"
"4101","Aozora Bank","8304.T","3076738789","22.2218","Japan"
"4102","Carl Zeiss Meditec","AFXA.F","3076664787","35.1474","Germany"
"4103","Delek Logistics Partners","DKL","3074816512","53.2","United States"
"4104","(DIA) Distribuidora Internacional de Alimentación","DIA.MC","3072627418","53.3447","Spain"
"4105","FS KKR Capital","FSK","3070140416","11.11","United States"
"4106","Dubai Financial Market (DFM)","DFM.AE","3069850594","0.383935","United Arab Emirates"
"4107","Lion Corp","4912.T","3069094428","11.0918","Japan"
"4108","Exponent","EXPO","3068148736","64.53","United States"
"4109","Shufersal","SAE.TA","3066808211","11.4946","Israel"
"4110","Regencell Bioscience","RGC","3065831168","6.2","Hong Kong"
"4111","OSI Systems","OSIS","3065640448","192.3","United States"
"4112","NMI Holdings","NMIH","3063622912","40.73","United States"
"4113","Bravida Holding","BRAV.ST","3052677969","15.0096","Sweden"
"4114","Newmark","NMRK","3051857152","12.47","United States"
"4115","Clicks Group","CLS.JO","3051041400","13.047","South Africa"
"4116","Veidekke","VEI.OL","3047231386","22.498","Norway"
"4117","Aluminium Bahrain (Alba)","ALBH.BH","3043395193","1.3687","Bahrain"
"4118","Alfamart","AMRT.JK","3042992073","0.0740535","Indonesia"
"4119","Südzucker","SZU.F","3041914385","14.898","Germany"
"4120","Black Stone Minerals","BSM","3040865536","14.31","United States"
"4121","American Eagle Outfitters","AEO","3039780096","18.14","United States"
"4122","Vicat S.A.","VCT.PA","3039120444","68.254","France"
"4123","Breville Group","BRG.AX","3037751731","20.9734","Australia"
"4124","NOK Corporation","7240.T","3037264283","19.3252","Japan"
"4125","CASIO","6952.T","3035523212","13.8416","Japan"
"4126","BIC","BB.PA","3034150213","75.0567","France"
"4127","Pandox AB","PNDX-B.ST","3033853422","15.59","Sweden"
"4128","Ambarella","AMBA","3033809152","68.73","United States"
"4129","People Incorporated","PPLI","3033660672","40.74","United States"
"4130","Assured Guaranty","AGO","3033245952","68.97","Bermuda"
"4131","Yamada Holdings","9831.T","3032180516","4.55984","Japan"
"4132","Bandhan Bank","BANDHANBNK.NS","3031938129","1.88185","India"
"4133","First Advantage","FA","3031452672","17.65","United States"
"4134","BankUnited","BKU","3030932224","42.55","United States"
"4135","ENAV","ENAV.MI","3027536589","5.60317","Italy"
"4136","Dyne Therapeutics","DYN","3027159552","16.21","United States"
"4137","Nagase &amp; Co.","8012.T","3026127955","7.42003","Japan"
"4138","Mitsubishi Motors","7211.T","3024438941","2.25982","Japan"
"4139","Tokai Carbon","5301.T","3020746066","14.9294","Japan"
"4140","Bank of Queensland","BOQ.AX","3020270477","4.60535","Australia"
"4141","First Hawaiian Bank","FHB","3020131072","24.82","United States"
"4142","Hanwha Engine","082740.KS","3014669916","36.1361","South Korea"
"4143","TISCO Financial Group","TISCO.BK","3009803567","3.75895","Thailand"
"4144","Liberty Energy","LBRT","3009250048","18.44","United States"
"4145","Momentum Metropolitan","MTM.JO","3007950800","2.33504","South Africa"
"4146","Vesta Real Estate","VTMX","3005406464","32.39","Mexico"
"4147","CBIZ","CBZ","3004694784","54.69","United States"
"4148","AJ Bell","AJB.L","3003106668","7.63929","United Kingdom"
"4149","Benchmark Electronics","BHE","3000391936","83.53","United States"
"4150","Mr D.I.Y. Group","5296.KL","3000231938","0.316564","Malaysia"
"4151","DigitalBridge Group","DBRG","2999924480","16","United States"
"4152","Guoco","0053.HK","2998734687","9.11327","Hong Kong"
"4153","Construcciones y Auxiliar de Ferrocarriles","CAF.MC","2997493742","87.5283","Spain"
"4154","Schneider Electric Infrastructure","SCHNEIDER.NS","2993907381","12.5214","India"
"4155","Iwatani Corporation","8088.T","2991406061","12.9962","Japan"
"4156","Brighthouse Financial","BHF","2990601216","52","United States"
"4157","Knife River Corporation","KNF","2989793024","52.68","United States"
"4158","Polaris","PII","2989711104","52.54","United States"
"4159","Acer","2353.TW","2988738384","0.994189","Taiwan"
"4160","Keller Group","KLR.L","2987594482","44.341","United Kingdom"
"4161","Technogym","TGYM.MI","2987110940","14.9887","Italy"
"4162","Columbia Sportswear","COLM","2986610944","58.34","United States"
"4163","Rinnai Corporation","5947.T","2986231561","21.6284","Japan"
"4164","HUGO BOSS","BOSS.DE","2985223158","43.254","Germany"
"4165","Crombie Real Estate Investment Trust","CRR-UN.TO","2985024040","11.2637","Canada"
"4166","NCsoft","036570.KS","2983976335","153.238","South Korea"
"4167","Seek Limited","SEK.AX","2982668715","8.33217","Australia"
"4168","Paramount Resources","POU.TO","2982521945","20.4422","Canada"
"4169","Asset World Corp","AWC.BK","2980990798","0.0930788","Thailand"
"4170","LG Display","LPL","2980000000","2.98","South Korea"
"4171","ALSO Holding","ALSN.SW","2976800548","233.802","Switzerland"
"4172","TRIAL Holdings","141A.T","2976775885","24.2443","Japan"
"4173","Elmos Semiconductor","ELG.DE","2976281154","172.789","Germany"
"4174","Paladin Energy","PDN.AX","2971806119","6.61344","Australia"
"4175","Hakuhodo DY Holdings","2433.T","2970973989","8.27496","Japan"
"4176","Peabody Energy","BTU","2970703104","24.37","United States"
"4177","Allied Gold Corporation","AAUC.TO","2967354827","21.2946","Canada"
"4178","Wix.com","WIX","2967130368","70.9","Israel"
"4179","Turk Altin Isletmeleri A.S.","TRALT.IS","2965586563","0.926022","Turkey"
"4180","Kamigumi","9364.T","2965213906","30.4202","Japan"
"4181","Zeon Corporation","4205.T","2963488097","15.4876","Japan"
"4182","Bitdeer Technologies Group","BTDR","2962426368","10.9","Singapore"
"4183","Wingstop Restaurants","WING","2959085312","108.62","United States"
"4184","DIC Corporation","4631.T","2958465377","31.3772","Japan"
"4185","Sugi Holdings","7649.T","2958112480","7.94957","Japan"
"4186","SPS Commerce","SPSC","2957414400","82.15","United States"
"4187","AtriCure","ATRC","2952788480","58.05","United States"
"4188","Royal Unibrew","RBREW.CO","2951507592","62.4516","Denmark"
"4189","Virbac SA","VIRP.PA","2950673608","352.041","France"
"4190","Academy Sports + Outdoors","ASO","2949012992","47.89","United States"
"4191","Kyivstar Group","KYIV","2948384000","12.77","United Arab Emirates"
"4192","Mobimo Holding","MOBN.SW","2945477657","395.664","Switzerland"
"4193","Dana Incorporated","DAN","2944373760","27.37","United States"
"4194","Avista","AVA","2940561920","35.11","United States"
"4195","Elecnor","ENO.MC","2937621962","34.6939","Spain"
"4196","Worthington Enterprises","WOR","2932671488","59.94","United States"
"4197","Columbia Financial","CLBK","2932651008","10.88","United States"
"4198","SPACE42","SPACE42.AE","2930403500","0.62","United Arab Emirates"
"4199","Shift4 Payments","FOUR","2927841280","37.08","United States"
"4200","Invincible Investment Corporation","8963.T","2927096004","382.804","Japan"
"4201","Array Digital Infrastructure","AD","2923853568","33.81","United States"
"4202","SpareBank 1","SPOL.OL","2922645085","21.5189","Norway"
"4203","Groupe Lagardère","MMB.PA","2922532765","20.4535","France"
"4204","Solvay","SOLB.VI","2921118670","27.9592","Belgium"
"4205","Foxconn Technology Co., Ltd.","2354.TW","2919166982","2.06377","Taiwan"
"4206","Alleima AB","ALLEI.ST","2917553472","11.6574","Sweden"
"4207","Unibel S.A.","UNBL.PA","2915692559","1370.66","France"
"4208","NetLink Trust","CJLU.SI","2911987244","0.747244","Singapore"
"4209","Aktor","AKTR.AT","2911303596","11.1224","Greece"
"4210","Zai Lab","ZLAB","2911063296","25.93","China"
"4211","Energy Fuels","UUUU","2909861376","10.99","United States"
"4212","Iljin Electric","103590.KS","2908328525","61.0003","South Korea"
"4213","Netwealth","NWL.AX","2906862945","11.8394","Australia"
"4214","TransMedics Group","TMDX","2905535744","84.07","United States"
"4215","GCL Technology","3800.HK","2903915654","0.09177","Hong Kong"
"4216","Digi International","DGII","2903031552","76.5","United States"
"4217","Astronics Corporation","ATRO","2901391360","67.46","United States"
"4218","Banque Cantonale de Genève","BCGE.SW","2901275882","40.5256","Switzerland"
"4219","Japan Petroleum Exploration","1662.T","2900730746","11.331","Japan"
"4220","Green Brick Partners","GRBK","2898920960","67.4","United States"
"4221","OVH Groupe","OVH.PA","2898861764","19.161","France"
"4222","Provident Financial Services","PFS","2897990400","22.22","United States"
"4223","Multiplan Empreendimentos Imobiliários","MULT3.SA","2895657605","5.91915","Brazil"
"4224","Asyad Shipping Company","ASCO.OM","2895250139","0.555844","Oman"
"4225","DMG Mori","6141.T","2889194691","18.5086","Japan"
"4226","SiriusPoint","SPNT","2885539072","24.84","Bermuda"
"4227","Ouster","OUST","2884493312","40","United States"
"4228","Valiant Holding","VATN.SW","2883976452","182.965","Switzerland"
"4229","KB Home","KBH","2883136000","47.42","United States"
"4230","NovaGold Resources","NG","2882788608","6.57","Canada"
"4231","ScottsMiracle-Gro","SMG","2881903360","49.5","United States"
"4232","ArcBest","ARCB","2880418816","128.87","United States"
"4233","TriNet","TNET","2878685952","62.71","United States"
"4234","Central Bank of India","CENTRALBK.NS","2872532296","0.317358","India"
"4235","Group 1 Automotive","GPI","2872421632","240.93","United States"
"4236","Nifco Inc.","7988.T","2871335967","15.3919","Japan"
"4237","AvePoint","AVPT","2870942720","13.57","United States"
"4238","BIPROGY","8056.T","2870649825","29.712","Japan"
"4239","Precigen","PGEN","2869913344","8.05","United States"
"4240","Piramal Enterprises","PEL.NS","2868636868","12.7318","India"
"4241","ChronoScale","CHRN","2867992832","19.75","United States"
"4242","Helios Towers","HTWS.L","2866399497","2.83084","United Kingdom"
"4243","F&G Annuities & Life, Inc.","FG","2864862208","21.88","United States"
"4244","Tomra","TOM.OL","2862803771","9.68143","Norway"
"4245","Strive Asset Management, LLC","ASST","2862171904","29.31","United States"
"4246","Curaleaf","CURLF","2862154240","10.806","United States"
"4247","Taiheiyo Cement","5233.T","2861414918","26.2604","Japan"
"4248","CT REIT","CRT-UN.TO","2861004313","11.9681","Canada"
"4249","New India Assurance","NIACL.NS","2860562656","1.73578","India"
"4250","Penguin Solutions","PENG","2858830336","55.79","United States"
"4251","Tootsie Roll Industries","TR","2856947712","38.01","United States"
"4252","Power Integrations","POWI","2854008064","51.08","United States"
"4253","Mivne Real Estate (K.D)","MVNE.TA","2852135004","3.94008","Israel"
"4254","Shikoku Electric Power Company","9507.T","2849909595","13.9405","Japan"
"4255","ABM Industries","ABM","2849841408","48.62","United States"
"4256","Olam","VC2.SI","2848921985","0.755068","Singapore"
"4257","Neuland Laboratories","NEULANDLAB.NS","2847893137","221.973","India"
"4258","NewAmsterdam Pharma Company","NAMS","2846179840","23.81","Netherlands"
"4259","GÜBRETAŞ","GUBRF.IS","2842100668","8.50928","Turkey"
"4260","Pony AI","PONY","2841064960","6.54","China"
"4261","DNOW Inc.","DNOW","2840146432","15.71","United States"
"4262","Adeka Corporation","4401.T","2839280452","29.2782","Japan"
"4263","NETSCOUT","NTCT","2835585280","39","United States"
"4264","Piramal Pharma","PPLPHARMA.NS","2835577996","2.14003","India"
"4265","IHS Towers","IHS","2835295488","8.38","United Kingdom"
"4266","Kemira","KEMIRA.HE","2834833321","19.5805","Finland"
"4267","California Water Service Group","CWT","2834704384","45.84","United States"
"4268","Maravai LifeSciences","MRVI","2833236480","7.65","United States"
"4269","Fauji Fertilizer Company","FFC.PK","2832875661","1.96861","Pakistan"
"4270","DXP Enterprises","DXPE","2832810496","182.56","United States"
"4271","Craftsman Automation","CRAFTSMAN.NS","2827447107","108.106","India"
"4272","Tofaş Türk Otomobil Fabrikası","TOASO.IS","2826224951","5.65245","Turkey"
"4273","Centrus Energy","LEU","2826210304","138.18","United States"
"4274","TGS ASA","TGS.OL","2824480338","14.3737","Norway"
"4275","QuantumScape","QS","2823516160","4.59","United States"
"4276","Workman","7564.T","2822181878","34.58","Japan"
"4277","Becle","CUERVO.MX","2821865464","0.785778","Mexico"
"4278","Outokumpu","OUT1V.HE","2821853077","5.98639","Finland"
"4279","Perfect World Entertainment","002624.SZ","2821403801","1.45436","China"
"4280","Dynex Capital","DX","2818222592","11.39","United States"
"4281","Danaos","DAC","2812087040","154.48","Greece"
"4282","Toho Gas","9533.T","2810236689","7.94638","Japan"
"4283","Anritsu Corporation","6754.T","2806646463","21.9283","Japan"
"4284","Grindr","GRND","2801988608","16.12","United States"
"4285","Acadia Realty Trust","AKR","2799227392","19.2","United States"
"4286","West African Resources","WAF.AX","2798119710","2.44387","Australia"
"4287","Trigano","TRI.PA","2798048561","146.712","France"
"4288","Keio Corporation","9008.T","2795471667","4.82908","Japan"
"4289","Oppein Home Group","603833.SS","2793718226","4.61217","China"
"4290","McGrath RentCorp","MGRC","2790143744","114.23","United States"
"4291","Aveanna Healthcare","AVAH","2789754880","12.78","United States"
"4292","Seadrill","SDRL","2787472128","44.57","Bermuda"
"4293","National Mobile Telecommunications Company","OOREDOO.KW","2786043874","5559.17","Kuwait"
"4294","Extreme Networks","EXTR","2784836608","21.07","United States"
"4295","Jungheinrich","JUN3.F","2784761813","27.3016","Germany"
"4296","MBX Biosciences","MBX","2781245440","57.75","United States"
"4297","Coface","COFA.PA","2781050974","18.5941","France"
"4298","Hilton Grand Vacations","HGV","2780969728","35.78","United States"
"4299","Rasan Information Technology Company","8313.SR","2778650316","35.8503","Saudi Arabia"
"4300","Maximus","MMS","2778626560","53.07","United States"
"4301","Enea","ENA.WA","2777103416","5.24248","Poland"
"4302","Neogen","NEOG","2776489216","12.73","United States"
"4303","CarGurus","CARG","2775529728","31.16","United States"
"4304","Peab","PEAB-B.ST","2772689633","9.92134","Sweden"
"4305","National Beverage","FIZZ","2771854336","29.61","United States"
"4306","Vodafone Qatar","VFQS.QA","2770775129","0.655494","Qatar"
"4307","Enerflex","EFXT","2769293312","22.68","Canada"
"4308","CDSL","CDSL.NS","2768955820","13.2486","India"
"4309","Viscofan","VIS.MC","2766887383","60.9977","Spain"
"4310","Mari Petroleum Company","MARI.PK","2766453896","2.30418","Pakistan"
"4311","Bakkafrost","BAKKA.OL","2765950268","46.7042","Denmark"
"4312","Ocado","OCDO.L","2763314760","3.30705","United Kingdom"
"4313","Soleno Therapeutics","SLNO","2762888960","53.01","United States"
"4314","Select Water Solutions","WTTR","2760471040","19.34","United States"
"4315","SIA Engineering Company","S59.SI","2760255324","2.46473","Singapore"
"4316","Medacta Group","MOVE.SW","2759815652","138.363","Switzerland"
"4317","Pennon Group","PNN.L","2758169430","5.84687","United Kingdom"
"4318","Cushman &amp; Wakefield","CWK","2757886208","11.75","United States"
"4319","ZF Commercial Vehicle Control Systems India","ZFCVINDIA.NS","2755615612","24.2134","India"
"4320","Electra","ELTR.TA","2753450351","36.0069","Israel"
"4321","Kalmar Oyj","KALMAR.HE","2752695347","43.0839","Finland"
"4322","Resideo Technologies","REZI","2751474688","18.12","United States"
"4323","Clas Ohlson AB","CLAS-B.ST","2750264245","43.2676","Sweden"
"4324","AMC Entertainment","AMC","2749222144","3.08","United States"
"4325","Banco di Desio e della Brianza","BDB.MI","2748747664","20.907","Italy"
"4326","Bangkok Expressway and Metro (BEM)","BEM.BK","2748029335","0.183473","Thailand"
"4327","Alps Alpine Co., Ltd.","6770.T","2747943665","14.2212","Japan"
"4328","Cellebrite","CLBT","2747157760","10.93","Israel"
"4329","Freshpet","FRPT","2746518784","57.15","United States"
"4330","Stanley Electric","6923.T","2742801152","22.2792","Japan"
"4331","United Natural Foods","UNFI","2742617856","45.47","United States"
"4332","Fermi Inc.","FRMI","2741200384","4.28","United States"
"4333","Banc of California","BANC","2740801792","17.3","United States"
"4334","Ambu","AMBU-B.CO","2740502536","10.5057","Denmark"
"4335","Altius Minerals","ALS.TO","2738001338","46.6057","Canada"
"4336","Gulfport Energy","GPOR","2734440192","152.17","United States"
"4337","Seino Holdings","9076.T","2733234882","16.8083","Japan"
"4338","Société Industrielle et Financière de l'Artois","ARTO.PA","2731417162","10260.8","France"
"4339","Santam","SNT.JO","2730522700","24.9965","South Africa"
"4340","Charoen Pokphand Indonesia","CPIN.JK","2729956640","0.166481","Indonesia"
"4341","Bank of Hawaii","BOH","2728783872","69.17","United States"
"4342","Y.H. Dimri Construction &amp; Development","DIMRI.TA","2727664824","118.398","Israel"
"4343","Röko AB","ROKO-B.ST","2727657903","186.519","Sweden"
"4344","TODA corp","1860.T","2726418825","9.20964","Japan"
"4345","The Marzetti Company","MZTI","2726370816","99.9","United States"
"4346","Adeia","ADEA","2726125312","24.72","United States"
"4347","atai Life Sciences","ATAI","2725855232","7.35","Germany"
"4348","Ahli Bank","ABQK.QA","2725661460","1.06841","Qatar"
"4349","Graphic Packaging","GPK","2725122816","9.21","United States"
"4350","WD-40 Company","WDFC","2724348416","202.99","United States"
"4351","Siltronic","WAF.F","2723809434","82.5397","Germany"
"4352","Urban Edge Properties","UE","2723451648","19.78","United States"
"4353","Bank of Bahrain and Kuwait","BBK.BH","2722476164","2.14324","Bahrain"
"4354","Kingsoft Cloud","KC","2721270272","9.09","China"
"4355","Zealand Pharma","ZEAL.CO","2720021118","40.7194","Denmark"
"4356","Quaker Houghton","KWR","2719161088","158.02","United States"
"4357","Sendas Distribuidora (Assaí Atacadista)","ASAI3.SA","2717852119","2.03483","Brazil"
"4358","Agilysys","AGYS","2717345536","96.34","United States"
"4359","BioArctic AB","BIOA-B.ST","2713771782","30.5795","Sweden"
"4360","Cosan","CSAN","2712093184","2.75","Brazil"
"4361","Gav-Yam Lands","GVYM.TA","2710244487","12.2859","Israel"
"4362","Aktieselskabet Schouw & Co.","SCHO.CO","2707411490","121.779","Denmark"
"4363","Talos Energy","TALO","2706510080","16.21","United States"
"4364","Crane NXT","CXT","2705381376","47","United States"
"4365","MINISO Group","MNSO","2703597568","9.22","China"
"4366","Bufab AB","BUFAB.ST","2702665550","14.2491","Sweden"
"4367","Isrotel","ISRO.TA","2700053503","44.9365","Israel"
"4368","Boralex","BLX.TO","2695535817","26.2326","Canada"
"4369","Perpetua Resources","PPTA","2693312768","21.53","United States"
"4370","Intapp","INTA","2693192704","35.2","United States"
"4371","CCC S.A.","CCC.WA","2691198839","34.9389","Poland"
"4372","MITSUI E&amp;S","7003.T","2688130120","26.6368","Japan"
"4373","IIFL Finance","IIFL.NS","2688080008","6.32059","India"
"4374","Dialog Group","7277.KL","2686333330","0.476074","Malaysia"
"4375","MARAFIQ (The Power and Water Utility Company for Jubail and Yanbu)","2083.SR","2686110115","10.7444","Saudi Arabia"
"4376","Dah Sing Banking Group","2356.HK","2685831070","1.9106","Hong Kong"
"4377","Astra Industrial Group Company","1212.SR","2684778329","33.5597","Saudi Arabia"
"4378","Redwire","RDW","2682420480","10.73","United States"
"4379","Al Ahli Bank of Kuwait","ABK.KW","2681162726","981.795","Kuwait"
"4380","Liftoff Mobile","LFTO","2680517888","15.83","United States"
"4381","Jenoptik","JEN.F","2678899431","46.8027","Germany"
"4382","REN (Redes Energéticas Nacionais)","RENE.LS","2677305091","4.03628","Portugal"
"4383","Stella-Jones","SJ.TO","2677239051","49.0628","Canada"
"4384","Apollo Tyres","APOLLOTYRE.NS","2675519738","4.22953","India"
"4385","Vector Limited","VCT.NZ","2674792517","2.67479","New Zealand"
"4386","Krungthai Card","KTC.BK","2672944720","1.03669","Thailand"
"4387","National Energy Services Reunited","NESR","2671563008","26.49","United States"
"4388","H.B. Fuller","FUL","2669924352","49.6","United States"
"4389","Sharp Corporation","6753.T","2669092075","4.11068","Japan"
"4390","Plug Power","PLUG","2668642816","1.91","United States"
"4391","Teradata","TDC","2668169984","28.69","United States"
"4392","Dream Industrial REIT","DIR-UN.TO","2661322838","9.01656","Canada"
"4393","Al Rajhi Company for Cooperative Insurance","8230.SR","2660274331","13.3014","Saudi Arabia"
"4394","Sundrug","9989.T","2658532341","22.7258","Japan"
"4395","International Petroleum","IPCO.TO","2657802592","23.7882","Canada"
"4396","Hanon Systems","018880.KS","2657546151","2.58957","South Korea"
"4397","Jollibee","JBFCF","2656060416","2.37","Philippines"
"4398","Doosan Fuel Cell","336260.KS","2654673396","33.668","South Korea"
"4399","Boise Cascade","BCC","2650695936","75.97","United States"
"4400","Colbún","COLBUN.SN","2650232070","0.151129","Chile"
"4401","Leroy Seafood","LSG.OL","2648392678","4.44752","Norway"
"4402","Csquare, Inc.","CSQR","2646147584","15.88","United States"
"4403","Alarm.com","ALRM","2643017984","53.84","United States"
"4404","Hammerson Plc","HMSO.L","2640525785","4.52669","United Kingdom"
"4405","Hanmi Pharmaceutical","008930.KS","2640426267","38.9724","South Korea"
"4406","Omantel (Oman Telecom)","OTEL.OM","2639610455","3.51948","Oman"
"4407","Frasers Logistics &amp; Industrial Trust","BUOU.SI","2637354976","0.692472","Singapore"
"4408","Gabriel India","GABRIEL.NS","2635519598","13.7529","India"
"4409","Garden Reach Shipbuilders & Engineers Limited","GRSE.NS","2633574105","22.9902","India"
"4410","Hawkins","HWKN","2633395968","126.15","United States"
"4411","Anima Holding","ANIM.MI","2632699269","8.09524","Italy"
"4412","LEW (Lechwerke)","LEC.F","2632226453","74.263","Germany"
"4413","Navios Maritime Partners","NMM","2631958784","90.99","Monaco"
"4414","AMS-Osram","AMS.SW","2630396667","26.4256","Austria"
"4415","ManpowerGroup","MAN","2630354944","56.56","United States"
"4416","Braze","BRZE","2629479424","23.15","United States"
"4417","First Pacific Company","0142.HK","2629295128","0.616898","Hong Kong"
"4418","Slide Insurance","SLDE","2628263680","22.5","United States"
"4419","Trustmark","TRMK","2627112960","45.24","United States"
"4420","Nisshinbo Holdings","3105.T","2626951607","16.8147","Japan"
"4421","Ninety One Group","N91.L","2626895773","2.74353","South Africa"
"4422","KWS","KWS.F","2622788993","79.4785","Germany"
"4423","Brookdale Senior Living","BKD","2622213376","10.98","United States"
"4424","Derwent London","DLN.L","2618996434","23.8637","United Kingdom"
"4425","Hayward Holdings, Inc.","HAYW","2617555712","12.34","United States"
"4426","MGE Energy","MGEE","2616164864","69.24","United States"
"4427","Acadia Healthcare","ACHC","2610531840","28.04","United States"
"4428","NBT Bancorp","NBTB","2609434368","50.22","United States"
"4429","Redefine Properties","RDF.JO","2603611200","0.373118","South Africa"
"4430","Ardagh Metal Packaging","AMBP","2600022272","4.35","Luxembourg"
"4431","Mabuchi Motor","6592.T","2596133114","11.0056","Japan"
"4432","The Navigator Company","NVG.LS","2594769765","3.64853","Portugal"
"4433","SoundHound AI","SOUN","2593615104","5.84","United States"
"4434","FB Financial","FBK","2593365504","51.89","United States"
"4435","Shurgard Self Storage","SHUR.BR","2592996631","25.6803","Luxembourg"
"4436","Dätwyler","DAE.SW","2592681449","152.511","Switzerland"
"4437","ASBISc Enterprises","ASB.WA","2589809916","46.6632","Cyprus"
"4438","NRW Holdings Limited","NWH.AX","2588546001","5.6338","Australia"
"4439","Prime Focus","PFOCUS.NS","2588339894","3.32361","India"
"4440","Endeavour Silver","EXK","2588302592","8.74","Canada"
"4441","Securitize Corp.","SECZ","2586128384","15.84","United States"
"4442","Artisan Partners","APAM","2585689856","36.42","United States"
"4443","Keikyu Corporation","9006.T","2584830790","9.80936","Japan"
"4444","Ducommun","DCO","2584629248","171.17","United States"
"4445","Harley-Davidson","HOG","2583079424","24.82","United States"
"4446","H2O America","HTO","2580472064","61.65","United States"
"4447","First Bancorp","FBNC","2579560704","62.31","United States"
"4448","Guardian Pharmacy Services","GRDN","2576764928","40.68","United States"
"4449","Hatsun Agro Products","HATSUN.NS","2575831517","11.5639","India"
"4450","Premium Brands","PBH.TO","2574523834","49.5206","Canada"
"4451","Gulf Navigation Holding","GULFNAV.AE","2573409983","0.822261","United Arab Emirates"
"4452","Sanki Engineering","1961.T","2572903789","16.8243","Japan"
"4453","Enerjisa Enerji","ENJSA.IS","2566739646","2.17323","Turkey"
"4454","Seven Bank","8410.T","2562712423","2.19411","Japan"
"4455","Diamondrock Hospitality Company","DRH","2561202176","12.47","United States"
"4456","BBVA Argentina","BBAR","2561127936","12.54","Argentina"
"4457","Supernus Pharmaceuticals","SUPN","2560115712","43.97","United States"
"4458","Pacific Basin Shipping","2343.HK","2558361555","0.49645","Hong Kong"
"4459","Alfresa Holdings Corporation","2784.T","2557769355","14.5817","Japan"
"4460","Fuyo General Lease","8424.T","2555760267","28.3339","Japan"
"4461","Asahi India Glass","ASAHIINDIA.NS","2555115266","10.0229","India"
"4462","Mr Price Group","MRP.JO","2554837200","9.93702","South Africa"
"4463","Vaudoise Assurances","VAHN.SW","2551507788","875.258","Switzerland"
"4464","Rémy Cointreau","RCO.PA","2547072497","48.6395","France"
"4465","Almirall","ALM.MC","2546131798","11.7007","Spain"
"4466","Penta-Ocean Construction","1893.T","2545690993","9.41699","Japan"
"4467","Callaway Golf Company","CALY","2545367040","14.16","United States"
"4468","KCC Corp","002380.KS","2543730382","345.889","South Korea"
"4469","Exxaro Resources","EXX.JO","2543240400","10.8619","South Africa"
"4470","Five9","FIVN","2541347072","34.01","United States"
"4471","Titan America","TTAM","2536977152","13.76","United States"
"4472","Metaplanet Inc.","3350.T","2535712033","1.88212","Japan"
"4473","Beam Therapeutics","BEAM","2532613632","24.52","United States"
"4474","Appian","APPN","2530603264","35.33","United States"
"4475","Trump Media &amp; Technology Group","DJT","2529265664","9.1","United States"
"4476","Disc Medicine","IRON","2528936704","65.87","United States"
"4477","Greggs","GRG.L","2528780104","24.8029","United Kingdom"
"4478","Meliá Hotels International","MEL.MC","2527831282","11.4739","Spain"
"4479","Aecon Group","ARE.TO","2526022678","36.8604","Canada"
"4480","Vale Indonesia","INCO.JK","2517576562","0.238864","Indonesia"
"4481","Customers Bancorp","CUBI","2517568768","74.52","United States"
"4482","Rigaku Holdings Corporation","268A.T","2517302012","11.1141","Japan"
"4483","First Merchants Corporation","FRME","2516767232","40.075","United States"
"4484","OEM International","OEM-B.ST","2516222861","18.1316","Sweden"
"4485","SeABank (Southeast Asia Commercial Joint Stock Bank)","SSB.VN","2515157273","0.733539","Vietnam"
"4486","UACJ Corporation","5741.T","2514946089","13.8894","Japan"
"4487","Bank Mega","MEGA.JK","2510308693","0.106904","Indonesia"
"4488","Toyota Boshoku Corporation","3116.T","2507696438","14.0362","Japan"
"4489","Privia Health Group","PRVA","2506145280","19.62","United States"
"4490","CapitaLand Ascott Trust","HMN.SI","2501264328","0.649437","Singapore"
"4491","SENKO Group Holdings","9069.T","2501056830","14.9389","Japan"
"4492","Vietnam Airlines","HVN.VN","2498064637","0.802849","Vietnam"
"4493","ReNew Energy Global","RNW","2497243904","6.85","India"
"4494","Bavarian Nordic","BAVA.CO","2496327493","33.1518","Denmark"
"4495","Empresas CMPC","CMPC.SN","2495476996","0.998191","Chile"
"4496","Indah Kiat Pulp &amp; Paper","INKP.JK","2490272017","0.455178","Indonesia"
"4497","Axogen","AXGN","2490018816","42.44","United States"
"4498","Sun TV Network","SUNTV.NS","2489409079","6.31694","India"
"4499","Huron Consulting","HURN","2487698944","156.36","United States"
"4500","Megacable Holdings","MEGACPO.MX","2486892656","2.86939","Mexico"
"4501","Immunome","IMNM","2486214400","21.89","United States"
"4502","Nokian Tyres","TYRES.HE","2484892362","18.0159","Finland"
"4503","Celldex Therapeutics","CLDX","2484674560","31.64","United States"
"4504","Amber Enterprises India","AMBER.NS","2482853772","70.4001","India"
"4505","Shake Shack","SHAK","2479517696","57.88","United States"
"4506","ULVAC, Inc.","6728.T","2479114074","50.4153","Japan"
"4507","Financière Moncey Société anonyme","FMONC.PA","2473037705","132.653","France"
"4508","Bet Shemesh Engines","BSEN.TA","2473008102","258.971","Israel"
"4509","Arteche Lantegi Elkartea, S.A.","ART.MC","2472272318","42.6304","Spain"
"4510","Kaiser Aluminum","KALU","2471492096","151.17","United States"
"4511","VusionGroup","VU.PA","2470289043","147.959","France"
"4512","Freddie Mac","FMCC","2470226432","3.8","United States"
"4513","TAG Immobilien","TEG.F","2470055392","12.9819","Germany"
"4514","Rogers Corporation","ROG","2466132224","138.17","United States"
"4515","AUB Group","AUB.AX","2462148370","18.8467","Australia"
"4516","HUTCHMED","HCM","2459470592","14.15","Hong Kong"
"4517","Himax Technologies","HIMX","2459405568","14.1","Taiwan"
"4518","Kyndryl","KD","2459168000","11.29","United States"
"4519","TKH Group","TWEKA.AS","2457705279","61.6213","Netherlands"
"4520","Odfjell Drilling","0QHX.IL","2457639436","10.3793","United Kingdom"
"4521","Central Garden &amp; Pet","CENT","2457385472","39.26","United States"
"4522","Nurix Therapeutics","NRIX","2457031168","23.675","United States"
"4523","Lincoln International, Inc.","LCLN","2453389056","23.32","United States"
"4524","Tekscend Photomask","429A.T","2453184084","24.6909","Japan"
"4525","Kalpataru Projects International","KPIL.NS","2452164072","14.3592","India"
"4526","OQ Gas Network Company","OQGN.OM","2452145553","0.566234","Oman"
"4527","Vaisala","VAIAS.HE","2451796962","67.5737","Finland"
"4528","Carborundum Universal","CARBORUNIV.NS","2451282908","12.8673","India"
"4529","Sinfonia Technology","6507.T","2450046478","86.8328","Japan"
"4530","Indian Telephone Industries","ITI.NS","2449765023","2.54428","India"
"4531","Dai-Dan","1980.T","2448259623","18.9233","Japan"
"4532","Corem Property Group AB","CORE-PREF.ST","2447968971","22.6145","Sweden"
"4533","Timken India","TIMKEN.NS","2444961463","32.5047","India"
"4534","Verallia","VRLA.PA","2443373634","19.5918","France"
"4535","Ingevity","NGVT","2442894848","71.06","United States"
"4536","Autohome","ATHM","2441623296","21.2","China"
"4537","Home Product Center","HMPRO.BK","2441491640","0.189439","Thailand"
"4538","SJVN","SJVN.NS","2440256056","0.620963","India"
"4539","NeoGenomics","NEO","2440168704","18.74","United States"
"4540","Metro Brands","METROBRAND.NS","2438793309","8.94666","India"
"4541","Asker Healthcare Group AB","ASKER.ST","2437669757","6.36407","Sweden"
"4542","Nickel Industries Limited","NIC.AX","2437078863","0.561288","Australia"
"4543","Grafton Group","GFTU.L","2434982124","13.0695","Ireland"
"4544","Kojamo","KOJAMO.HE","2433839402","10.1349","Finland"
"4545","Jamjoom Pharmaceuticals Factory Company","4015.SR","2431215795","34.7317","Saudi Arabia"
"4546","Euronet Worldwide","EEFT","2427667968","63.76","United States"
"4547","First Busey","BUSE","2426110976","29.38","United States"
"4548","GN Store Nord","GN.CO","2425804550","16.6593","Denmark"
"4549","Granules India","GRANULES.NS","2425688499","8.89248","India"
"4550","PagSeguro","PAGS","2425684992","8.8","Brazil"
"4551","Hesai Group","HSAI","2424455527","15.52","China"
"4552","Butterfly Network","BFLY","2423195392","9.1","United States"
"4553","Northern Oil and Gas","NOG","2422927104","22.74","United States"
"4554","Meshek Energy - Renewable Energies","MSKE.TA","2422832604","3.27255","Israel"
"4555","PT XLSMART Telecom Sejahtera Tbk","EXCL.JK","2421919341","0.133073","Indonesia"
"4556","John Wiley &amp; Sons","WLY","2419650816","47.74","United States"
"4557","Payoneer","PAYO","2419395072","7.14","United States"
"4558","Four Corners Property Trust","FCPT","2417774848","22.03","United States"
"4559","Exail Technologies","EXA.PA","2411060601","142.063","France"
"4560","Okinawa Cellular Telephone Company","9436.T","2410666885","26.3497","Japan"
"4561","Munters Group AB","MTRS.ST","2409261000","13.1984","Sweden"
"4562","Taiba Investments","4090.SR","2407777390","4.81555","Saudi Arabia"
"4563","Hammond Power Solutions","HPS-A.TO","2407551736","202.232","Canada"
"4564","McGraw Hill","MH","2406664960","12.58","United States"
"4565","AWL Agri Business","AWL.NS","2405973075","1.86247","India"
"4566","Solaria Energía","SLR.MC","2403066696","18.254","Spain"
"4567","Dallah Healthcare","4004.SR","2402407697","19.7097","Saudi Arabia"
"4568","Ratch Group","RATCH.BK","2400805603","1.10382","Thailand"
"4569","Stock Yards Bancorp","SYBT","2399898368","77.25","United States"
"4570","Advance Auto Parts","AAP","2399692032","39.73","United States"
"4571","Capital Tankers Corp.","CAPT.OL","2397374693","17.8672","Greece"
"4572","Silvercorp Metals","SVM","2395664128","10.83","Canada"
"4573","Bank Danamon","BDMN.JK","2394411619","0.244989","Indonesia"
"4574","Trulieve Cannabis","TRLV","2389734400","12.41","United States"
"4575","Nippon Shokubai","4114.T","2389103996","16.1671","Japan"
"4576","Chicony Electronics","2385.TW","2388902551","3.28255","Taiwan"
"4577","Grenergy Renovables","GRE.MC","2387681590","84.9206","Spain"
"4578","EMSTEEL Building Materials PJSC","EMSTEEL.AE","2387474541","0.35","United Arab Emirates"
"4579","Österreichische Post","POST.VI","2385787568","35.3175","Austria"
"4580","Hacksaw AB","HACK.ST","2384498784","8.24527","Sweden"
"4581","Innospec","IOSP","2382315008","96.72","United States"
"4582","JEOL Ltd.","6951.T","2382271006","48.916","Japan"
"4583","InvenTrust Properties","IVT","2380681472","30.53","United States"
"4584","Cementir","CEM.MI","2380408085","15.3061","Italy"
"4585","Aether Industries","AETHER.NS","2380195503","17.9329","India"
"4586","Itaú CorpBanca","ITCLY","2378989568","3.1","Chile"
"4587","Force Motors","FORCEMOT.NS","2377437979","180.433","India"
"4588","Zain Saudi Arabia","7030.SR","2374588825","2.64216","Saudi Arabia"
"4589","Skyward Specialty Insurance Group","SKWD","2374324480","53.48","United States"
"4590","Resorttrust","4681.T","2372943902","11.1747","Japan"
"4591","Kotobuki Spirits","2222.T","2372588288","15.3632","Japan"
"4592","VGP NV","VGP.BR","2370686906","78.1179","Belgium"
"4593","Bilfinger","GBF.F","2370508257","64.1723","Germany"
"4594","Coty","COTY","2369046528","2.69","United States"
"4595","Kennametal","KMT","2368854784","31.01","United States"
"4596","ID Logistics Group","IDL.PA","2368598271","362.245","France"
"4597","BKV Corporation","BKV","2368234496","21.64","United States"
"4598","Maruichi Steel Tube","5463.T","2361419555","10.6962","Japan"
"4599","XD Inc.","2400.HK","2360585732","4.98617","China"
"4600","Toei Company","9605.T","2360133613","37.77","Japan"
"4601","The Chugoku Electric Power","9504.T","2359506008","6.56191","Japan"
"4602","ACC","ACC.NS","2358786371","12.5609","India"
"4603","CMC Markets Plc","CMCX.L","2358252898","8.74385","United Kingdom"
"4604","Hyperliquid Strategies","PURR","2358224128","11.92","United States"
"4605","ChipMOS Technologies","IMOS","2356076544","67.76","Taiwan"
"4606","Técnicas Reunidas","TRE.MC","2355202389","30.2494","Spain"
"4607","Saudi International Petrochemical Company (Sipchem)","2310.SR","2353620076","3.20948","Saudi Arabia"
"4608","Telesat","TSAT","2353597184","45.81","Canada"
"4609","Catena AB","CATE.ST","2350596239","35.4026","Sweden"
"4610","OneSpaWorld","OSW","2349695232","23.15","Bahamas"
"4611","ePlus","PLUS","2348935168","89.82","United States"
"4612","Fairfax India Holdings","FIH-U.TO","2348828928","17.5","Canada"
"4613","GMO internet group","9449.T","2348684319","25.0418","Japan"
"4614","Boardwalk Real Estate Investment Trust","BEI-UN.TO","2348006369","43.0823","Canada"
"4615","Immofinanz","IMO1.F","2346498680","17.0068","Austria"
"4616","Fuji Oil Holdings","2607.T","2346253552","27.2876","Japan"
"4617","SSI Securities Corporation","SSI.VN","2346043162","0.781671","Vietnam"
"4618","NextNav","NN","2344769536","13.89","United States"
"4619","The Bank of Nagoya","8522.T","2344683495","47.6592","Japan"
"4620","Denison Mines","DNN","2344617216","2.59","Canada"
"4621","Philip Morris ČR","TABAK.PR","2343968719","853.785","Czech Republic"
"4622","Blue Zones Holdings","417A.T","2340033323","11.583","Japan"
"4623","DO &amp; CO Aktiengesellschaft","DOC.VI","2338654689","212.925","Austria"
"4624","AF Gruppen","AFG.OL","2337774424","20.6232","Norway"
"4625","FIGS","FIGS","2335931904","14.06","United States"
"4626","Socionext","6526.T","2335130605","13.3216","Japan"
"4627","Intuitive Machines","LUNR","2334580992","14.55","United States"
"4628","Şişecam","SISE.IS","2333847712","0.779916","Turkey"
"4629","Vera Therapeutics","VERA","2333050624","32.375","United States"
"4630","City Union Bank","CUB.NS","2332964246","2.35466","India"
"4631","Daicel Corporation","4202.T","2331165112","9.12351","Japan"
"4632","Structure Therapeutics","GPCR","2331119104","32.69","United States"
"4633","Calbee, Inc.","2229.T","2331097167","19.1721","Japan"
"4634","Compagnie Financière Tradition","CFT.SW","2329906058","303.343","Switzerland"
"4635","Rengo Co., Ltd.","3941.T","2327140036","9.68495","Japan"
"4636","Beacon Financial Corporation","BBT","2325058304","27.74","United States"
"4637","SELLAS Life Sciences","SLS","2324395264","11.51","United States"
"4638","Visteon","VC","2323981312","87.06","United States"
"4639","LTC Properties","LTC","2323329792","43.1","United States"
"4640","TOMY Company","7867.T","2322589588","27.0196","Japan"
"4641","Bure Equity AB","BURE.ST","2322312695","31.3","Sweden"
"4642","Meitetsu","9048.T","2321834455","11.8382","Japan"
"4643","Kaneka Corporation","4118.T","2321268105","38.6696","Japan"
"4644","TORIDOLL Holdings Corporation","3397.T","2320326071","26.388","Japan"
"4645","Dorian LPG","LPG","2320104704","54.23","United States"
"4646","Hanwa Co., Ltd.","8078.T","2319816795","12.0711","Japan"
"4647","Bossard Holding","BOSN.SW","2319135082","300.945","Switzerland"
"4648","Carmila","CARM.PA","2318445348","16.7347","France"
"4649","Al Moammar Information Systems","7200.SR","2317219459","77.2406","Saudi Arabia"
"4650","Graubündner Kantonalbank","GRKP.SW","2316270261","3129.35","Switzerland"
"4651","Nippon Electric Glass","5214.T","2314712122","31.7345","Japan"
"4652","Restoration Hardware","RH","2313821440","122.21","United States"
"4653","Grupo Aeromexico","AERO","2311109888","15.84","Mexico"
"4654","Altarea","ALTA.PA","2311018445","93.424","France"
"4655","Procter &amp; Gamble India","PGHH.NS","2306545175","71.0565","India"
"4656","Kokuyo","7984.T","2305441466","5.56279","Japan"
"4657","Veridis Environment","VRDS.TA","2304603789","15.0114","Israel"
"4658","Federal Agricultural Mortgage Corporation","AGM","2303268352","212.22","United States"
"4659","HBL","HBLENGINE.NS","2302496972","8.30642","India"
"4660","CA Immo","BZY.F","2302170192","25.2834","Austria"
"4661","Nojima Corporation","7419.T","2301686081","7.86025","Japan"
"4662","Innodata","INOD","2301574912","66.94","United States"
"4663","Kayne Anderson Capital Advisors","KYN","2300114176","13.6","United States"
"4664","UFP Technologies","UFPT","2299880192","296.92","United States"
"4665","Bank of N. T. Butterfield & Son","NTB","2297858304","58.43","Bermuda"
"4666","Clover Health Investments","CLOV","2297250816","4.325","United States"
"4667","Ströer","SAX.F","2294442446","41.1338","Germany"
"4668","Banner Bank","BANR","2292961792","67.47","United States"
"4669","Finolex Cables","FINCABLES.NS","2291859321","14.9854","India"
"4670","Burgan Bank","BURG.KW","2290988255","585.176","Kuwait"
"4671","LiveRamp","RAMP","2288931328","37.65","United States"
"4672","Harmony Biosciences","HRMY","2288107776","39.29","United States"
"4673","Opendoor","OPEN","2286425600","2.37","United States"
"4674","Protolabs","PRLB","2283584256","95.46","United States"
"4675","V2X","VVX","2281942272","72.8","United States"
"4676","Chennai Petroleum","CHENNPETRO.NS","2281922062","15.324","India"
"4677","Cyfrowy Polsat","CPS.WA","2281770664","4.14337","Poland"
"4678","Merchants Bancorp","MBIN","2278855680","49.61","United States"
"4679","Grindwell Norton","GRINDWELL.NS","2278653968","20.5803","India"
"4680","Ebos Group","EBO.NZ","2274455807","10.987","New Zealand"
"4681","TietoEVRY","TIETO.HE","2273548261","20.7256","Finland"
"4682","Hornbach Baumarkt","HBM.HM","2271914882","71.4286","Germany"
"4683","Rakus Co., Ltd.","3923.T","2271669550","6.41516","Japan"
"4684","Schrödinger","SDGR","2268854784","30.33","United States"
"4685","Arabian Drilling Company","2381.SR","2268557707","25.4894","Saudi Arabia"
"4686","Snowline Gold Corp.","SGD.TO","2268439007","12.0385","Canada"
"4687","Haw Par","H02.SI","2267325088","10.2423","Singapore"
"4688","Tradegate Exchange","T2G.F","2266501875","92.9705","Germany"
"4689","Newell Brands","NWL","2265788160","5.32","United States"
"4690","Alamar Biosciences","ALMR","2265673984","32.65","United States"
"4691","Viridian Therapeutics","VRDN","2265278976","19.995","United States"
"4692","Inter &amp; Co","INTR","2264964096","5.13","Brazil"
"4693","Shriram Pistons &amp; Rings","SHRIPISTON.NS","2263783414","48.8029","India"
"4694","Anant Raj","ANANTRAJ.NS","2262072637","6.28568","India"
"4695","OSB Group Plc","OSB.L","2261510254","6.71993","United Kingdom"
"4696","GeneDx Holdings","WGS","2260250368","75.79","United States"
"4697","Sumitomo Chemical
 India","SUMICHEM.NS","2259365129","4.52646","India"
"4698","Helios Technologies","HLIO","2258761984","68.55","United States"
"4699","PC Connection","CNXN","2258557440","89.49","United States"
"4700","Electrolux","ELUX-A.ST","2257381555","2.78178","Sweden"
"4701","Ito En, Ltd.","2593.T","2256996098","19.5868","Japan"
"4702","MVV Energie","MVV1.F","2256672579","34.2404","Germany"
"4703","Pan Ocean","028670.KS","2256630972","4.2214","South Korea"
"4704","B.F. S.p.A.","BFG.MI","2255983091","8.61678","Italy"
"4705","Pakistan Petroleum","PPL.PK","2255678589","0.828999","Pakistan"
"4706","The Andersons, Inc.","ANDE","2254718976","66.21","United States"
"4707","Tiger Brands","TBS.JO","2253594100","15.4155","South Africa"
"4708","nib holdings limited","NHF.AX","2253321491","4.60884","Australia"
"4709","Pluxee","PLX.PA","2252547409","16.3946","France"
"4710","nLIGHT","LASR","2250494464","39.01","United States"
"4711","OC Oerlikon","OERL.SW","2250419260","6.89415","Switzerland"
"4712","Ceconomy","CEC.DE","2250061568","4.63719","Germany"
"4713","Maple Leaf Foods","MFI.TO","2247608768","18.019","Canada"
"4714","Barwa Real Estate Company","BRES.QA","2244949597","0.576923","Qatar"
"4715","Badger Infrastructure Solutions","BDGI.TO","2243006355","66.638","Canada"
"4716","Visional, Inc.","4194.T","2242374075","55.3854","Japan"
"4717","WaFd Bank","WAFD","2241808896","30.29","United States"
"4718","Kusuri No Aoki Holdings","3549.T","2240512167","23.5935","Japan"
"4719","Metcash","MTS.AX","2239018549","2.03598","Australia"
"4720","Ichor Systems","ICHR","2238264576","59.76","United States"
"4721","Pinnacle Investment Management Group","PNI.AX","2238119283","9.26649","Australia"
"4722","Korea Gas","036460.KS","2237551241","25.6378","South Korea"
"4723","GOL Airlines","GOLL54.SA","2234758186","1.85711","Brazil"
"4724","Pitney Bowes","PBI","2233199616","16.29","United States"
"4725","ADMA Biologics","ADMA","2230887424","9.96","United States"
"4726","Energisa S.A.","ENGI3.SA","2229212441","2.28608","Brazil"
"4727","China Railway Materials","000927.SZ","2229172698","0.368437","China"
"4728","Pharvaris","PHVS","2227588864","31.73","Netherlands"
"4729","Buckle","BKE","2226882304","43.23","United States"
"4730","NBCC India","NBCC.NS","2225432258","0.824234","India"
"4731","Savills","SVS.L","2225214238","13.387","United Kingdom"
"4732","Day One Biopharmaceuticals","DAWN","2224784640","21.53","United States"
"4733","Premier Foods","PFD.L","2222674252","2.5795","United Kingdom"
"4734","Kitron ASA","KIT.OL","2222139224","10.1606","Norway"
"4735","Patrick Industries","PATK","2220014592","69.12","United States"
"4736","Headwater Exploration","HWX.TO","2219171617","9.33355","Canada"
"4737","Proximus","PROX.VI","2217884516","6.86508","Belgium"
"4738","Lucky Cement","LUCK.PK","2217291606","1.51351","Pakistan"
"4739","Partner Communications","PTNR.TA","2216552129","11.8072","Israel"
"4740","Bangchak Corporation","BCP.BK","2214971357","1.51402","Thailand"
"4741","Upstart","UPST","2214765568","23.14","United States"
"4742","Prestige Consumer Healthcare","PBH","2214285056","46.74","United States"
"4743","PHINIA","PHIN","2213673216","60.42","United States"
"4744","SoftwareONE","SWON.SW","2212058854","10.2993","Switzerland"
"4745","Peloton","PTON","2211913984","5.04","United States"
"4746","Keel Infrastructure","KEEL","2210912000","3.58","United States"
"4747","Morinaga Milk Industry","2264.T","2208767946","6.84263","Japan"
"4748","Wihlborgs Fastigheter AB","WIHL.ST","2208736687","7.18459","Sweden"
"4749","Emaar The Economic City","4220.SR","2208206754","2.501","Saudi Arabia"
"4750","Suzuken Co., Ltd.","9987.T","2208085567","16.5563","Japan"
"4751","The Keiyo Bank","8544.T","2206048465","18.9999","Japan"
"4752","Kardex Holding","KARN.SW","2206004315","285.958","Switzerland"
"4753","The Kiyo Bank","8370.T","2204396873","11.4076","Japan"
"4754","create restaurants holdings","3387.T","2204103349","4.88714","Japan"
"4755","ADARx Pharmaceuticals","ADRX","2203845376","20.635","United States"
"4756","Dermapharm","DMP.F","2201813696","44.4444","Germany"
"4757","Hufvudstaden AB","HUFV-A.ST","2199016403","11.3172","Sweden"
"4758","Investis Holding","IREN.SW","2197036303","172.054","Switzerland"
"4759","Mitchells &amp; Butlers plc","MAB.L","2195955208","3.69729","United Kingdom"
"4760","HCI Group","HCI","2195335680","176.49","United States"
"4761","Boyd Group","BYD.TO","2194670015","78.8597","Canada"
"4762","Sinda Ltd.","SIND","2194489856","13.82","Mexico"
"4763","Efes Beverage Group","AEFES.IS","2189344421","0.369756","Turkey"
"4764","SMA Solar Technology","S92.F","2187437497","63.0385","Germany"
"4765","Northwest Bancshares","NWBI","2185170176","14.92","United States"
"4766","Aurinia Pharmaceuticals","AUPH","2184700160","16.42","Canada"
"4767","Webuild S.p.A.","WBD.MI","2183878023","2.20862","Italy"
"4768","Dr. Soliman Abdel Kader Fakeeh","4017.SR","2182074775","9.48728","Saudi Arabia"
"4769","Samsonite International","1SO.F","2180217107","1.59864","Luxembourg"
"4770","Fuso Chemical","4368.T","2180213388","20.6076","Japan"
"4771","Cadeler A/S","CDLR","2179283968","22.59","Denmark"
"4772","Imerys","NK.PA","2178875139","25.6916","France"
"4773","Monadelphous Group","MND.AX","2175573141","21.6288","Australia"
"4774","Deepak Nitrite","DEEPAKNTR.NS","2169385255","15.9054","India"
"4775","Bausch Health","BHC","2169145344","5.8","Canada"
"4776","Nissui Corporation","1332.T","2167084279","7.14568","Japan"
"4777","Chagee","CHA","2167071232","11.36","China"
"4778","Alony Hetz","ALHE.TA","2165406315","9.57017","Israel"
"4779","Shinsegae","004170.KS","2163870617","246.801","South Korea"
"4780","Wienerberger","WIB.F","2162989208","19.8073","Austria"
"4781","Recursion Pharmaceuticals","RXRX","2161172480","4.03","United States"
"4782","Takeuchi Mfg. Co., Ltd.","6432.T","2160255052","46.7659","Japan"
"4783","Basic-Fit","BFIT.AS","2159996736","33.3107","Netherlands"
"4784","Mineralys Therapeutics","MLYS","2158119424","24.48","United States"
"4785","Oxford Instruments","OXIG.L","2157938551","39.3672","United Kingdom"
"4786","Hang Lung Group","0010.HK","2155486450","1.58303","Hong Kong"
"4787","AQ Group","AQ.ST","2155263032","23.495","Sweden"
"4788","Hilltop Holdings","HTH","2153969152","37.6","United States"
"4789","Lumo Kodit Oyj","LUMO.HE","2152715829","8.12925","Finland"
"4790","AEON Financial Service","8570.T","2152120231","9.96886","Japan"
"4791","Bao Viet Holdings","BVH.VN","2149506023","2.89565","Vietnam"
"4792","Fletcher Building","FBU.NZ","2148574331","1.99763","New Zealand"
"4793","Enterprise Financial Services Corp","EFSC","2146940288","59.32","United States"
"4794","Gelsenwasser","WWG.F","2143565716","623.583","Germany"
"4795","Sunshine Silver Mining & Refining Company","SSMR","2142963712","14.91","United States"
"4796","StoneCo","STNE","2139927424","9.28","Brazil"
"4797","Dunelm Group","DNLM.L","2137568711","10.6024","United Kingdom"
"4798","Eutelsat","ETL.PA","2136635140","1.81406","France"
"4799","ComfortDelGro","C52.SI","2135421684","0.985892","Singapore"
"4800","Primaris Real Estate Investment Trust","PMZ-UN.TO","2135332750","15.4902","Canada"
"4801","OFG Bancorp","OFG","2133139584","50.47","United States"
"4802","Sabeco Brewery (Saigon Beer)","SAB.VN","2131019269","1.66153","Vietnam"
"4803","KIOCL","KIOCL.NS","2130421619","3.50542","India"
"4804","Big Yellow Group","BYG.L","2127977007","10.8537","United Kingdom"
"4805","Trinity Industries","TRN","2127971968","26.71","United States"
"4806","DRDGOLD","DRD","2127584768","24.49","South Africa"
"4807","Namura Shipbuilding","7014.T","2127553326","30.5925","Japan"
"4808","Kumho Petrochemical","011780.KS","2124080010","83.6176","South Korea"
"4809","Universal Robina Corporation","UVRBF","2122742016","1","Philippines"
"4810","Spark New Zealand","SPK.NZ","2122543258","1.12296","New Zealand"
"4811","Pediatrix Medical Group","MD","2117460224","26.06","United States"
"4812","Vincom Retail Joint Stock Company","VRE.VN","2117447295","0.931844","Vietnam"
"4813","The Metals Company","TMC","2116230144","3.74","Canada"
"4814","Inspire Medical Systems","INSP","2115661312","73.18","United States"
"4815","Fabege AB","FABG.ST","2115309490","6.7243","Sweden"
"4816","Lotte Shopping","023530.KS","2113992438","74.777","South Korea"
"4817","Shawbrook Group PLC","SHAW.L","2113919290","4.06768","United Kingdom"
"4818","Thule Group AB","THULE.ST","2113900180","19.6025","Sweden"
"4819","BioCryst Pharmaceuticals","BCRX","2113275392","8.27","United States"
"4820","Alvotech","ALVO","2112356864","5.92","Iceland"
"4821","Sonos","SONO","2111547520","17.85","United States"
"4822","Calix","CALX","2111182464","33.53","United States"
"4823","UBE Corporation","4208.T","2110384716","21.7242","Japan"
"4824","CJ Cheiljedang Corporation","097950.KS","2109478494","131.652","South Korea"
"4825","Flywire","FLYW","2108500736","17.33","United States"
"4826","Sihanoukville Autonomous Port","PAS.KH","2108463782","4.68","Cambodia"
"4827","C.Uyemura & Co.,Ltd.","4966.T","2108385663","132.068","Japan"
"4828","Addus HomeCare","ADUS","2108373120","112.96","United States"
"4829","Signify","LIGHT.AS","2108272257","17.7438","Netherlands"
"4830","Money Forward","3994.T","2106594208","37.9806","Japan"
"4831","Allegiant Travel Company","ALGT","2105827328","77.03","United States"
"4832","Konica Minolta","4902.T","2104894741","4.25934","Japan"
"4833","Alpha Metallurgical Resources","AMR","2104721408","166","United States"
"4834","Berli Jucker (BJC)","BJC.BK","2104332435","0.52506","Thailand"
"4835","Pebblebrook Hotel Trust","PEB","2103973760","18.71","United States"
"4836","First National Financial","FN.TO","2103105189","35.0708","Canada"
"4837","PDF Solutions","PDFS","2101648512","49.77","United States"
"4838","Sunstone Hotel Investors","SHO","2101166464","11.3","United States"
"4839","Rathbones Group","RAT.L","2101141809","20.636","United Kingdom"
"4840","Rockpoint Gas Storage","RGSI.TO","2098012124","15.8846","Canada"
"4841","Custom Truck One Source","CTOS","2097601152","9.22","United States"
"4842","Medical Properties Trust","MPT","2096172032","3.51","United States"
"4843","ZhongAn Insurance","6060.HK","2095896532","1.24399","China"
"4844","WHA Corporation","WHA.BK","2095767250","0.140215","Thailand"
"4845","Indraprastha Gas","IGL.NS","2095334460","1.49667","India"
"4846","Com7 Public Company","COM7.BK","2092528086","0.88753","Thailand"
"4847","NV Bekaert","BEKB.BR","2092342498","43.8209","Belgium"
"4848","Watches of Switzerland Group","WOSG.L","2092309003","9.04148","United Kingdom"
"4849","Liontown Resources","LTR.AX","2092080588","0.655418","Australia"
"4850","Ramco Cements","RAMCOCEM.NS","2091992623","8.85341","India"
"4851","Aker Solutions ASA","AKSO.OL","2090853996","4.3017","Norway"
"4852","Chemours","CC","2090431104","13.89","United States"
"4853","L1 Group","L1G.AX","2088494767","0.813694","Australia"
"4854","Doha Bank","DHBK.QA","2086852722","0.673077","Qatar"
"4855","AddLife AB","ALIF-B.ST","2086427343","17.1209","Sweden"
"4856","Tasmea Limited","TEA.AX","2085077626","7.43271","Australia"
"4857","Fastned","FAST.AS","2083493809","53.5147","Netherlands"
"4858","CGN Mining Company","1164.HK","2082856674","0.274035","Hong Kong"
"4859","Perrigo","PRGO","2081538688","15","Ireland"
"4860","Monarch Casino &amp; Resort","MCRI","2080625280","116.09","United States"
"4861","Uniti","UNIT","2080154368","8.57","United States"
"4862","Teijin Limited","3401.T","2080081770","10.7823","Japan"
"4863","Vericel","VCEL","2079500672","40.61","United States"
"4864","Kangwon Land","035250.KS","2079226593","10.4909","South Korea"
"4865","TX Group","TXGN.SW","2079175901","202.388","Switzerland"
"4866","Nankai Electric Railway","9044.T","2078559170","19.2104","Japan"
"4867","RLX Technology","RLX","2077832832","1.7","China"
"4868","National Bank of Oman","NBOB.OM","2077832796","1.27792","Oman"
"4869","Kohl's","KSS","2077056512","18.32","United States"
"4870","Lojas Renner","LREN3.SA","2076952036","2.1912","Brazil"
"4871","DoubleVerify","DV","2076833536","13.4","United States"
"4872","LCI Industries","LCII","2075716480","85.38","United States"
"4873","Blackstone Mortgage Trust","BXMT","2074771584","12.31","United States"
"4874","Netmarble","251270.KS","2073460032","25.3063","South Korea"
"4875","Clarkson PLC","CKN.L","2072542285","67.4639","United Kingdom"
"4876","Netcompany Group","NETC.CO","2071537345","46.8614","Denmark"
"4877","Chorus","CNU.NZ","2071376628","4.774","New Zealand"
"4878","Applied Aerospace &amp; Defense","AADX","2068722176","12","United States"
"4879","Coats Group","COA.L","2068638755","1.08075","United Kingdom"
"4880","NFI Group","NFI.TO","2067780435","17.3556","Canada"
"4881","Castrol India","CASTROLIND.NS","2067284329","2.09002","India"
"4882","Bladex","BLX","2066648832","55.51","Panama"
"4883","The Nanto Bank","8367.T","2066265055","13.1557","Japan"
"4884","OYAK Çimento","OYAKC.IS","2063499986","0.424444","Turkey"
"4885","Minerals Technologies","MTX","2057922432","66.11","United States"
"4886","Bodycote","BOY.L","2055098991","12.1369","United Kingdom"
"4887","Sharplink","SBET","2054935296","9.46","United States"
"4888","Hansol Chemical","014680.KS","2054730439","191.547","South Korea"
"4889","Trevi Therapeutics","TRVI","2054501632","14.42","United States"
"4890","First Commonwealth Financial Corp","FCF","2054467072","20.33","United States"
"4891","Centuri Holdings","CTRI","2053588608","20.34","United States"
"4892","Mitsui Fudosan Logistics Park","3471.T","2052137465","637.369","Japan"
"4893","Lindblad Expeditions","LIND","2051927680","31.27","United States"
"4894","Verbio","VBK.F","2050883996","32.0408","Germany"
"4895","Extendicare","EXE.TO","2048745636","21.5552","Canada"
"4896","Saudi Industrial Investment Group","2250.SR","2048122371","3.01505","Saudi Arabia"
"4897","Select Medical Holdings","SEM","2046298112","16.51","United States"
"4898","Diebold Nixdorf","DBD","2045281920","60.25","United States"
"4899","Genting Malaysia Berhad","4715.KL","2044487462","0.360736","Malaysia"
"4900","1st Source","SRCE","2043689728","84.91","United States"
"4901","Kajaria Ceramics","KAJARIACER.NS","2043285304","13.0027","India"
"4902","Tata Elxsi","TATAELXSI.NS","2042747933","32.7891","India"
"4903","eToro","ETOR","2042255616","25.68","Israel"
"4904","Hysan Development","0014.HK","2042052119","1.98835","Hong Kong"
"4905","Werner Enterprises","WERN","2041301376","34.05","United States"
"4906","SHB (Saigon - Hanoi Commercial Joint Stock Bank)","SHB.VN","2040623861","0.437043","Vietnam"
"4907","SES S.A.","SESG.PA","2036240187","5.00227","Luxembourg"
"4908","Daiwabo Holdings","3107.T","2035431928","23.7913","Japan"
"4909","Per Aarsleff Holding A/S B","PAAL-B.CO","2034421421","107.978","Denmark"
"4910","HBX Group International plc","HBX.MC","2032585656","8.42971","United Kingdom"
"4911","Argan SA","ARG.PA","2029563870","78.7982","France"
"4912","StubHub Holdings","STUB","2028897664","5.31","United States"
"4913","Saizeriya","7581.T","2027982831","41.2791","Japan"
"4914","Ora Banda Mining","OBM.AX","2027288600","1.04727","Australia"
"4915","Super Retail Group","SUL.AX","2026486436","8.97364","Australia"
"4916","BillerudKorsnäs","BILL.ST","2025752619","8.1452","Sweden"
"4917","iFAST Corporation","AIY.SI","2024585103","6.64304","Singapore"
"4918","Nektar Therapeutics","NKTR","2022630912","59.24","United States"
"4919","Encore Capital Group","ECPG","2020192128","95.25","United States"
"4920","Keihan Holdings","9045.T","2020094285","20.0207","Japan"
"4921","Interface, Inc.","TILE","2019548032","34.94","United States"
"4922","Vietnam Maritime Commercial Joint Stock Bank","MSB.VN","2018328802","0.539084","Vietnam"
"4923","Preformed Line Products","PLPC","2017860224","412.76","United States"
"4924","Ratnamani Metals &amp; Tubes","RATNAMANI.NS","2016149113","28.7643","India"
"4925","Fukuda Denshi","6960.T","2014927312","74.5831","Japan"
"4926","Sasa Polyester","SASA.IS","2014142004","0.0383632","Turkey"
"4927","Thermon Group","THR","2013932928","61.14","United States"
"4928","Elekta AB","EKTA-B.ST","2012933786","5.26831","Sweden"
"4929","Braveheart Bio","BRVE","2011470592","22.34","United States"
"4930","Qatar Aluminium Manufacturing Company","QAMC.QA","2008229920","0.35989","Qatar"
"4931","Biohaven","BHVN","2007371776","13.29","United States"
"4932","Bandwidth","BAND","2004219392","62.28","United States"
"4933","Husqvarna","HUSQ-A.ST","2002848717","3.50224","Sweden"
"4934","Palvella Therapeutics","PVLA","2002768512","139","United States"
"4935","momo.com Inc.","8454.TW","2001776566","7.55458","Taiwan"
"4936","Turpaz Industries","TRPZ.TA","2001568154","18.3816","Israel"
"4937","Stagwell","STGW","1999809280","8.18","United States"
"4938","Whirlpool","WHR","1999664896","30.67","United States"
"4939","Knowledge Economic City Company","4310.SR","1998115196","5.88893","Saudi Arabia"
"4940","I.B.I. Investment House","IBI.TA","1994960337","141.224","Israel"
"4941","GFH Financial Group","GFH.AE","1992990481","0.52","Bahrain"
"4942","UWM Holdings","UWMC","1992079488","1.24","United States"
"4943","Mizuno Corporation","8022.T","1991972068","26.1902","Japan"
"4944","The Sumitomo Warehouse Co., Ltd.","9303.T","1990484172","26.3497","Japan"
"4945","Kosé","4922.T","1988499544","35.0394","Japan"
"4946","Agios Pharmaceuticals","AGIO","1988072576","33.3","United States"
"4947","Solvac","SOLV.BR","1987247826","92.9705","Belgium"
"4948","Electricity Generating Public Company","EGCO.BK","1986808519","3.77387","Thailand"
"4949","Compañía Cervecerías Unidas","CCU","1986544896","10.73","Chile"
"4950","ARE Holdings","5857.T","1984963047","23.0959","Japan"
"4951","ARMOUR Residential REIT","ARR","1983158144","14.01","United States"
"4952","Gorman-Rupp","GRC","1982616960","75.07","United States"
"4953","BWP Trust","BWP.AX","1982510735","2.52406","Australia"
"4954","Batelco (Bahrain Telecommunication Company)","BEYON.BH","1980840297","1.49867","Bahrain"
"4955","The Bancorp, Inc.","TBBK","1980607488","48.56","United States"
"4956","NW Natural Holdings","NWN","1979238144","47.02","United States"
"4957","Generate Biomedicines","GENB","1979194496","15.42","United States"
"4958","EMEIS","EMEIS.PA","1979172942","12.2902","France"
"4959","Arion banki","ARION.IC","1979125776","1.47671","Iceland"
"4960","Stolt-Nielsen Limited","0OHK.L","1978140322","32.8984","United Kingdom"
"4961","UroGen Pharma","URGN","1977218816","40.45","United States"
"4962","TAV Airports Holding","TAVHL.IS","1975591444","5.43819","Turkey"
"4963","Currys plc","CURY.L","1975061401","1.93661","United Kingdom"
"4964","Nuvation Bio","NUVB","1973312512","5.62","United States"
"4965","Boursa Kuwait Securities Company","BOURSA.KW","1971205256","9817.95","Kuwait"
"4966","Flynas Company","4264.SR","1970406374","11.5328","Saudi Arabia"
"4967","Malaysian Pacific Industries","3867.KL","1970048438","9.9043","Malaysia"
"4968","Sarepta Therapeutics","SRPT","1968887680","18.64","United States"
"4969","Fortress REIT","FFB.JO","1968124200","1.53759","South Africa"
"4970","Aroundtown","AT1.F","1966569586","1.89909","Luxembourg"
"4971","Saudi Kayan Petrochemical Company","2350.SR","1965641345","1.31043","Saudi Arabia"
"4972","City Holding Company","CHCO","1964637056","139.88","United States"
"4973","Elgi Equipments","ELGIEQUIP.NS","1964100810","6.23046","India"
"4974","EIH Limited","EIHOTEL.NS","1963466139","3.13972","India"
"4975","H2O Retailing Corporation","8242.T","1962715269","17.4176","Japan"
"4976","PENN Entertainment","PENN","1960158080","14.61","United States"
"4977","Tatung Co., Ltd.","2371.TW","1957041837","0.956494","Taiwan"
"4978","Kuwait Telecommunications Company","STC.KW","1954469963","1957.09","Kuwait"
"4979","DNO ASA","DNO.OL","1953889485","2.00399","Norway"
"4980","5N Plus","VNP.TO","1953779792","21.7243","Canada"
"4981","Gestamp Automoción","GEST.MC","1953774666","3.43537","Spain"
"4982","Zymeworks","ZYME","1951600000","27.2","Canada"
"4983","Gimv NV","GIMB.BR","1950792063","53.0045","Belgium"
"4984","Drägerwerk","DRW8.F","1948317396","103.855","Germany"
"4985","CAMGSM Plc. (Cellcard)","CGSM.KH","1947161928","0.99","Cambodia"
"4986","Driven Brands","DRVN","1946761728","11.8","United States"
"4987","DEUTZ","DEZ.DE","1945184008","12.7438","Germany"
"4988","Activia Properties","3279.T","1945167003","818.563","Japan"
"4989","YOOZOO Interactive","002174.SZ","1943837328","1.98389","China"
"4990","Burckhardt Compression","BCHN.SW","1940661526","575.512","Switzerland"
"4991","SharonAI Holdings","SHAZ","1939475712","54.17","United States"
"4992","SolarEdge","SEDG","1939291648","31.52","Israel"
"4993","MIRAIT ONE Corporation","1417.T","1939075138","22.2665","Japan"
"4994","Cellcom Israel","CEL.TA","1935580343","11.4686","Israel"
"4995","Nippon Kayaku","4272.T","1934969364","13.4205","Japan"
"4996","Gränges","GRNG.ST","1934650568","18.1616","Sweden"
"4997","Hyosung Corporation","004800.KS","1933639211","115.665","South Korea"
"4998","Lakefront Biotherapeutics","LKFT","1933107584","29.52","Belgium"
"4999","Savola Group","2050.SR","1932838024","6.51485","Saudi Arabia"
"5000","Alamo Group","ALG","1932627456","158.79","United States"
"5001","Global Net Lease","GNL","1931504128","8.35","United States"
"5002","Ziff Davis","ZD","1931398528","56.33","United States"
"5003","Standard Nuclear","STDN","1931296000","12.02","United States"
"5004","Mesoblast","MESO","1930942080","14.87","Australia"
"5005","Douglas Emmett","DEI","1930373632","9.6","United States"
"5006","Íslandsbanki","ISB.IC","1929860096","1.16639","Iceland"
"5007","VIB (Vietnam International Commercial Joint Stock Bank)","VIB.VN","1923256673","0.51598","Vietnam"
"5008","Cenomi Centers (Arabian Centres Company)","4321.SR","1921481020","3.73419","Saudi Arabia"
"5009","KRUK Spólka Akcyjna","KRU.WA","1920792298","98.2835","Poland"
"5010","Ternium Argentina","TXAR.BA","1920339075","0.425127","Argentina"
"5011","Chalet Hotels","CHALET.NS","1919335859","8.76433","India"
"5012","Biolife Solutions","BLFS","1918773120","39.22","United States"
"5013","Dalrymple Bay Infrastructure","DBI.AX","1918475216","3.86975","Australia"
"5014","Atea ASA","ATEA.OL","1917267661","17.186","Norway"
"5015","Dicker Data","DDR.AX","1917261974","10.5704","Australia"
"5016","Sekisui House Reit","3309.T","1916683317","445.329","Japan"
"5017","Quantum Computing","QUBT","1914894464","8.46","United States"
"5018","Innovex International","INVX","1913776896","27.41","United States"
"5019","New World Development Company","0017.HK","1911739804","0.759652","Hong Kong"
"5020","Genus","GNS.L","1911696523","28.9169","United Kingdom"
"5021","Magnit","MGNT.ME","1911065463","18.66","Russia"
"5022","Kinnevik","KINV-A.ST","1910482447","6.78433","Sweden"
"5023","Companhia de Saneamento do Paraná (SANEPAR)","SAPR4.SA","1908043436","1.2626","Brazil"
"5024","OPmobility","OPM.PA","1906898658","13.3447","France"
"5025","Allient","ALNT","1905981568","112.1","United States"
"5026","Cimpress","CMPR","1903398528","78.17","Ireland"
"5027","F&amp;F Co","383220.KS","1902562081","50.7599","South Korea"
"5028","Lovisa Holdings","LOV.AX","1902521537","17.1803","Australia"
"5029","Progyny","PGNY","1902057472","24.79","United States"
"5030","Fagron","FAGR.BR","1900195783","25.907","Belgium"
"5031","GoTo","GOTO.JK","1899496475","0.00178174","Indonesia"
"5032","Establishment Labs","ESTA","1898380544","63.7","Costa Rica"
"5033","Hotel Properties Limited","H15.SI","1898311163","3.57582","Singapore"
"5034","nCino","NCNO","1897964416","17.95","United States"
"5035","Ezaki Glico Co., Ltd.","2206.T","1897743740","31.7345","Japan"
"5036","Alef Education","ALEFEDT.AE","1896528305","0.27","United Arab Emirates"
"5037","Freehold Royalties","FRU.TO","1896456466","11.5666","Canada"
"5038","TV Asahi Holdings Corporation","9409.T","1896120790","18.8595","Japan"
"5039","LeMaitre Vascular","LMAT","1895632640","82.89","United States"
"5040","Vimian Group","VIMIAN.ST","1894371391","3.58729","Sweden"
"5041","Mitani Corporation","8066.T","1894066963","22.745","Japan"
"5042","Sonic Automotive","SAH","1892145792","59.85","United States"
"5043","Migros Ticaret A.S.","MGROS.IS","1891569836","10.6213","Turkey"
"5044","Westshore Terminals Investment","WTE.TO","1890151906","30.6","Canada"
"5045","OSG Corporation","6136.T","1889970179","23.0002","Japan"
"5046","Target Hospitality","TH","1888087040","19.28","United States"
"5047","National Industries Group Holding","NIND.KW","1886985331","754.226","Kuwait"
"5048","Surgery Partners","SGRY","1886532096","14.41","United States"
"5049","Asana","ASAN","1884423936","8.23","United States"
"5050","Perdoceo Education","PRDO","1884195200","30.11","United States"
"5051","Porch Group","PRCH","1881023744","16.57","United States"
"5052","Blackbaud","BLKB","1880511744","41.43","United States"
"5053","Dah Sing Financial","0440.HK","1879934291","5.89113","Hong Kong"
"5054","Karooooo","KARO","1879239552","60.83","Singapore"
"5055","Planisware","PLNW.PA","1879127593","27.1542","France"
"5056","H&amp;R REIT","HR-UN.TO","1878225882","6.70607","Canada"
"5057","Fortrea","FTRE","1877273984","19.74","United States"
"5058","IDT Corporation","IDT","1876783872","75.56","United States"
"5059","Voyager Technologies","VOYG","1876033280","30.74","United States"
"5060","CIMC Enric","3899.HK","1875449323","0.906229","China"
"5061","SigmaRoc plc","SRC.L","1875266235","1.69057","United Kingdom"
"5062","A10 Networks","ATEN","1874038912","25.81","United States"
"5063","HPH Trust (Hutchison Port)","NS8U.SI","1872886784","0.215","Singapore"
"5064","SSP Group","SSPG.L","1872688660","2.48823","United Kingdom"
"5065","Kainos Group","KNOS.L","1871406899","16.231","United Kingdom"
"5066","Tokuyama Corporation","4043.T","1870487877","25.9988","Japan"
"5067","Kyoritsu Maintenance Co., Ltd.","9616.T","1870478260","20.563","Japan"
"5068","Entra","ENTRA.OL","1867909045","10.2595","Norway"
"5069","Welspun India","WELSPUNIND.NS","1867418314","1.91","India"
"5070","Embracer Group","EMBRAC-B.ST","1864460900","8.52545","Sweden"
"5071","Union Tool","6278.T","1863327077","95.6373","Japan"
"5072","Novocure","NVCR","1861968896","15.99","Jersey"
"5073","Western Union","WU","1861917440","5.97","United States"
"5074","Al Salam Bank","SALAM.BH","1861400739","1.19098","Bahrain"
"5075","Genesis Energy","GNE.NZ","1861264780","1.42204","New Zealand"
"5076","Sunrun","RUN","1859338624","7.72","United States"
"5077","Xencor","XNCR","1858834944","25","United States"
"5078","Aksa Energy","AKSEN.IS","1858076871","1.51514","Turkey"
"5079","Ashmore Group","ASHM.L","1857826159","2.85465","United Kingdom"
"5080","Wacker Neuson","WAC.F","1854613272","27.2676","Germany"
"5081","Spectrum Brands","SPB","1854134784","80.63","United States"
"5082","EZCorp","EZPW","1853132160","30.16","United States"
"5083","Elvalhalcor Hellenic Copper and Aluminium Industry","ELHA.AT","1852244837","4.26871","Greece"
"5084","Hub Group","HUBG","1849893760","30.25","United States"
"5085","Pfeiffer Vacuum","PFV.F","1848228075","187.302","Germany"
"5086","Semapa","SEM.LS","1847318869","23.1293","Portugal"
"5087","O.Y. Nofar Energy","NOFR.TA","1846374640","46.4995","Israel"
"5088","TIC Solutions","TIC","1846144128","8.46","United States"
"5089","Mullen Group","MTL.TO","1846030809","19.1813","Canada"
"5090","Zhejiang Jinke Tom Culture Industry","300459.SZ","1846010502","0.52506","China"
"5091","LOTTE Chemical","011170.KS","1845280594","43.7611","South Korea"
"5092","African Rainbow Minerals","ARI.JO","1843813100","9.56268","South Africa"
"5093","Horace Mann Educators","HMN","1843202944","45.51","United States"
"5094","Midera Food Processing","MFP","1840427136","40.69","United States"
"5095","Goldwin Inc.","8111.T","1840409046","13.4524","Japan"
"5096","Kimbell Royalty Partners","KRP","1837710208","14.3","United States"
"5097","German American Bancorp","GABC","1834597376","48.82","United States"
"5098","AlzChem Group","ACT.DE","1834195822","181.179","Germany"
"5099","Hamburger Hafen","HHFA.F","1833580348","24.3764","Germany"
"5100","World Kinect","WKC","1833274112","35.84","United States"
"5101","Photronics","PLAB","1833042048","31.07","United States"
"5102","NGL Energy Partners","NGL","1832451456","14.8","United States"
"5103","Bic Camera Inc.","3048.T","1830659846","10.6898","Japan"
"5104","National Central Cooling Company","TABREED.AE","1828411094","0.642614","United Arab Emirates"
"5105","Atul","ATUL.NS","1827456240","62.0702","India"
"5106","Septerna","SEPN","1826468992","39.13","United States"
"5107","Hazama Ando Corporation","1719.T","1825187642","11.6341","Japan"
"5108","Evolution Metals & Technologies","EMAT","1825153920","2.91","United States"
"5109","MFE-Mediaforeurope","MFEA.MI","1824432266","2.60771","Italy"
"5110","Aarti Industries","AARTIIND.NS","1823721958","5.02761","India"
"5111","Engineers India","ENGINERSIN.NS","1822919146","3.24338","India"
"5112","ACV Auctions","ACVA","1822666240","10.44","United States"
"5113","Shanghai Industrial Holdings Limited","0363.HK","1822250840","1.67608","Hong Kong"
"5114","Enerpac Tool Group","EPAC","1821020160","35.33","United States"
"5115","Neutron Holdings (Lime)","LIME","1820257408","28.43","United States"
"5116","SKAN Group","SKAN.SW","1819622456","80.9314","Switzerland"
"5117","Xeris Pharmaceuticals","XERS","1819556608","9.98","United States"
"5118","secunet","YSN.F","1819088920","281.179","Germany"
"5119","Gudang Garam","GGRM.JK","1818563222","0.945156","Indonesia"
"5120","Storskogen Group","STOR-B.ST","1818311476","1.08319","Sweden"
"5121","The North West Company","NWC.TO","1816251453","38.3908","Canada"
"5122","Worthington Steel","WS","1815737472","35.64","United States"
"5123","Iluka Resources","ILU.AX","1814663311","4.20792","Australia"
"5124","Brightstar Lottery","BRSL","1814631552","9.93","United Kingdom"
"5125","Republic Bank","RBCAA","1813802880","92.38","United States"
"5126","Xenia Hotels &amp; Resorts","XHR","1813355392","18.33","United States"
"5127","Under Armour","UA","1812682112","4.22","United States"
"5128","The Musashino Bank","8336.T","1812246271","18.6745","Japan"
"5129","Sildarvinnslan","SVN.IC","1812047955","0.981697","Iceland"
"5130","SFL Corp","SFL","1811033984","13.06","Bermuda"
"5131","Expro Group","XPRO","1810935296","15.97","United States"
"5132","HBM Healthcare Investments","HBMN.SW","1810636489","278.164","Switzerland"
"5133","Australian United Investment Company","AUI.AX","1810371893","8.3252","Australia"
"5134","EcoPro Materials","450080.KS","1810295937","25.5641","South Korea"
"5135","Bob's Discount Furniture","BOBS","1808709120","13.84","United States"
"5136","Parex Resources","PXT.TO","1807601506","18.7939","Canada"
"5137","Bell Food Group","BELL.SW","1807090568","288.355","Switzerland"
"5138","Sonida Senior Living","SNDA","1807085056","37.61","United States"
"5139","Hycroft Mining","HYMC","1805860864","19.38","United States"
"5140","Vertex","VERX","1804258688","11.15","United States"
"5141","Weis Markets","WMK","1802891264","72.86","United States"
"5142","Vir Biotechnology","VIR","1802149888","10.65","United States"
"5143","JustSystems Corporation","4686.T","1800861995","28.0404","Japan"
"5144","GigaCloud Technology","GCT","1800152960","50.41","China"
"5145","Forvia SE","FRVIA.PA","1800087451","9.78005","France"
"5146","STEF SA","STF.PA","1799975560","142.177","France"
"5147","Etablissements Maurel &amp; Prom","MAU.PA","1799697646","9.01361","France"
"5148","ATS Corporation","ATS","1795722112","18.3","Canada"
"5149","Winpak","WPK.TO","1795664305","30.6101","Canada"
"5150","Neuren Pharmaceuticals","NEU.AX","1794830183","14.1577","Australia"
"5151","COMPASS Pathways","CMPS","1794659584","12.96","United Kingdom"
"5152","Sanoma","SANOMA.HE","1794138063","11.0431","Finland"
"5153","Mota-Engil","EGL.LS","1793004494","5.84467","Portugal"
"5154","Systemair AB","SYSR.ST","1792089742","8.63552","Sweden"
"5155","SmartStop Self Storage REIT","SMA","1791184000","32.35","United States"
"5156","Region Group","RGN.AX","1790848100","1.55836","Australia"
"5157","Dentsply Sirona","XRAY","1790197632","8.98","United States"
"5158","Guzman y Gomez","GYG.AX","1789767481","17.9438","Australia"
"5159","Marqeta","MQ","1789486848","17.01","United States"
"5160","Tower Bersama Infrastructure","TBIG.JK","1789232987","0.079343","Indonesia"
"5161","Yellow Cake plc","YCA.L","1788412453","7.11678","Jersey"
"5162","Central Puerto","CEPU","1787692928","11.92","Argentina"
"5163","Fidelis Insurance","FIHL","1787657472","20.71","Bermuda"
"5164","Shangri-La","0069.HK","1786250498","0.500274","Hong Kong"
"5165","Blue Bird Corporation","BLBD","1785261696","56.36","United States"
"5166","AB Ignitis grupe","IGN1L.VS","1785101873","24.6599","Lithuania"
"5167","Novavax","NVAX","1784712704","10.82","United States"
"5168","Alkane Resources","ALK.AX","1783248602","1.30526","Australia"
"5169","Costamare","CMRE","1783165952","14.75","Monaco"
"5170","Admie Holding","ADMIE.AT","1779350871","4.90363","Greece"
"5171","Okuma Corporation","6103.T","1779258129","30.5606","Japan"
"5172","Vestis","VSTS","1778875008","13.46","United States"
"5173","MAAS Group Holdings","MGH.AX","1777441212","4.91912","Australia"
"5174","Tianyu Digital Technology (Dalian)","002354.SZ","1777001395","1.07399","China"
"5175","Insperity","NSP","1776844032","46.52","United States"
"5176","Genting Berhad","3182.KL","1776462171","0.46135","Malaysia"
"5177","NCC","NCC-B.ST","1774342723","18.0816","Sweden"
"5178","Metrovacesa","MVC.MC","1774014200","11.7007","Spain"
"5179","Qatar Insurance Company","QATI.QA","1773026270","0.542857","Qatar"
"5180","Kier Group","KIE.L","1771728904","4.10339","United Kingdom"
"5181","4DMedical Limited","4DX.AX","1770125524","2.94241","Australia"
"5182","PicS N.V. (PicPay)","PICS","1769360640","8.19","Brazil"
"5183","SRG Global Limited","SRG.AX","1768676487","2.7925","Australia"
"5184","Youdao","DAO","1767297280","14.65","China"
"5185","Caisse Régionale de Crédit Agricole Mutuel du Languedoc","CRLA.PA","1766125366","89.5692","France"
"5186","Getty Realty","GTY","1765081984","28.5","United States"
"5187","Embla Medical","EMBLA.CO","1763953466","4.14777","Iceland"
"5188","Formula Systems","FORTY","1763333376","114.99","Israel"
"5189","Paragon Banking Group","PAG.L","1763314321","9.85502","United Kingdom"
"5190","Central Plaza Hotel","CENTEL.BK","1762007774","1.30519","Thailand"
"5191","Yuexiu Property","0123.HK","1759830000","0.437182","Hong Kong"
"5192","Zip Co","ZIP.AX","1759163148","1.41194","Australia"
"5193","Soho House & Co","SHCO","1758889344","8.99","United States"
"5194","Olin Corporation","OLN","1758749824","15.43","United States"
"5195","Astrana Health","ASTH","1758474880","35.45","United States"
"5196","Ariston Holding","ARIS.MI","1757547479","4.78231","Italy"
"5197","eClerx Services","ECLERX.NS","1754501353","19.0654","India"
"5198","Vietnam National Petroleum Group","PLX.VN","1753975080","1.38044","Vietnam"
"5199","Netstreit","NTST","1751272448","17.93","United States"
"5200","Austevoll Seafood","AUSS.OL","1748987096","8.6659","Norway"
"5201","Sixth Street Specialty Lending","TSLX","1748593152","18.34","United States"
"5202","Montana Aerospace","AERO.SW","1747875450","27.8764","Switzerland"
"5203","National Bank Holdings","NBHC","1747286400","39.23","United States"
"5204","K's Holdings Corporation","8282.T","1746816581","11.3055","Japan"
"5205","Proeduca Altus","PRO.MC","1746356315","38.6676","Spain"
"5206","Prosegur","PSG.MC","1745571498","3.27664","Spain"
"5207","Personalis","PSNL","1745376896","16.35","United States"
"5208","Fluxys Belgium","FLUX.BR","1744637911","24.8299","Belgium"
"5209","Zenas BioPharma","ZBIO","1744129152","26.76","United States"
"5210","Caisse Régionale de Crédit Agricole Mutuel Nord de France","CNDF.PA","1743961775","30.1587","France"
"5211","PolyPeptide Group","PPGN.SW","1743768750","52.8152","Switzerland"
"5212","KSB SE &amp; Co. KGaA","KSB.DE","1743384469","995.465","Germany"
"5213","Dime Community Bancshares","DCOM","1742860928","39.47","United States"
"5214","Absci","ABSI","1740166144","10.14","United States"
"5215","KATITAS CO., Ltd.","8919.T","1737615020","22.2027","Japan"
"5216","Energean","ENOG.L","1737073609","9.40526","United Kingdom"
"5217","Natura Cosméticos S.A.","NATU3.SA","1736617242","1.26453","Brazil"
"5218","RHI Magnesita","RHF.F","1734850265","36.6213","Austria"
"5219","Nongshim","004370.KS","1734305907","297.266","South Korea"
"5220","Melco Resorts &amp; Entertainment","MLCO","1733912960","4.56","Hong Kong"
"5221","Ola Electric Mobility","OLAELEC.NS","1732852044","0.392165","India"
"5222","Alembic Pharmaceuticals","APLLTD.NS","1730832636","8.80548","India"
"5223","WeRide","WRD","1730309248","5.26","China"
"5224","Intershop Holding","ISN.SW","1728840890","187.521","Switzerland"
"5225","Ocular Therapeutix","OCUL","1728376832","7.87","United States"
"5226","Stewart Information Services","STC","1728341888","56.76","United States"
"5227","Goodman Property Trust","GMT.NZ","1728117746","1.12303","New Zealand"
"5228","Vermilion Energy","VET","1726640000","11.3","Canada"
"5229","Muangthai Capital","MTC.BK","1723448675","0.812947","Thailand"
"5230","Travis Perkins","TPK.L","1723394493","8.13535","United Kingdom"
"5231","Happen, Inc.","HAPN","1721879424","14.92","United States"
"5232","Resolute Mining","RSG.AX","1721320059","0.805327","Australia"
"5233","Century Communities","CCS","1720742144","60.52","United States"
"5234","Offcn Education","002607.SZ","1720321681","0.278938","China"
"5235","S&amp;T Bancorp","STBA","1719545344","48.76","United States"
"5236","Hope Bancorp","HOPE","1716850304","13.44","United States"
"5237","BEML","BEML.NS","1714375235","20.5835","India"
"5238","Volution Group","FAN.L","1713386091","8.65125","United Kingdom"
"5239","Jubilant Pharmova","JUBLPHARMA.NS","1713083019","10.8158","India"
"5240","Tsubakimoto Chain","6371.T","1712874594","16.9582","Japan"
"5241","Tokai Rika","6995.T","1712176117","19.7463","Japan"
"5242","Chambal Fertilisers","CHAMBLFERT.NS","1710849551","4.27016","India"
"5243","Mach Natural Resources LP","MNR","1709548416","10.24","United States"
"5244","Aica Kogyo Company","4206.T","1709279978","27.0132","Japan"
"5245","Ratio Energies","RATI.TA","1709045275","1.52068","Israel"
"5246","Bayer Crop Science","BAYERCROP.NS","1707593406","37.9954","India"
"5247","Magellan Financial Group","MFG.AX","1705621094","5.82903","Australia"
"5248","Mayora","MYOR.JK","1704737845","0.0773942","Indonesia"
"5249","Neinor Homes","HOME.MC","1704481177","17.7664","Spain"
"5250","Amplitude","AMPL","1703855104","13.64","United States"
"5251","Gujarat Mineral Development","GMDCLTD.NS","1702317001","5.3532","India"
"5252","Vtech","0303.HK","1701392289","6.71706","Hong Kong"
"5253","uniQure","QURE","1700170880","24.51","Netherlands"
"5254","Metsä Board","METSA.HE","1699252914","4.78458","Finland"
"5255","Bora Pharmaceuticals","6472.TW","1698998333","13.3187","Taiwan"
"5256","Ivanhoe Electric","IE","1698040320","10.64","Canada"
"5257","FirstSun Capital Bancorp","FSUN","1697363200","38.62","United States"
"5258","Emami","EMAMILTD.NS","1697101023","3.9279","India"
"5259","Live Oak Bank","LOB","1695831808","36.64","United States"
"5260","Oman Arab Bank","OAB.OM","1695829462","0.846753","Oman"
"5261","Kestra Medical Technologies","KMTS","1695128704","28.46","United States"
"5262","Bellevue Gold","BGL.AX","1695125309","1.13652","Australia"
"5263","RLJ Lodging Trust","RLJ","1693803648","11.06","United States"
"5264","GH Research","GHRS","1693405312","24.67","Ireland"
"5265","Boston Beer Company","SAM","1692080256","162.49","United States"
"5266","Eton Pharmaceuticals","ETON","1691835776","59.19","United States"
"5267","CTS Corporation","CTS","1689955712","59.18","United States"
"5268","Nordic American Tankers","NAT","1689770240","7.98","Bermuda"
"5269","Albany International","AIN","1689672320","59.59","United States"
"5270","Genesis Energy  L.P.","GEL","1689001856","13.82","United States"
"5271","NextDecade Corp","NEXT","1687615744","6.34","United States"
"5272","Aux Electric Co., Ltd.","2580.HK","1687286234","1.06237","China"
"5273","Intellia Therapeutics","NTLA","1685724032","12.03","United States"
"5274","Green Thumb Industries","GTII.CN","1684519861","7.70634","United States"
"5275","Japan Elevator Service Holdings","6544.T","1683988045","9.42018","Japan"
"5276","Devyani International","DEVYANI.NS","1682927959","1.36497","India"
"5277","Strategic Education","STRA","1682888832","75.78","United States"
"5278","Bank Dhofar","BKDB.OM","1681758710","0.553247","Oman"
"5279","Trinity Capital","TRIN","1681757952","17.76","United States"
"5280","Kaga Electronics","8154.T","1681496755","35.2818","Japan"
"5281","MCB Bank Pakistan","MCB.PK","1679733971","1.41743","Pakistan"
"5282","santec Holdings Corporation","6777.T","1678467861","142.722","Japan"
"5283","Macmahon Holdings","MAH.AX","1678370536","0.778831","Australia"
"5284","AVI Limited","AVI.JO","1678152400","5.02917","South Africa"
"5285","Stanmore Resources","SMR.AX","1678089225","1.86167","Australia"
"5286","Realia Business","RLIA.MC","1677320217","1.11111","Spain"
"5287","Sila Realty Trust","SILA","1677119744","30.36","United States"
"5288","Ipsos","IPS.PA","1676588208","40.4308","France"
"5289","Amano Corporation","6436.T","1674316094","24.1741","Japan"
"5290","Sundaram Finance","SUNDARMHLD.NS","1673186158","7.58155","India"
"5291","Great Portland Estates","GPE.L","1671357369","4.14308","United Kingdom"
"5292","Fujimi Incorporated","5384.T","1670730049","22.5217","Japan"
"5293","Tomen Devices Corporation","2737.T","1670510324","245.633","Japan"
"5294","Zydus Wellness","ZYDUSWELL.NS","1670194427","5.24953","India"
"5295","Stoke Therapeutics","STOK","1669939072","25.88","United States"
"5296","Shibaura Mechatronics","6590.T","1668843994","25.4246","Japan"
"5297","Flex LNG","FLNG","1668749824","30.85","Bermuda"
"5298","Faes Farma","FAE.MC","1668507809","5.35714","Spain"
"5299","ANI Pharmaceuticals","ANIP","1668107008","72.62","United States"
"5300","4imprint Group","FOUR.L","1667951305","59.474","United Kingdom"
"5301","Al Masane Al Kobra Mining Company","1322.SR","1667660474","18.8307","Saudi Arabia"
"5302","Byline Bancorp","BY","1667378944","36.9","United States"
"5303","Evertec","EVTC","1666214144","27.04","United States"
"5304","Capri Holdings","CPRI","1666132736","14.66","United Kingdom"
"5305","Nayax","NYAX","1665943680","44.57","Israel"
"5306","MBC Group Co.","4072.SR","1664049950","5.00466","Saudi Arabia"
"5307","Jeudan","JDAN.CO","1663147260","30.0277","Denmark"
"5308","C3 AI","AI","1662463744","10.34","United States"
"5309","SUNeVision","1686.HK","1661054464","0.702933","Hong Kong"
"5310","Bank First","BFC","1660069632","149.75","United States"
"5311","American Assets Trust","AAT","1655396608","21.34","United States"
"5312","Raspberry Pi","RPI.L","1653707842","8.53881","United Kingdom"
"5313","Liberty Latin America","LILA","1653395968","8.44","United States"
"5314","Usiminas","USIM5.SA","1651618106","1.34175","Brazil"
"5315","Genius Sports","GENI","1651258368","6.17","United Kingdom"
"5316","CBL Properties","CBL","1651105536","53.36","United States"
"5317","Eurocommercial Properties","ECMPA.AS","1650595936","29.9887","Netherlands"
"5318","DXC Technology","DXC","1650513792","10.33","United States"
"5319","EDION Corporation","2730.T","1650137940","15.6057","Japan"
"5320","Montea Comm","MONT.BR","1648592490","70.7483","Belgium"
"5321","TriCo Bancshares","TCBK","1647560192","51.54","United States"
"5322","Abu Dhabi National Hotels","ADNH.AE","1646834628","0.13","United Arab Emirates"
"5323","Puuilo","PUUILO.HE","1645884027","19.5692","Finland"
"5324","BGF Retail","282330.KS","1645578998","95.2577","South Korea"
"5325","Sammaan Capital","SAMMAANCAP.NS","1644280805","1.43144","India"
"5326","Saudi Chemical Holding Company","2230.SR","1643953694","1.94966","Saudi Arabia"
"5327","Grainger plc","GRI.L","1643202313","2.21573","United Kingdom"
"5328","OVS S.p.A.","OVS.MI","1642349950","6.79705","Italy"
"5329","Tata Chemicals","TATACHEM.NS","1641927675","6.44509","India"
"5330","Nittetsu Mining","1515.T","1641528130","20.8628","Japan"
"5331","Alignment Healthcare","ALHC","1640812032","7.91","United States"
"5332","Vivendi","VIV.PA","1640650685","1.64512","France"
"5333","Nexa Resources","NEXA","1639590016","12.38","Luxembourg"
"5334","Aevis Victoria","AEVS.SW","1637107044","18.9439","Switzerland"
"5335","Central Securities","CET","1634074240","55.3","United States"
"5336","Toho Holdings","8129.T","1633454041","25.2459","Japan"
"5337","Fine Organics","FINEORG.NS","1629150613","53.1361","India"
"5338","Habib Bank","HBL.PK","1627981647","1.10985","Pakistan"
"5339","Origin Bancorp","OBK","1627320576","52.75","United States"
"5340","Senior plc","SNR.L","1626891439","3.93539","United Kingdom"
"5341","Itochu Enex","8133.T","1626660250","14.4062","Japan"
"5342","Scatec ASA","SCATC.OL","1626430375","10.1762","Norway"
"5343","Taysha Gene Therapies","TSHA","1625909248","4.99","United States"
"5344","VNET Group","VNET","1625589376","5.71","China"
"5345","Nihon Kohden Corporation","6849.T","1625362287","10.1603","Japan"
"5346","Patria Investments","PAX","1623622144","10.06","Cayman Islands"
"5347","Astra Microwave","ASTRAMICRO.NS","1623403240","17.0984","India"
"5348","Forbo Holding","FORN.SW","1622403557","1131.84","Switzerland"
"5349","QCR Holdings","QCRH","1621513216","99.02","United States"
"5350","Machvision Inc.","3563.TW","1621373116","25.3495","Taiwan"
"5351","Redcare Pharmacy","RDC.DE","1621237498","80.6122","Netherlands"
"5352","Global Industrial Company","GIC","1621122816","42.37","United States"
"5353","Progress Software","PRGS","1617550464","39.44","United States"
"5354","IntegraFin","IHP.L","1617001053","4.89444","United Kingdom"
"5355","Cembre S.p.A.","CMB.MI","1616676373","96.1451","Italy"
"5356","Distribution Solutions Group","DSGR","1616627072","34.95","United States"
"5357","EVT Limited","EVT.AX","1616467696","9.92191","Australia"
"5358","Syndax Pharmaceuticals","SNDX","1615803904","18.235","United States"
"5359","Sensirion Holding","SENS.SW","1614971165","103.832","Switzerland"
"5360","Jetblue Airways","JBLU","1614896256","4.28","United States"
"5361","SeSa S.p.A.","SES.MI","1613779684","106.576","Italy"
"5362","Ingles Markets","IMKTA","1613762176","84.96","United States"
"5363","Sansan, Inc.","4443.T","1613204794","12.8686","Japan"
"5364","Nürnberger Versicherung","NBG6.F","1612315085","140.023","Germany"
"5365","Nippon Sheet Glass Company","5202.T","1611412922","3.16452","Japan"
"5366","OceanFirst Financial","OCFC","1611075712","16.67","United States"
"5367","Hangzhou Shunwang Technology","300113.SZ","1609988736","2.38813","China"
"5368","Türkiye Kalkınma","KLNMA.IS","1607989448","0.160799","Turkey"
"5369","SHO-BOND Holdings","1414.T","1607581752","8.01656","Japan"
"5370","Nanobiotix","NBTX","1603961344","31.5","France"
"5371","Burjeel Holdings","BURJEEL.AE","1601579792","0.31","United Arab Emirates"
"5372","Bursa Malaysia","1818.KL","1600724288","1.97791","Malaysia"
"5373","Becamex (Investment and Industrial Development Corporation)","BCM.VN","1600125199","1.54601","Vietnam"
"5374","Spadel","SPA.BR","1599908083","385.488","Belgium"
"5375","Ellington Financial","EFC","1599521536","12.18","United States"
"5376","The Miyazaki Bank","8393.T","1599169191","19.0573","Japan"
"5377","Champion REIT","2778.HK","1597477763","0.25874","Hong Kong"
"5378","SkyWater Technology","SKYT","1597181312","32.46","United States"
"5379","Graphite India","GRAPHITE.NS","1596917595","8.17358","India"
"5380","Ourpalm","300315.SZ","1595325710","0.5892","China"
"5381","OdontoPrev","ODPV3.SA","1593697043","2.92371","Brazil"
"5382","Perella Weinberg Partners","PWP","1593281408","16.37","United States"
"5383","Nazara Technologies","NAZARA.NS","1593013465","4.14097","India"
"5384","Dana Gas","DANA.AE","1590506993","0.23","United Arab Emirates"
"5385","PILLAR Corporation","6490.T","1589832889","69.5428","Japan"
"5386","The Oita Bank","8392.T","1589322359","20.9904","Japan"
"5387","Immunocore","IMCR","1588732288","30.85","United Kingdom"
"5388","Lucid Motors","LCID","1588345216","4.07","United States"
"5389","Global Ship Lease","GSL","1586640000","44.03","United Kingdom"
"5390","HomeCo Daily Needs REIT","HDN.AX","1585726099","0.757914","Australia"
"5391","Burkhalter Holding","BRKN.SW","1584895830","148.674","Switzerland"
"5392","Rapport Therapeutics","RAPP","1584243072","33.02","United States"
"5393","Paradox Interactive","PDX.ST","1583968947","15.1597","Sweden"
"5394","One Software Technologies","ONE.TA","1580429245","21.4588","Israel"
"5395","Virgin Australia","VGN.AX","1580274809","2.01506","Australia"
"5396","NS United Kaiun Kaisha","9110.T","1580173691","67.0546","Japan"
"5397","National Bank of Umm Al Qaiwain","NBQ.AE","1579090620","0.79","United Arab Emirates"
"5398","Wolverine World Wide","WWW","1578956288","19.24","United States"
"5399","Natco Pharma","NATCOPHARM.NS","1578485681","8.65493","India"
"5400","Simplex Holdings","4373.T","1578186450","7.04998","Japan"
"5401","Jungfraubahn Holding AG","JFN.SW","1577548614","270.371","Switzerland"
"5402","Wealthfront Corporation","WLTH","1577382144","10.1","United States"
"5403","Weibo","WB","1577217920","6.42","China"
"5404","Guaranty Trust Bank","9JO.F","1576660743","2.67857","Nigeria"
"5405","Métropole Télévision (Groupe M6)","MMT.PA","1575551368","12.5397","France"
"5406","Punjab &amp; Sind Bank","PSB.NS","1575400239","0.222025","India"
"5407","Saudia Dairy &amp; Foodstuff Company","2270.SR","1574785213","49.2742","Saudi Arabia"
"5408","Hornbach Holding","HBH.DE","1574502987","98.4127","Germany"
"5409","D/S Norden (Dampskibsselskabet Norden)","DNORD.CO","1574403733","57.5986","Denmark"
"5410","CenturyPly","CENTURYPLY.NS","1574284700","7.08585","India"
"5411","Goosehead Insurance","GSHD","1572123136","43.99","United States"
"5412","PAL GROUP Holdings","2726.T","1572075560","9.08522","Japan"
"5413","Global Partners LP","GLP","1571946624","46.44","United States"
"5414","Hawaiian Electric Industries","HE","1571038848","9.08","United States"
"5415","Volex plc","VLX.L","1568849679","8.57188","United Kingdom"
"5416","Aura Investments","AURA.TA","1568130742","5.51937","Israel"
"5417","Ambiq Micro","AMBQ","1567399680","64.81","United States"
"5418","Befesa","BFSA.DE","1566893372","39.1723","Luxembourg"
"5419","Omnicell","OMCL","1565046784","34.31","United States"
"5420","Landis+Gyr","LAND.SW","1564134274","58.7502","Switzerland"
"5421","Borregaard","BRG.OL","1563036202","15.6861","Norway"
"5422","Helix Energy Solutions","HLX","1562253952","10.6","United States"
"5423","Abu Dhabi Aviation","ADAVIATION.AE","1561932531","1.42","United Arab Emirates"
"5424","Opera","OPRA","1561389184","17.56","Norway"
"5425","Avalon Technologies","AVALON.NS","1560633472","23.334","India"
"5426","NCAB Group AB","NCAB.ST","1560337130","8.34533","Sweden"
"5427","BASF India","BASF.NS","1559464503","36.0273","India"
"5428","Tsugami Corporation","6101.T","1559453218","33.6868","Japan"
"5429","M.Yochananof and Sons","YHNF.TA","1556819727","107.457","Israel"
"5430","Uranium Royalty","UROY","1554754688","4.08","Canada"
"5431","PetroVietnam Power","POW.VN","1553414349","0.506353","Vietnam"
"5432","MM Group (Mayr-Melnhof AG)","MYM.F","1553156448","79.932","Austria"
"5433","Carabao Group","CBG.BK","1551312567","1.55131","Thailand"
"5434","Pigeon","7956.T","1551284633","12.9866","Japan"
"5435","Telia Lietuva","ZWS.F","1551256910","2.58503","Lithuania"
"5436","Anterix","ATEX","1549957504","79.04","United States"
"5437","HIAG Immobilien","HIAG.SW","1547829943","152.99","Switzerland"
"5438","Avio S.p.A.","AVIO.MI","1547127967","33.5147","Italy"
"5439","KSB ltd","KSB.NS","1546461091","8.8857","India"
"5440","TPBank (Tien Phong Commercial Joint Stock Bank)","TPB.VN","1543514854","0.556411","Vietnam"
"5441","SÜSS MicroTec","SMHN.DE","1543113672","80.7256","Germany"
"5442","Inhibrx Biosciences","INBX","1542852352","104.83","United States"
"5443","Kuwait Real Estate Company (AQARAT)","KRE.KW","1542391512","1199.61","Kuwait"
"5444","Public Property Invest AS","PUBLI.OL","1541684920","1.64152","Norway"
"5445","Tecnoglass","TGLS","1541670400","34.75","Colombia"
"5446","Sally Beauty Holdings","SBH","1541022720","16.46","United States"
"5447","Clariane","CLARI.PA","1539330126","4.30839","France"
"5448","Furuno Electric Co., Ltd.","6814.T","1538716333","48.68","Japan"
"5449","Sotetsu Holdings","9003.T","1538684138","16.0331","Japan"
"5450","Gens Aurea","OROX.MI","1536757355","15.2154","Italy"
"5451","Kosmos Energy","KOS","1536358144","2.58","United States"
"5452","Syngene International","SYNGENE.NS","1535701729","3.81538","India"
"5453","Telkom SA","TKG.JO","1535525400","3.1081","South Africa"
"5454","Romande Energie","REHN.SW","1535091944","59.8293","Switzerland"
"5455","MITSUI-SOKO HOLDINGS Co., Ltd.","9302.T","1534858090","20.5183","Japan"
"5456","Marksans Pharma","MARKSANS.NS","1533287317","3.38352","India"
"5457","Infortar","INF1T.TL","1533059142","74.3764","Estonia"
"5458","BlackLine","BL","1532763520","26.37","United States"
"5459","Nationwide Building Society","NBS.L","1532538593","167.998","United Kingdom"
"5460","Metro Bank Holdings","MTRO.L","1529090707","2.26996","United Kingdom"
"5461","BlueNord ASA","BNOR.OL","1528570241","59.7864","Norway"
"5462","CIE Automotive India","CIEINDIA.NS","1527449301","4.02636","India"
"5463","KFin Technologies","KFINTECH.NS","1526904590","8.83257","India"
"5464","Breedon Group","BREE.L","1525260663","4.39441","United Kingdom"
"5465","Innoviva","INVA","1525102336","21.11","United States"
"5466","Arvind","ARVIND.NS","1523886746","5.60169","India"
"5467","Nakanishi","7716.T","1523012518","9.30853","Japan"
"5468","Osaka Soda","4046.T","1522985131","12.6325","Japan"
"5469","Hemab Therapeutics Holdings","COAG","1522814848","32.6","United States"
"5470","Kinepolis Group","KIN.BR","1522426870","56.9161","Belgium"
"5471","Sparebanken Vest","SVEG.OL","1522353635","13.8817","Norway"
"5472","Fluence Energy","FLNC","1522263040","7.82","United States"
"5473","Kagome Co., Ltd.","2811.T","1522209928","16.837","Japan"
"5474","Revolve Group","RVLV","1521986432","21.27","United States"
"5475","Americas Gold and Silver Corp","USAS","1521709184","4.5","Canada"
"5476","Safety Insurance","SAFT","1521338368","103.63","United States"
"5477","Kennedy Wilson","KW","1521191808","10.92","United States"
"5478","Vesuvius plc","VSVS.L","1520908433","6.17758","United Kingdom"
"5479","Mixi","2121.T","1520876216","23.2873","Japan"
"5480","ConnectOne Bancorp","CNOB","1520162048","30.21","United States"
"5481","Hokuriku Electric Power Company","9505.T","1518760610","7.27009","Japan"
"5482","Safestore","SAFE.L","1518366753","6.95143","United Kingdom"
"5483","Concentrix","CNXC","1518136576","24.88","United States"
"5484","Taikisha","1979.T","1517762652","24.1486","Japan"
"5485","Black Box","BBOX.NS","1517309248","8.54345","India"
"5486","Cogeco","CCA.TO","1516791995","36.1015","Canada"
"5487","Bonesupport Holding AB","BONEX.ST","1516163753","23.2348","Sweden"
"5488","Israel Canada (T.R) Ltd","ISCN.TA","1516111143","4.44481","Israel"
"5489","JAPAN MATERIAL Co., Ltd.","6055.T","1515993985","14.7507","Japan"
"5490","Inabata &amp; Co.,Ltd.","8098.T","1515583282","28.3913","Japan"
"5491","Londian Wason New Energy Tech Inc.","FOIL","1515492096","19.39","China"
"5492","Nerolac Paints","KANSAINER.NS","1515064343","1.8731","India"
"5493","Godawari Power &amp; Ispat","GPIL.NS","1512944221","2.32496","India"
"5494","Kemper","KMPR","1511968128","25.66","United States"
"5495","Tyra Biosciences","TYRA","1511255424","21.98","United States"
"5496","Ultragenyx Pharmaceutical","RARE","1510381440","15.32","United States"
"5497","East Pipes Integrated Company for Industry","1321.SR","1510187844","47.9425","Saudi Arabia"
"5498","Sienna Senior Living","SIA.TO","1509426006","14.2222","Canada"
"5499","Deterra Royalties","DRR.AX","1509062652","2.83782","Australia"
"5500","Saudi Real Estate Company (Al Akaria)","4020.SR","1508190301","4.02184","Saudi Arabia"
"5501","Implenia AG","IMPN.SW","1507959701","81.6508","Switzerland"
"5502","HawkEye 360","HAWK","1506710144","15.38","United States"
"5503","National Company for Learning and Education","4291.SR","1506059388","35.0246","Saudi Arabia"
"5504","AnaptysBio","ANAB","1505823360","50.37","United States"
"5505","Peugeot Invest Société anonyme","PEUG.PA","1505489656","60.6576","France"
"5506","Robertet","CBE.PA","1503317284","716.553","France"
"5507","Dom Development","DOM.WA","1503123521","58.2642","Poland"
"5508","Innovative Industrial Properties","IIPR","1502914176","54.51","United States"
"5509","Azenta","AZTA","1501751680","34.28","United States"
"5510","Killam Apartment REIT","KMP-UN.TO","1501302896","12.2358","Canada"
"5511","Maze Therapeutics","MAZE","1500938496","27.02","United States"
"5512","PowerX, Inc.","485A.T","1500135986","12.9196","Japan"
"5513","Arcos Dorados Holdings","ARCO","1499920896","7.12","Uruguay"
"5514","Koh Young Technology","098460.KQ","1498835175","22.6541","South Korea"
"5515","Atrium Ljungberg","ATRLJ-B.ST","1498464482","2.37652","Sweden"
"5516","Action Construction Equipment","ACE.NS","1498327673","12.588","India"
"5517","Derichebourg","DBG.PA","1495821592","9.44444","France"
"5518","Esentia Energy Systems","ESENTIAII.MX","1495684645","2.80082","Mexico"
"5519","Keystone Infra","KSTN.TA","1495092802","6.94236","Israel"
"5520","Energizer Holdings","ENR","1494091520","21.82","United States"
"5521","Ardent Health","ARDT","1492265600","10.58","United States"
"5522","ICF International","ICFI","1490664448","83.12","United States"
"5523","TF1","TFI.PA","1490451833","7.07483","France"
"5524","Delta Galil Industries","DELG.TA","1489433794","56.7568","Israel"
"5525","Pearl Abyss","263750.KQ","1489363000","24.4222","South Korea"
"5526","Wolfspeed","WOLF","1488936832","28.13","United States"
"5527","WEBTOON Entertainment","WBTN","1488750464","10.97","United States"
"5528","AEON REIT Investment","3292.T","1487673054","707.55","Japan"
"5529","Nohmi Bosai Ltd.","6744.T","1487176113","25.2651","Japan"
"5530","Pathward Financial","CASH","1486749568","71.57","United States"
"5531","Nikkiso Co., Ltd.","6376.T","1486455684","22.745","Japan"
"5532","Capital Southwest Corporation","CSWC","1486273792","23.32","United States"
"5533","Deutsche EuroShop","DEQ.F","1485678681","19.6145","Germany"
"5534","DCM Shriram","DCMSHRIRAM.NS","1484334528","9.58533","India"
"5535","TOMONY Holdings","8600.T","1483887250","7.71989","Japan"
"5536","Oki Electric Industry Co., Ltd.","6703.T","1482124855","17.0858","Japan"
"5537","Nippon Shinyaku","4516.T","1481428783","21.9794","Japan"
"5538","Modern Times Group (MTG)","MTG-B.ST","1480762240","12.508","Sweden"
"5539","AGI Inc (Agibank)","AGBK","1480239616","5.67","Brazil"
"5540","Yoshinoya Holdings Co., Ltd.","9861.T","1480145350","23.1022","Japan"
"5541","Cymbria","CYB.TO","1479974853","67.9764","Canada"
"5542","Hokkaido Electric Power Company","9509.T","1479158471","7.2031","Japan"
"5543","DeNA","2432.T","1479119063","15.9885","Japan"
"5544","Advanced Petrochemical","2330.SR","1477536303","5.71581","Saudi Arabia"
"5545","Comforia Residential REIT","3282.T","1477127954","604.193","Japan"
"5546","Bittium","BITTI.HE","1477098618","41.5533","Finland"
"5547","Aluar Aluminio Argentino","ALUA.BA","1474167665","0.526488","Argentina"
"5548","OCI Holdings Company","010060.KS","1474087860","164.657","South Korea"
"5549","Atresmedia Corporación de Medios de Comunicación, S.A.","A3M.MC","1473105947","6.54195","Spain"
"5550","Qisda Corporation","2352.TW","1472028204","0.931365","Taiwan"
"5551","Flight Centre Travel Group Limited","FLT.AX","1471720781","7.24097","Australia"
"5552","Antin Infrastructure Partners","ANTIN.PA","1469832804","8.23129","France"
"5553","Huntsman Corporation","HUN","1469672832","8.38","United States"
"5554","Nomad Foods","NOMD","1469205248","10.51","United Kingdom"
"5555","Seera Holding Group","1810.SR","1468903283","5.36956","Saudi Arabia"
"5556","Sanlorenzo","SL.MI","1468240786","41.4286","Italy"
"5557","Grand City Properties","GYC.DE","1467713693","8.33333","Luxembourg"
"5558","Comer Industries","COM.MI","1466922038","51.2472","Italy"
"5559","Econergy Renewable Energy","ECNR.TA","1466157718","19.0036","Israel"
"5560","EL.En. S.p.A. (Elen Group)","ELN.MI","1465960006","18.2766","Italy"
"5561","Cloetta","CLA-B.ST","1465760783","5.09826","Sweden"
"5562","Globant","GLOB","1465514112","33.94","Luxembourg"
"5563","Ahlibank","ABOB.OM","1464917064","0.527273","Oman"
"5564","Amara Raja Energy &amp; Mobility","ARE&M.NS","1464221880","8.0001","India"
"5565","Kelt Exploration","KEL.TO","1462636007","7.2062","Canada"
"5566","United Parks &amp; Resorts","PRKS","1459083264","32.18","United States"
"5567","ArriVent BioPharma","AVBP","1456550272","29.54","United States"
"5568","Corbion","CRBN.AS","1456330256","25.2608","Netherlands"
"5569","Atlas Energy Solutions","AESI","1456290176","11.65","United States"
"5570","Corsair Gaming","CRSR","1456061824","13.46","United States"
"5571","QNB Finans Finansal Kiralama (QNB Finansleasing)","QNBFK.IS","1455352882","0.727676","Turkey"
"5572","NTN Corporation","6472.T","1454992443","2.4474","Japan"
"5573","MPC Container Ships","MPCC.OL","1454930789","2.98099","Norway"
"5574","Misto Holdings (Fila)","081660.KS","1454499820","27.627","South Korea"
"5575","Wizz Air","WIZZ.L","1453043677","14.0351","Jersey"
"5576","M.P. Evans Group PLC","MPE.L","1452943439","27.9777","United Kingdom"
"5577","Pegasus Airlines","PGSUS.IS","1452904073","2.90581","Turkey"
"5578","Xanadu Quantum Technologies Limited","XNDU","1451956096","4.77","Canada"
"5579","PORR","ABS2.F","1449554238","36.9048","Austria"
"5580","Thai Union Group","TU.BK","1449110403","0.375895","Thailand"
"5581","Pagaya Technologies","PGY","1449106944","17.37","Israel"
"5582","Lapidoth Capital","LAPD.TA","1449085661","24.3178","Israel"
"5583","Mori Hills REIT Investment","3234.T","1448504719","770.713","Japan"
"5584","Nolato AB","NOLA-B.ST","1447500514","5.37343","Sweden"
"5585","Cardinal Energy","CJ.TO","1447219672","8.25579","Canada"
"5586","B.Grimm Power","BGRIM.BK","1446549548","0.554893","Thailand"
"5587","KPIT Technologies","KPITTECH.NS","1446224745","5.31256","India"
"5588","Adecoagro","AGRO","1445965952","10.02","Luxembourg"
"5589","Eramet","ERA.PA","1445908270","50.4535","France"
"5590","Brim hf.","BRIM.IC","1445686849","0.750832","Iceland"
"5591","Friedrich Vorwerk Group","VH2.DE","1443310683","72.1655","Germany"
"5592","Lakeland Financial Corp","LKFN","1442997632","58.05","United States"
"5593","Top Glove","BVA.SI","1442979994","0.179964","Malaysia"
"5594","ADI Global Distribution","ADIG","1442540800","19","United States"
"5595","J&amp;J Snack Foods","JJSF","1442406912","77.21","United States"
"5596","Lyntris Inc.","LYNX","1440091392","12.42","United States"
"5597","Goodyear","GT","1439493760","5","United States"
"5598","Phibro Animal Health","PAHC","1439326848","35.45","United States"
"5599","Atoss","AOF.F","1439138928","90.4762","Germany"
"5600","Savers Value Village","SVV","1438872576","9.39","United States"
"5601","Nutex Health","NUTX","1438759168","210.1","United States"
"5602","Wüstenrot &amp; Württembergische","WUW.F","1438132488","15.3741","Germany"
"5603","Spin Master","TOY.TO","1437753069","14.3749","Canada"
"5604","KalVista Pharmaceuticals","KALV","1437504000","27","United States"
"5605","i-80 Gold","IAUX","1437396736","1.66","United States"
"5606","Dis-Chem Pharmacies","DCP.JO","1436914300","1.67842","South Africa"
"5607","Triumph Financial","TFIN","1436778496","60.13","United States"
"5608","Tabcorp","TAH.AX","1435005792","0.625436","Australia"
"5609","Healthcare Services Group","HCSG","1434412928","20.9","United States"
"5610","Osotspa","OSP.BK","1433770810","0.477327","Thailand"
"5611","Sopharma","3JR.F","1431923327","2.70975","Bulgaria"
"5612","Idorsia","IDIA.SW","1431669373","5.32109","Switzerland"
"5613","Happinet","7552.T","1431428201","33.0488","Japan"
"5614","Savaria Corporation","SIS.TO","1431150988","19.8435","Canada"
"5615","Kumho Tire","073240.KS","1430619159","4.98022","South Korea"
"5616","Alkami Technology","ALKT","1429814272","13.37","United States"
"5617","Nipro Corporation","8086.T","1428693040","8.75984","Japan"
"5618","Tokai Tokyo Financial Holdings","8616.T","1426663777","5.62084","Japan"
"5619","Esquire Financial Holdings","ESQ","1426161920","117.82","United States"
"5620","Kailera Therapeutics","KLRA","1424784000","10.99","United States"
"5621","Kuwait International Bank","KIB.KW","1424558271","815.995","Kuwait"
"5622","Glory Ltd.","6457.T","1421454991","27.8107","Japan"
"5623","NSD Co., Ltd.","9759.T","1421327359","18.7925","Japan"
"5624","Tsakos Energy Navigation","TEN","1421118976","47.17","Greece"
"5625","Nextage Co Ltd","3186.T","1420917597","18.1258","Japan"
"5626","National Industrialization Company (Saudi Arabia)","2060.SR","1419961291","2.12279","Saudi Arabia"
"5627","Pharma Mar","PHM.MC","1419210983","82.0862","Spain"
"5628","Crompton Greaves Consumer Electricals","CROMPTON.NS","1418920497","2.20358","India"
"5629","MasterBrand","MBC","1418328704","6.97","United States"
"5630","Kontron AG","KTN.F","1417392280","23.1066","Austria"
"5631","Ngern Tid Lor","TIDLOR.BK","1416164364","0.492243","Thailand"
"5632","Ship Healthcare Holdings","3360.T","1415735675","15.6089","Japan"
"5633","EverCommerce","EVCM","1415088640","8.01","United States"
"5634","The Pennant Group","PNTG","1414627456","40.5","United States"
"5635","FMC Corporation","FMC","1413913216","9.09","United States"
"5636","Stepan Company","SCL","1413736576","62.19","United States"
"5637","Navigator Holdings","NVGS","1413726976","22.99","United Kingdom"
"5638","American Superconductor Corporation","AMSC","1413057408","29.17","United States"
"5639","REX American Resources","REX","1412950528","42.59","United States"
"5640","Certara","CERT","1412509184","9.26","United States"
"5641","Pilot Corporation","7846.T","1411959906","13.446","Japan"
"5642","TriMas","TRS","1409843200","39.3","United States"
"5643","Richelieu Hardware","RCH.TO","1409558850","25.6338","Canada"
"5644","Digital Turbine","APPS","1409234304","11.645","United States"
"5645","Starts Corporation","8850.T","1406331219","29.6673","Japan"
"5646","Alpha Tau Medical","DRTS","1404743040","15.19","Israel"
"5647","Frontier Airlines","ULCC","1403165056","6.095","United States"
"5648","Nishi-Nippon Railroad","9031.T","1402971066","18.5724","Japan"
"5649","Zigup","ZIG.L","1401568868","6.18419","United Kingdom"
"5650","Dorchester Minerals","DMLP","1401559680","28.55","United States"
"5651","Newsmax","NMAX","1401393024","10.85","United States"
"5652","Amalgamated Financial","AMAL","1400821888","46.85","United States"
"5653","CONMED","CNMD","1398423680","46.69","United States"
"5654","Interroll","INRN.SW","1397256980","1673.78","Switzerland"
"5655","Peoples Bancorp","PEBO","1397077760","38.87","United States"
"5656","Salvatore Ferragamo","SFER.MI","1396436126","8.47506","Italy"
"5657","Diagnostyka S.A.","DIA.WA","1395591751","41.3429","Poland"
"5658","Hino Motors","7205.T","1394702921","2.42961","Japan"
"5659","Tompkins Financial","TMP","1394566400","96.96","United States"
"5660","Europris","EPR.OL","1394392043","8.52008","Norway"
"5661","NP3 Fastigheter AB","NP3.ST","1393832788","22.6145","Sweden"
"5662","Omeros Corporation","OMER","1393475200","19.25","United States"
"5663","Amprius Technologies","AMPX","1392148352","9.53","United States"
"5664","Beach Energy","BPT.AX","1391833059","0.610096","Australia"
"5665","Icade","ICAD.PA","1391333541","18.356","France"
"5666","Olaplex","OLPX","1391282176","2.07","United States"
"5667","BinDawood","4161.SR","1391266653","1.21721","Saudi Arabia"
"5668","Cheil Worldwide Inc.","030000.KS","1390803928","13.7324","South Korea"
"5669","Fresh Del Monte Produce","FDP","1390188416","29.22","Cayman Islands"
"5670","Perpetual Limited","PPT.AX","1389875664","12.0137","Australia"
"5671","Japan Display","6740.T","1387969282","0.325384","Japan"
"5672","CEAT","CEATLTD.NS","1386842136","34.2853","India"
"5673","SHIFT Inc.","3697.T","1386814840","5.42561","Japan"
"5674","ORIC Pharmaceuticals","ORIC","1385836032","13.37","United States"
"5675","Edelweiss Financial Services","EDELWEISS.NS","1385577147","1.46385","India"
"5676","Playtech","PTEC.L","1384903182","4.98439","Isle of Man"
"5677","Burke & Herbert Financial Services","BHRB","1383821056","68.55","United States"
"5678","China Everbright Limited","0165.HK","1383309874","0.820832","Hong Kong"
"5679","Hillman Solutions","HLMN","1383214976","7.11","United States"
"5680","JBM Auto","JBMA.NS","1382178124","5.84445","India"
"5681","Klöckner &amp; Co","KCO.DE","1382023791","13.8549","Germany"
"5682","Al Yah Satellite Communications Company","YAHSAT.AE","1381741539","0.57","United Arab Emirates"
"5683","SM Entertainment","041510.KQ","1379716444","60.2636","South Korea"
"5684","Intercos","ICOS.MI","1377086503","14.8073","Italy"
"5685","WIN Semiconductors","3105.TWO","1376068834","17.0253","Taiwan"
"5686","Kerry Logistics Network","0636.HK","1374168830","0.760289","Hong Kong"
"5687","United Fire Group","UFCS","1373246336","53.525","United States"
"5688","MillerKnoll","MLKN","1373243776","19.96","United States"
"5689","Barloworld","BAW.JO","1372922800","7.36393","South Africa"
"5690","Ingenia Communities Group","INA.AX","1372630739","3.36773","Australia"
"5691","Future Corporation","4722.T","1372531707","15.4781","Japan"
"5692","Bank of Sharjah","BOS.AE","1372362190","0.46","United Arab Emirates"
"5693","Fox-Wizel","FOX.TA","1371821012","98.6649","Israel"
"5694","Kardigan, Inc.","KARD","1370764160","14.66","United States"
"5695","Takuma Co., Ltd.","6013.T","1370651088","19.0764","Japan"
"5696","Vistance Networks","VISN","1369920896","5.94","United States"
"5697","Zug Estates Holding","ZUGN.SW","1369718502","2685.72","Switzerland"
"5698","Trisura Group","TSU.TO","1368386709","28.9823","Canada"
"5699","Dar Global","DAR.L","1368164224","7.6","United Kingdom"
"5700","V-Guard Industries","VGUARD.NS","1366706955","3.12826","India"
"5701","Domino's Pizza Enterprises (Australia)","DMP.AX","1366172817","14.4192","Australia"
"5702","Pursuit Attractions and Hospitality","PRSU","1365934208","50.1","United States"
"5703","PCBL Limited","PCBL.NS","1365517672","3.47051","India"
"5704","Ramkrishna Forgings","RKFORGE.NS","1364950258","7.36976","India"
"5705","PM Capital Global Opportunities Fund","PGF.AX","1364162319","2.24167","Australia"
"5706","Gallantt Ispat","GALLANTT.NS","1363772754","5.65222","India"
"5707","Vizsla Silver","VZLA","1363418368","3.84","Canada"
"5708","Elang Mahkota Teknologi","EMTK.JK","1362639342","0.0222717","Indonesia"
"5709","Okamura Corporation","7994.T","1361462279","14.3807","Japan"
"5710","Varroc","VARROC.NS","1359162514","8.89508","India"
"5711","Dürr","DUE.F","1357364926","19.6145","Germany"
"5712","Liquidity Services","LQDT","1356972416","43.31","United States"
"5713","Great Eagle","0041.HK","1356956070","1.80991","Hong Kong"
"5714","VA Tech Wabag","WABAG.NS","1356154143","21.7014","India"
"5715","Greenfire Resources","GFR","1355933184","5.64","Canada"
"5716","ChemoMetec","CHEMM.CO","1355168156","78.7848","Denmark"
"5717","Fukuyama Transporting","9075.T","1355067379","38.4718","Japan"
"5718","The Monogatari Corporation","3097.T","1354835633","35.2818","Japan"
"5719","LOTTE Corporation","004990.KS","1354686005","17.6444","South Korea"
"5720","InterRent Real Estate Investment Trust","IIP-UN.TO","1354532673","9.53783","Canada"
"5721","Sun Corp","6736.T","1354283709","62.9075","Japan"
"5722","AMN Healthcare Services","AMN","1353613312","34.95","United States"
"5723","Community Trust Bancorp","CTBI","1353512576","74.5","United States"
"5724","Bradespar","BRAP3.SA","1353124124","3.44222","Brazil"
"5725","Norwegian Air Shuttle","NAS.OL","1352936727","1.2853","Norway"
"5726","Sylvamo","SLVM","1352643456","34.02","United States"
"5727","Companhia Siderúrgica Nacional","SID","1352615808","1.02","Brazil"
"5728","Vedant Fashions","MANYAVAR.NS","1351462734","5.5621","India"
"5729","Siam City Cement (INSEE)","SCCC.BK","1351312661","4.53461","Thailand"
"5730","FuelCell Energy","FCEL","1351225856","16.9","United States"
"5731","DFDS A/S","DFDS.CO","1350834965","25.0079","Denmark"
"5732","Minera Valparaíso","MINERA.SN","1350478213","10.8038","Chile"
"5733","Bytes Technology","BYIT.L","1350227822","5.86804","United Kingdom"
"5734","CATRION Catering Holding Company","6004.SR","1349740309","16.4602","Saudi Arabia"
"5735","Westamerica Bancorporation","WABC","1348997888","58.37","United States"
"5736","Everforth","EFOR","1348900096","32.9","United States"
"5737","South Indian Bank","SOUTHBANK.NS","1346869052","0.51417","India"
"5738","Ingersoll Rand India","INGERRAND.NS","1343892944","42.5714","India"
"5739","H&amp;K AG (Heckler &amp; Koch)","MLHK.PA","1343679085","37.8685","Germany"
"5740","freee K.K.","4478.T","1342690266","22.6493","Japan"
"5741","Colowide","7616.T","1342573610","12.6294","Japan"
"5742","Cricut","CRCT","1342538624","6.41","United States"
"5743","LuxExperience","LUXE","1342515200","9.61","Germany"
"5744","Arhaus","ARHS","1340971392","9.46","United States"
"5745","Noritsu Koki","7744.T","1339985001","12.8112","Japan"
"5746","Create SD Holdings","3148.T","1339543357","20.7352","Japan"
"5747","Bega Cheese","BGA.AX","1339092009","4.38223","Australia"
"5748","Électricite de Strasbourg","ELEC.PA","1337960301","186.621","France"
"5749","Arlo Technologies","ARLO","1337633408","12.43","United States"
"5750","GenusPlus Group Limited","GNP.AX","1337250815","6.56812","Australia"
"5751","Cham Swiss Properties AG","CHAM.SW","1336951459","27.3368","Switzerland"
"5752","Aditya Birla Real Estate","ABREL.NS","1336196920","12.0838","India"
"5753","Mitra Keluarga","MIKA.JK","1335688953","0.0960468","Indonesia"
"5754","P3 Health Partners","PIII","1332773888","6.54","United States"
"5755","Industrie De Nora","DNR.MI","1331754187","6.70068","Italy"
"5756","Serica Energy","SQZ.L","1330289243","3.39436","United Kingdom"
"5757","Forestar Group","FOR","1329287552","26.06","United States"
"5758","Jamieson Wellness","JWEL.TO","1328367065","32.0158","Canada"
"5759","Tessenderlo Group","TESB.BR","1328344482","22.517","Belgium"
"5760","Banpu Public Company","BANPU.BK","1327472646","0.435561","Thailand"
"5761","POET Technologies","POET","1327355520","7.67","Canada"
"5762","Atlanticus","ATLC","1327074944","87.48","United States"
"5763","EXEDY Corporation","7278.T","1326804149","37.0682","Japan"
"5764","Gamma Communications","GAMA.L","1326627674","14.8817","United Kingdom"
"5765","Megmilk Snow Brand","2270.T","1326527351","22.2665","Japan"
"5766","TS TECH","7313.T","1326354874","11.3565","Japan"
"5767","Muninova Holdings","547A.T","1326318079","2.76895","Japan"
"5768","SBS Holdings","2384.T","1325280608","33.3678","Japan"
"5769","Hays plc","HAS.L","1323963829","0.843299","United Kingdom"
"5770","Adient","ADNT","1323754240","17.17","Ireland"
"5771","Boost Run","BRUN","1323465856","16.65","United States"
"5772","Austal Limited","ASB.AX","1322844434","3.13415","Australia"
"5773","PFISTERER Holding SE","PFSE.DE","1321239612","73.0159","Germany"
"5774","National Medical Care Company","4005.SR","1321238498","29.5645","Saudi Arabia"
"5775","UMH Properties","UMH","1320915200","15.47","United States"
"5776","Boxabl Inc.","BXBL","1320688896","3.74","United States"
"5777","Canfor","CFP.TO","1319209755","11.2425","Canada"
"5778","Gulf Insurance Group","GINS.KW","1318321701","4632.64","Kuwait"
"5779","Rai Way","RWAY.MI","1318167902","4.9093","Italy"
"5780","Heiwa Corporation","6412.T","1316384800","13.3471","Japan"
"5781","Oil-Dri Corporation Of America","ODC","1314205440","90.76","United States"
"5782","Derayah Financial Company","4084.SR","1314117954","5.37488","Saudi Arabia"
"5783","Bilia AB","BILI-A.ST","1312538733","14.3091","Sweden"
"5784","Agilon Health","AGL","1312233088","78.15","United States"
"5785","Exzeo Group","XZO","1310750208","14.55","United States"
"5786","Almoosa Health Company","4018.SR","1309814263","29.5645","Saudi Arabia"
"5787","Boubyan Petrochemical Company","BPCC.KW","1309673378","2337.45","Kuwait"
"5788","Sarana Menara Nusantara","TOWR.JK","1309436487","0.0224944","Indonesia"
"5789","Shoals Technologies","SHLS","1307690624","7.77","United States"
"5790","CVR Partners","UAN","1307569920","123.71","United States"
"5791","Reit 1 Ltd","RIT1.TA","1305519682","6.44741","Israel"
"5792","SHIFT UP","462870.KS","1304931813","22.6909","South Korea"
"5793","Herbalife","HLF","1303753984","12.44","United States"
"5794","Pasqal Holding SA","PSQL","1303483264","6.14","France"
"5795","Elementis","ELM.L","1303048945","2.30435","United Kingdom"
"5796","Immatics","IMTX","1303046656","8.56","Germany"
"5797","Ricoh Leasing Company","8566.T","1301903685","42.2361","Japan"
"5798","Spire Healthcare Group","SPI.L","1300951818","3.24753","United Kingdom"
"5799","Pakistan Tobacco Company","PAKT.PK","1300356732","5.08958","Pakistan"
"5800","First Mid Bancshares","FMBH","1300301440","48.88","United States"
"5801","Toenec Corporation","1946.T","1299372464","13.9022","Japan"
"5802","VIEL &amp; Cie","VIL.PA","1299130007","20.9977","France"
"5803","Adtran Networks","ADV.DE","1298411495","24.9433","Germany"
"5804","HBT Financial","HBT","1297888640","35.69","United States"
"5805","Lendlease","LLC.AX","1296796319","1.87561","Australia"
"5806","National Vision Holdings","EYE","1295155328","16.38","United States"
"5807","Quantum Corporation","QMCO","1295012608","32.86","United States"
"5808","JSW Holdings","JSWHL.NS","1294625039","116.649","India"
"5809","Integra LifeSciences","IART","1294134400","16.64","United States"
"5810","Asiana Airlines","020560.KS","1293925345","6.28421","South Korea"
"5811","Redox Limited","RDX.AX","1292384148","2.4613","Australia"
"5812","Betsson AB","BETS-B.ST","1292314610","9.5511","Sweden"
"5813","Isras Investment Company","ISRS.TA","1292165835","264.083","Israel"
"5814","ProAssurance","PRA","1290193152","25","United States"
"5815","Sipef","SIP.BR","1289137155","123.356","Belgium"
"5816","East India Distilleries Parry","EIDPARRY.NS","1286461290","7.22911","India"
"5817","U.S. Physical Therapy, Inc.","USPH","1285590400","86.15","United States"
"5818","u-blox","UBXN.SW","1284949029","166.427","Switzerland"
"5819","China Lesso Group","2128.HK","1284079616","0.415514","China"
"5820","Izumi Co., Ltd.","8273.T","1283451538","6.10573","Japan"
"5821","Laurentian Bank of Canada","LB.TO","1283265777","28.6487","Canada"
"5822","Musashi Seimitsu Industry","7220.T","1281646808","19.5549","Japan"
"5823","Yodogawa Steel Works","5451.T","1281347431","8.94486","Japan"
"5824","Noritake","5331.T","1281132097","23.2873","Japan"
"5825","Two Harbors Investment","TWO","1280541440","12.18","United States"
"5826","Inox Wind","INOXWIND.NS","1279342581","0.740258","India"
"5827","Morinaga &amp; Company","2201.T","1279322663","15.2356","Japan"
"5828","Damora Therapeutics","DMRA","1275455872","20.66","United States"
"5829","Shikoku Kasei Holdings Corp","4099.T","1275361770","14.7443","Japan"
"5830","Karnataka Bank","KTKBANK.NS","1274855246","3.37101","India"
"5831","National Bank of Pakistan","NBP.PK","1274478896","0.599046","Pakistan"
"5832","GELEX Group Joint Stock Company","GEX.VN","1274373618","0.941471","Vietnam"
"5833","Xior Student Housing","XIOR.BR","1273261817","27.2676","Belgium"
"5834","Red Violet","RDVT","1272846080","79.32","United States"
"5835","NAPCO Security Technologies","NSSC","1272283264","35.57","United States"
"5836","The Greenbrier Companies","GBX","1271930496","41.11","United States"
"5837","YONEX Co., Ltd.","7906.T","1271244707","14.8592","Japan"
"5838","Oppenheimer Holdings","OPY","1271040128","118.7","United States"
"5839","BigBear.ai","BBAI","1270660480","2.65","United States"
"5840","The Shikoku Bank","8387.T","1270649820","30.3372","Japan"
"5841","Electrica","ECEA.F","1270436239","14.966","Romania"
"5842","BCI Minerals Limited","BCI.AX","1269906146","0.432297","Australia"
"5843","ISE Chemicals","4107.T","1269571372","24.9142","Japan"
"5844","Alma Media","ALMA.HE","1268590833","15.4195","Finland"
"5845","Palfinger","PFI.F","1268026443","33.7302","Austria"
"5846","Edgewell Personal Care","EPC","1267445248","27.5","United States"
"5847","BJ's Restaurants","BJRI","1267065472","59.56","United States"
"5848","Qassim Cement Company","3040.SR","1265850583","11.5328","Saudi Arabia"
"5849","Kato Sangyo","9869.T","1265146047","41.9171","Japan"
"5850","Sun Art Retail Group Limited","6808.HK","1264657719","0.132557","China"
"5851","Medartis Holding","MED.SW","1263989355","101.554","Switzerland"
"5852","Ategrity Specialty Insurance Company","ASIC","1263353856","26.36","United States"
"5853","Japan Securities Finance","8511.T","1263337972","15.6758","Japan"
"5854","Utz Brands","UTZ","1262738304","14.25","United States"
"5855","Dauch Corporation","DCH","1261680512","5.31","United States"
"5856","Alexander's, Inc.","ALX","1261602816","247.02","United States"
"5857","Lightspeed Commerce","LSPD","1260670976","9.75","Canada"
"5858","ASRock Rack Incorporation","7711.TW","1260416885","17.5907","Taiwan"
"5859","Nippon Soda","4041.T","1260249496","23.5106","Japan"
"5860","Preferred Bank","PFBC","1259393536","106.25","United States"
"5861","Freightways","FRW.NZ","1259053988","7.02556","New Zealand"
"5862","SJM Holdings","0880.HK","1258206377","0.177167","Hong Kong"
"5863","Leggett &amp; Platt","LEG","1256618752","9.2","United States"
"5864","Elkem","ELK.OL","1255210021","3.46219","Norway"
"5865","Abacus Storage King","ASK.AX","1254637887","0.954749","Australia"
"5866","PROG Holdings","PRG","1254298112","31.49","United States"
"5867","Aichi Steel","5482.T","1254291849","19.523","Japan"
"5868","Old Second Bancorp","OSBC","1254086400","24.65","United States"
"5869","Okumura Corporation","1833.T","1250765701","34.8352","Japan"
"5870","RPC, Inc.","RES","1250145536","5.64","United States"
"5871","Vitrolife AB","VITR.ST","1249621449","9.22589","Sweden"
"5872","Kanadevia Corporation","7004.T","1249496797","7.42641","Japan"
"5873","Wendy’s","WEN","1246981376","6.54","United States"
"5874","Sanyo Denki","6516.T","1246237099","35.0904","Japan"
"5875","Walker &amp; Dunlop","WD","1246024448","36.3","United States"
"5876","Unusual Machines","UMAC","1245915264","24.94","United States"
"5877","Cronos Group","CRON","1245235584","3.38","Canada"
"5878","ARKO Petroleum","APC","1244333312","15.07","United States"
"5879","F.C.C. Co., Ltd.","7296.T","1244153375","26.2221","Japan"
"5880","Sinarmas Land","A26.SI","1242348621","0.291963","Singapore"
"5881","Land and Houses","LH.BK","1240602744","0.103819","Thailand"
"5882","Indus Holding","INH.F","1240451587","46.3719","Germany"
"5883","2G Energy AG","2GB.DE","1238714299","69.0476","Germany"
"5884","Televisa","TV","1238590976","2.35","Mexico"
"5885","FirstGroup","FGP.L","1238544028","2.38505","United Kingdom"
"5886","Teekay","TK","1237325184","14.11","Canada"
"5887","United Electronics Company (eXtra Saudi)","4003.SR","1236423913","15.9808","Saudi Arabia"
"5888","Centuria Industrial REIT","CIP.AX","1236411951","1.9802","Australia"
"5889","SAN-A CO.,LTD.","2659.T","1236297025","20.799","Japan"
"5890","Société de la Tour Eiffel","EIFF.PA","1235351179","9.29705","France"
"5891","Coursera","COUR","1234748032","4.67","United States"
"5892","Ryerson","RYZ","1234668928","23.79","United States"
"5893","Empire State Realty Trust","ESRT","1234573824","4.03","United States"
"5894","Shin-Etsu Polymer","7970.T","1234255428","15.3568","Japan"
"5895","Saga","SAGA.L","1232807259","8.47928","United Kingdom"
"5896","Moltiply Group (Gruppo Mutuionline)","MOL.MI","1231395805","33.1633","Italy"
"5897","Radware","RDWR","1230912768","29.25","Israel"
"5898","Norconsult","NORCO.OL","1230724403","3.93194","Norway"
"5899","Frey SA","FREY.PA","1229858354","39.0023","France"
"5900","ARCS Company Limited","9948.T","1228856186","23.064","Japan"
"5901","Bicara Therapeutics","BCAX","1228169600","18.56","United States"
"5902","Seneca Foods","SENEA","1227890048","181.36","United States"
"5903","MLP SE","MLP.DE","1227147570","11.2358","Germany"
"5904","Toagosei","4045.T","1226762741","11.6054","Japan"
"5905","H.U. Group Holdings","4544.T","1226456988","22.4642","Japan"
"5906","Sano Bruno's Enterprises","SANO1.TA","1225758304","109.052","Israel"
"5907","Takara Standard","7981.T","1225468437","19.3954","Japan"
"5908","InnovAge","INNV","1225333760","8.98","United States"
"5909","Spinneys","SPINNEYS.AE","1225323315","0.340368","United Arab Emirates"
"5910","Replimune","REPL","1224855168","13","United States"
"5911","Lanxess","LXS.F","1224707733","14.1837","Germany"
"5912","Dole PLC","DOLE","1224186112","12.96","Ireland"
"5913","Toho Titanium","5727.T","1223631380","17.1892","Japan"
"5914","Cyient","CYIENT.NS","1221713766","11.7358","India"
"5915","Suncrete, Inc.","RMIX","1221381888","12.51","United States"
"5916","GemLife Communities Group","GLF.AX","1219723043","3.20736","Australia"
"5917","Pets at Home","PETS.L","1219606306","2.82819","United Kingdom"
"5918","Bangkok Airways","BA.BK","1219084447","0.587709","Thailand"
"5919","Nestle Pakistan","NESTLE.PK","1218426901","26.8674","Pakistan"
"5920","NHN Corp","181710.KS","1218353821","40.0775","South Korea"
"5921","XPEL","XPEL","1218075648","44.18","United States"
"5922","TF Bank AB","TFBANK.ST","1217506421","18.8323","Sweden"
"5923","Fever-Tree Drinks","FEVR.L","1217382104","11.1646","United Kingdom"
"5924","Imdex Limited","IMD.AX","1217088878","2.33928","Australia"
"5925","Eximbank (Vietnam Export Import Commercial Joint Stock Bank)","EIB.VN","1215753334","0.652676","Vietnam"
"5926","Bristow Group","VTOL","1214729088","40.98","United States"
"5927","York Space Systems","YSS","1212867584","8.83","United States"
"5928","Italmobiliare","ITM.MI","1212703452","28.8549","Italy"
"5929","Willis Lease Finance Corporation","WLFC","1212678272","50.74","United States"
"5930","Unipar Carbocloro","UNIP6.SA","1211705451","10.8498","Brazil"
"5931","AS LHV Group","LHV1T.TL","1211429838","3.71882","Estonia"
"5932","Ramsay Générale de Santé","GDS.PA","1211310327","10.9751","France"
"5933","Orora Limited","ORA.AX","1209373715","0.988007","Australia"
"5934","OPKO Health","OPK","1209051776","1.62","United States"
"5935","naturenergie holding","NEAG.SW","1207981757","36.569","Switzerland"
"5936","Sawai Group Holdings","4887.T","1207626333","10.4569","Japan"
"5937","Borr Drilling","BORR","1206284800","3.91","Bermuda"
"5938","PVR INOX","PVRINOX.NS","1205420837","12.8152","India"
"5939","thyssenkrupp nucera","NCH2.DE","1205148187","9.54082","Germany"
"5940","Valor Holdings","9956.T","1204883436","10.374","Japan"
"5941","Banco do Estado do Rio Grande do Sul S.A.","BRSR6.SA","1204863167","2.94606","Brazil"
"5942","Champion Iron","CIA.AX","1204674878","2.15102","Australia"
"5943","Flowers Foods","FLO","1204486144","5.68","United States"
"5944","Data#3 Limited","DTL.AX","1204287897","7.76042","Australia"
"5945","J.S.B.Co.","3480.T","1203146443","57.0379","Japan"
"5946","Avalyn Pharma","AVLN","1201426944","27.1","United States"
"5947","Trident","TRIDENT.NS","1200897228","0.235674","India"
"5948","Celesc (Centrais Elétricas de Santa Catarina)","CLSC4.SA","1200456930","31.1228","Brazil"
"5949","Retal Urban Development Company","4322.SR","1200244215","2.40511","Saudi Arabia"
"5950","Latigo Biotherapeutics","LTGO","1200018176","18.1","United States"
"5951","Bitfarms","BITF","1199686528","1.98","Canada"
"5952","Ominvest","OMVS.OM","1198683040","1.06753","Oman"
"5953","Umios (Maruha Nichiro Corporation)","1333.T","1196537358","7.91448","Japan"
"5954","Gasco (National Gas and Industrialization Company)","2080.SR","1193567691","15.9142","Saudi Arabia"
"5955","American Savings Bank","ASBH","1193363072","18.36","United States"
"5956","New Wave Group","NEWA-B.ST","1191628042","8.98074","Sweden"
"5957","Clear Channel Outdoor","CCO","1191279616","2.34","United States"
"5958","OCB (Orient Commercial Joint Stock Bank)","OCB.VN","1191041665","0.38891","Vietnam"
"5959","Leon's Furniture","LNF.TO","1190403677","17.3146","Canada"
"5960","La-Z-Boy","LZB","1188766336","29.68","United States"
"5961","Bajaj Mobility AG","BMAG.VI","1187860061","35.1474","Austria"
"5962","Gibraltar Industries","ROCK","1187652352","40.01","United States"
"5963","New Pacific Metals","NEWP","1185932160","6.39","Canada"
"5964","Omada Health","OMDA","1185767552","19.37","United States"
"5965","Afry AB","AFRY.ST","1184237412","10.4567","Sweden"
"5966","MONY Group plc","MONY.L","1183479696","2.31494","United Kingdom"
"5967","National Healthcare Properties","NHP","1183246208","16.23","United States"
"5968","IRSA Inversiones y Representaciones","IRS","1181854976","13.97","Argentina"
"5969","NTT UD REIT Investment Corporation","8956.T","1180298343","803.889","Japan"
"5970","Newag","NWG.WA","1179557400","26.2124","Poland"
"5971","ACLEDA Bank","ABC.KH","1177946354","2.72","Cambodia"
"5972","Nitta Corporation","5186.T","1177922560","42.9379","Japan"
"5973","Solaris Resources","SLSR","1177854976","7.05","Canada"
"5974","Birchcliff Energy","BIR.TO","1177381690","4.28991","Canada"
"5975","Harrow, Inc.","HROW","1177118464","31.4","United States"
"5976","Fiskars","FSKRS.HE","1176854528","14.5805","Finland"
"5977","MilDef Group","MILDEF.ST","1176711426","24.986","Sweden"
"5978","Myers Industries","MYE","1175940992","31.26","United States"
"5979","PagerDuty","PD","1175815552","14.95","United States"
"5980","Universal Insurance Holdings","UVE","1175554304","42.24","United States"
"5981","Nabors Industries","NBR","1174005504","77.28","Bermuda"
"5982","Aamal Company","AHCS.QA","1173461487","0.186264","Qatar"
"5983","Cracker Barrel","CBRL","1173055488","52.48","United States"
"5984","I.D.I. Insurance Company","IDIN.TA","1171578252","79.225","Israel"
"5985","BMV (Bolsa Mexicana de Valores)","BOLSAA.MX","1171565876","2.12398","Mexico"
"5986","Saudi Reinsurance Company","8200.SR","1171103239","6.9996","Saudi Arabia"
"5987","Vossloh AG","VOS.DE","1170845639","60.6009","Germany"
"5988","Avanos Medical","AVNS","1170726912","24.99","United States"
"5989","GasLog Partners LP","GLOP-PA","1170184832","25.5","Greece"
"5990","Norion Bank","NORION.ST","1168803448","6.76432","Sweden"
"5991","Isracard","ISCD.TA","1168700482","3.58841","Israel"
"5992","G-III Apparel Group","GIII","1168384896","27.25","United States"
"5993","Wacoal Holdings","3591.T","1165763499","23.5808","Japan"
"5994","Hongkong and Shanghai Hotels","0045.HK","1165372905","0.699109","Hong Kong"
"5995","ScanSource","SCSC","1165261696","57.85","United States"
"5996","Turning Point Brands","TPB","1163601536","60.08","United States"
"5997","Yamama Saudi Cement Company","3020.SR","1162844554","5.74244","Saudi Arabia"
"5998","Creades AB","CRED-A.ST","1161510570","8.55547","Sweden"
"5999","Kri-Kri Milk Industry","KRI.AT","1159972751","35.1474","Greece"
"6000","Arçelik","ARCLK.IS","1159644797","1.71614","Turkey"
"6001","Collective Mining","CNL","1159283840","12.5","Canada"
"6002","Bonheur ASA","BONHR.OL","1158448456","27.2372","Norway"
"6003","Mersen","MRN.PA","1157266973","47.6644","France"
"6004","Country Garden","2007.HK","1156564811","0.0247269","China"
"6005","PHC Holdings Corporation","6523.T","1155878200","9.13627","Japan"
"6006","Tamboran Resources","TBN","1154379520","33.02","Australia"
"6007","Donnelley Financial Solutions","DFIN","1154037888","46.94","United States"
"6008","MarineMax","HZO","1153811072","52.24","United States"
"6009","Kanamoto","9678.T","1153690259","34.0058","Japan"
"6010","Willdan Group","WLDN","1153373952","75.72","United States"
"6011","Tandem Diabetes Care","TNDM","1152919168","16.57","United States"
"6012","Gulf Cable and Electrical Industries Company - KPSC","CABLE.KW","1152890331","5559.17","Kuwait"
"6013","Sakata Seed","1377.T","1150724397","27.3067","Japan"
"6014","Harmonic Inc.","HLIT","1150651008","10.55","United States"
"6015","JOST Werke SE","JST.DE","1150273268","70.1814","Germany"
"6016","Celulosa Argentina","CELU.BA","1148984848","0.113826","Argentina"
"6017","Fnac Darty","FNAC.PA","1148818683","39.1156","France"
"6018","Carter's","CRI","1148325888","31.28","United States"
"6019","Tennant Company","TNC","1148270592","67.35","United States"
"6020","Lindsay Corporation","LNN","1148270464","112.92","United States"
"6021","Iino Kaiun Kaisha","9119.T","1148225372","10.8525","Japan"
"6022","Aegean Airlines","AEGN.AT","1147351980","12.7664","Greece"
"6023","Fortune REIT","0778.HK","1147199538","0.555081","Hong Kong"
"6024","Whirlpool India","WHIRLPOOL.NS","1146289757","9.03157","India"
"6025","Mission Produce","AVO","1145956608","13.07","United States"
"6026","Ladder Capital","LADR","1145593600","9.03","United States"
"6027","REE (Refrigeration Electrical Engineering Corporation)","REE.VN","1145313980","1.83866","Vietnam"
"6028","Advantage Energy","AAV.TO","1144065137","6.83286","Canada"
"6029","Arteris","AIP","1143277952","23.26","United States"
"6030","Kuwait Projects Company Holding","KPROJ.KW","1142662086","243.823","Kuwait"
"6031","J D Wetherspoon","JDW.L","1142652138","10.8405","United Kingdom"
"6032","Saudi Research and Media Group","4210.SR","1142096178","14.2762","Saudi Arabia"
"6033","YIT","YIT.HE","1141821350","4.94898","Finland"
"6034","Amerant Bancorp","AMTB","1141600512","29.13","United States"
"6035","Chugoku Marine Paints","4617.T","1140496445","22.9683","Japan"
"6036","Invisio AB","IVSO.ST","1140442030","24.6958","Sweden"
"6037","Nippon Light Metal Holdings Company","5703.T","1140358569","18.515","Japan"
"6038","Rusta AB","RUSTA.ST","1140218245","7.45476","Sweden"
"6039","Bank Islam Malaysia","5258.KL","1140188999","0.503068","Malaysia"
"6040","KITZ Corporation","6498.T","1139648070","13.0983","Japan"
"6041","LX International","001120.KS","1139423828","31.6789","South Korea"
"6042","Orchid Island Capital","ORC","1139040128","5.77","United States"
"6043","Makhazen","MKHZN.KW","1138822294","455.137","Kuwait"
"6044","Towa Pharmaceutical","4553.T","1138530633","23.1278","Japan"
"6045","Heritage Financial","HFWA","1137861760","27.81","United States"
"6046","Univest Financial Corporation","UVSP","1137155072","41.23","United States"
"6047","Saudi Ground Services Company","4031.SR","1136662732","6.04608","Saudi Arabia"
"6048","Ichibanya Co., Ltd.","7630.T","1135397417","7.11378","Japan"
"6049","Great Lakes Dredge &amp; Dock Corp.","GLDD","1135273600","17","United States"
"6050","Light S.A.","LIGT3.SA","1134984330","0.70466","Brazil"
"6051","Amphastar Pharmaceuticals","AMPH","1134912384","26.68","United States"
"6052","Sumitomo Osaka Cement","5232.T","1134300467","11.9307","Japan"
"6053","Easterly Government Properties","DEA","1133014272","23.12","United States"
"6054","Mezzan Holding Company","MEZZAN.KW","1132791188","3644.34","Kuwait"
"6055","Eos Energy Enterprises","EOSE","1132561664","3.11","United States"
"6056","Genco Shipping &amp; Trading","GNK","1132379904","25.98","United States"
"6057","Prospect Capital","PSEC","1131691648","2.12","United States"
"6058","Lassonde Industries","LAS-A.TO","1130441474","165.715","Canada"
"6059","MATSUDA SANGYO","7456.T","1129381860","43.7035","Japan"
"6060","AS ONE Corporation","7476.T","1128947951","15.829","Japan"
"6061","United Arab Bank","UAB.AE","1128856889","0.36","United Arab Emirates"
"6062","Blue Dart Express","BLUEDART.NS","1128794998","47.5724","India"
"6063","EPIC Suisse","EPIC.SW","1128514680","100.715","Switzerland"
"6064","Monex Group","8698.T","1127414270","4.48519","Japan"
"6065","HTC Corporation","2498.TW","1126745365","1.34757","Taiwan"
"6066","Yurtec Corporation","1934.T","1126681298","16.4032","Japan"
"6067","Afcon Holdings","AFHL.TA","1125614291","185.575","Israel"
"6068","Fuji Seal International","7864.T","1124816358","21.0861","Japan"
"6069","STAAR Surgical","STAA","1124729600","22.43","United States"
"6070","Cosmo Pharmaceuticals","C43.F","1122644426","65.3061","Ireland"
"6071","Ali Al-Ghanim Sons Automotive Company","ALG.KW","1122526013","2860.86","Kuwait"
"6072","Japan Aviation Electronics Industry","6807.T","1121954192","16.6392","Japan"
"6073","Oakley Capital Investments","OCI.L","1120749603","6.85221","Bermuda"
"6074","Chiyoda Corporation","6366.T","1119493738","4.31931","Japan"
"6075","Scandi Standard AB","SCST.ST","1119230653","17.0109","Sweden"
"6076","Sprinklr","CXM","1119065856","4.82","United States"
"6077","Jazeera Airways","JAZEERA.KW","1118545466","5100.78","Kuwait"
"6078","Fuji Co., Ltd.","8278.T","1117230012","12.8941","Japan"
"6079","Piedmont Realty Trust","PDM","1116184832","8.92","United States"
"6080","Ameresco","AMRC","1115982464","21.03","United States"
"6081","Lahav LR Real Estate","LAHAV.TA","1115349283","3.60143","Israel"
"6082","Aker BioMarine","AKBM.OL","1114721129","12.7072","Norway"
"6083","Artivion","AORT","1114567168","22.86","United States"
"6084","Nagarro","NA9.DE","1112731610","89.9093","Germany"
"6085","Bowhead Specialty Holdings","BOW","1112485248","33.77","United States"
"6086","LGI Homes","LGIH","1112361600","47.88","United States"
"6087","Aedas Homes","AEDAS.MC","1111620390","25.6236","Spain"
"6088","Ceres Power","CWR.L","1111618453","5.19869","United Kingdom"
"6089","Abu Dhabi National Insurance Company","ADNIC.AE","1111286621","1.95","United Arab Emirates"
"6090","Six Flags","FUN","1111155072","10.86","United States"
"6091","Vistry Group","VTY.L","1110886816","3.49489","United Kingdom"
"6092","T1 Energy","TE","1110176384","3.77","United States"
"6093","Altareit","AREIT.PA","1110109133","634.921","France"
"6094","Okinawa Financial Group","7350.T","1109973984","51.9976","Japan"
"6095","Voltamp Transformers","VOLTAMP.NS","1109952801","109.71","India"
"6096","The National Agricultural Development Company","6010.SR","1108704763","3.67559","Saudi Arabia"
"6097","Fatima Fertilizer","FATIMA.PK","1108257492","0.527742","Pakistan"
"6098","Suburban Propane Partners","SPH","1108092800","16.61","United States"
"6099","United Real Estate Company","URC.KW","1107864790","786.736","Kuwait"
"6100","Commercial Real Estate Company (Kuwait)","ALTIJARIA.KW","1107759614","594.928","Kuwait"
"6101","Mitsubishi Pencil","7976.T","1107147253","22.1389","Japan"
"6102","CVS Group","CVSG.L","1106818284","16.403","United Kingdom"
"6103","IRadimed","IRMD","1105563264","86.46","United States"
"6104","Aktia Bank","AKTIA.HE","1104432218","15.0113","Finland"
"6105","IndiaMART","INDIAMART.NS","1103503556","18.3493","India"
"6106","McEwen Mining","MUX","1103227008","17.98","Canada"
"6107","GVS S.p.A.","GVS.MI","1103083864","5.88435","Italy"
"6108","Nichicon Corporation","6996.T","1102899945","16.4223","Japan"
"6109","GoodRx","GDRX","1101899520","3.23","United States"
"6110","ARYZTA AG","ARYN.SW","1101280532","44.3624","Switzerland"
"6111","Marcus &amp; Millichap","MMI","1099773952","29.04","United States"
"6112","Prosegur Cash","CASH.MC","1099397188","0.751701","Spain"
"6113","Jupiter Fund Management","JUP.L","1099143465","2.19324","United Kingdom"
"6114","Winmark","WINA","1098988160","305.94","United States"
"6115","BKS Bank","BKS.VI","1098782150","24.0363","Austria"
"6116","TOCALO Co.,Ltd.","3433.T","1098025972","18.4639","Japan"
"6117","Trustpilot Group","TRST.L","1098023998","2.85994","Denmark"
"6118","Jefferson Capital","JCAP","1097976320","19.12","United States"
"6119","Chow Sang Sang Holdings","0116.HK","1097588193","1.63402","Hong Kong"
"6120","Komeri Co.,Ltd.","8218.T","1097241048","23.6701","Japan"
"6121","Fujita Kanko","9722.T","1097136517","18.3044","Japan"
"6122","Plejd AB","PLEJD.ST","1097004560","96.8119","Sweden"
"6123","Srisawad Corporation","SAWAD.BK","1095444636","0.659308","Thailand"
"6124","Aktis Oncology","AKTS","1095148032","19.69","United States"
"6125","Restar Corporation","3156.T","1094298392","38.9184","Japan"
"6126","Develia","DVL.WA","1094265992","2.36171","Poland"
"6127","Cadre Holdings, Inc.","CDRE","1093213440","25.53","United States"
"6128","Supply Network Limited","SNL.AX","1093178599","24.9198","Australia"
"6129","Sigma Lithium","SGML","1093038336","9.71","Canada"
"6130","Rhön-Klinikum","RHK.DE","1092872962","16.3265","Germany"
"6131","Polestar","PSNY","1092462848","6.65","Sweden"
"6132","Caisse Régionale de Crédit Agricole Mutuel Sud Rhône Alpes","CRSU.PA","1091807674","240.363","France"
"6133","Kraken Robotics","PNG.V","1091357180","2.9384","Canada"
"6134","Tadano","6395.T","1091160472","8.63224","Japan"
"6135","Chesnara plc","CSN.L","1090982440","4.71586","United Kingdom"
"6136","Arendals Fossekompani","AFK.OL","1090961632","19.842","Norway"
"6137","ProPetro","PUMP","1090676480","8.88","United States"
"6138","Totech Corporation","9960.T","1089658256","26.573","Japan"
"6139","Smartgroup Corporation","SIQ.AX","1089124136","7.91033","Australia"
"6140","Altri","ALTR.LS","1088453769","5.30612","Portugal"
"6141","TOWA Corporation","6315.T","1088102205","14.5019","Japan"
"6142","DroneShield","DRO.AX","1087154692","1.17487","Australia"
"6143","Terveystalo","TTALO.HE","1086938232","8.57143","Finland"
"6144","Clarivate","CLVT","1086668160","1.7","United Kingdom"
"6145","Pacific Industrial","7250.T","1085177169","18.816","Japan"
"6146","Grocery Outlet","GO","1084975232","10.95","United States"
"6147","Metropolitan Bank Holding","MCB","1084557696","87.48","United States"
"6148","Alerion Clean Power","ARN.MI","1084245951","20.1814","Italy"
"6149","Retail Estates NV","RET.BR","1083534114","72.1088","Belgium"
"6150","AMAG Austria Metall","AM8.F","1083508354","30.7256","Austria"
"6151","Tosei Corporation","8923.T","1082466619","11.1587","Japan"
"6152","Waha Capital Company","WAHA.AE","1082154892","0.57","United Arab Emirates"
"6153","TeamViewer","TMV.DE","1082034250","6.89342","Germany"
"6154","StorageVault Canada","SVI.TO","1081798211","2.95856","Canada"
"6155","Biglari","BH","1081544320","339.63","United States"
"6156","Saudi Cement Company","3030.SR","1081534193","7.06885","Saudi Arabia"
"6157","Strides Pharma","STAR.NS","1079221621","11.7087","India"
"6158","Labrador Iron Ore Royalty Corp.","LIF.TO","1078831492","16.8567","Canada"
"6159","Odyssey Therapeutics","ODTX","1078433408","22.44","United States"
"6160","ARB Corporation Limited","ARB.AX","1077979515","12.8852","Australia"
"6161","Deluxe Corporation","DLX","1077622784","23.5","United States"
"6162","Mainstreet Equity","MEQ.TO","1076897222","116.268","Canada"
"6163","Phoenix Power Company","PHPC.OM","1075107074","0.735065","Oman"
"6164","Lufax","LU","1074694272","1.24","China"
"6165","Gerresheimer","GXI.F","1074577742","31.1111","Germany"
"6166","MannKind Corp","MNKD","1073958528","3.34","United States"
"6167","Ecovyst","ECVT","1072790336","9.8","United States"
"6168","engcon AB","ENGCON-B.ST","1072066206","7.0445","Sweden"
"6169","Gielda Papierów Wartosciowych w Warszawie","GPW.WA","1071864714","25.5376","Poland"
"6170","Jasa Marga","JSMR.JK","1070899693","0.14755","Indonesia"
"6171","Mahanagar Gas","MGL.NS","1070315489","10.8356","India"
"6172","United Super Markets Holdings","3222.T","1070269823","5.16786","Japan"
"6173","The RealReal","REAL","1069489088","8.79","United States"
"6174","Northeast Bank","NBN","1069303040","124.32","United States"
"6175","MeiraGTx","MGTX","1068958528","11.13","United States"
"6176","Rosetti Marino","YRM.MI","1068480690","281.179","Italy"
"6177","Toyo Construction","1890.T","1067163763","11.3574","Japan"
"6178","Loma Negra","LOMA","1066607232","9.14","Argentina"
"6179","Marten Transport","MRTN","1066369984","13.07","United States"
"6180","Altus Group","AIF.TO","1066321352","31.1597","Canada"
"6181","Oaktree Specialty Lending Corporation","OCSL","1065834816","12.1","United States"
"6182","Castle Biosciences","CSTL","1065566848","34.88","United States"
"6183","Arriyadh Development Company","4150.SR","1064822973","4.55187","Saudi Arabia"
"6184","Enovis","ENOV","1064578816","18.46","United States"
"6185","American Bitcoin Corp","ABTC","1062267904","8.72","United States"
"6186","Princes Group plc","PRN.L","1061730437","4.33885","United Kingdom"
"6187","Norbit ASA","NORBT.OL","1061593246","16.5923","Norway"
"6188","Siam Global House","GLOBAL.BK","1061237416","0.189439","Thailand"
"6189","Lampsa Hellenic Hotels","LAMPS.AT","1060933262","49.6599","Greece"
"6190","Daiseki","9793.T","1060423200","22.426","Japan"
"6191","Ryman Healthcare","RYM.NZ","1060379725","1.04396","New Zealand"
"6192","Ferretti","F3T1.F","1059964990","3.13152","Italy"
"6193","Corticeira Amorim","COR.LS","1059871385","8.04989","Portugal"
"6194","Hagar hf.","HAGA.IC","1059434039","0.973378","Iceland"
"6195","Navigator Global Investments","NGI.AX","1059401398","1.73616","Australia"
"6196","Finnair","FIA1S.HE","1059104075","5.17015","Finland"
"6197","GrainCorp","GNC.AX","1057207673","4.75526","Australia"
"6198","ZoomInfo","GTM","1056729536","3.63","United States"
"6199","Danya Cebus","DNYA.TA","1056534890","32.1133","Israel"
"6200","Vitec Software Group","VIT-B.ST","1055857706","26.677","Sweden"
"6201","KEC International","KEC.NS","1055314604","3.96437","India"
"6202","Victrex","VCT.L","1054923220","12.1038","United Kingdom"
"6203","Exmar","EXM.BR","1054806677","13.2653","Belgium"
"6204","Plazza AG","PLAN.SW","1054805562","509.568","Switzerland"
"6205","Mitsui High-tec","6966.T","1054022446","5.76759","Japan"
"6206","BILDCO (Abu Dhabi National Building Materials Co.)","BILDCO.AE","1053778110","0.7","United Arab Emirates"
"6207","RS Technologies","3445.T","1053756623","39.6203","Japan"
"6208","Growthpoint Properties Australia","GOZ.AX","1053358481","1.3959","Australia"
"6209","Polar Capital Holdings","POLR.L","1052788503","11.1778","United Kingdom"
"6210","Neo Performance Materials","NEO.TO","1052747754","22.7879","Canada"
"6211","Superior Plus","SPB.TO","1052131202","4.90275","Canada"
"6212","Southern Cross Electrical Engineering","SXE.AX","1051815466","3.40957","Australia"
"6213","AEVEX Corp.","AVEX","1051111616","15.19","United States"
"6214","Al Seer Marine Supplies &amp; Equipment Company","ASM.AE","1050977872","1.05","United Arab Emirates"
"6215","Karat Packaging","KRT","1050202304","52.69","United States"
"6216","Amanat Holdings","AMANAT.AE","1050098576","0.420694","United Arab Emirates"
"6217","Develop Global Limited","DVP.AX","1049179783","3.17947","Australia"
"6218","National Presto Industries","NPK","1047431936","146.78","United States"
"6219","Saul Centers","BFS","1047426752","30.16","United States"
"6220","Beta Bionics","BBNX","1047095936","19.41","United States"
"6221","Inwido AB","INWI.ST","1047073136","18.0615","Sweden"
"6222","Caisse régionale de Crédit Agricole Mutuel Atlantique Vendée","CRAV.PA","1046001380","141.723","France"
"6223","Allied Properties REIT","AP-UN.TO","1045813698","5.03826","Canada"
"6224","Afya","AFYA","1045812480","11.82","Brazil"
"6225","Vivara","VIVA3.SA","1045455994","4.44998","Brazil"
"6226","discoverIE Group plc","DSCV.L","1045243638","10.8736","United Kingdom"
"6227","Caisse Régionale de Crédit Agricole Mutuel Alpes Provence","CRAP.PA","1045095294","140.59","France"
"6228","Teladoc Health","TDOC","1044683072","5.75","United States"
"6229","International General Insurance Holdings Ltd.","IGIC","1044680832","24.6","Jordan"
"6230","PROCEPT BioRobotics","PRCT","1043526016","18.22","United States"
"6231","Alto Neuroscience","ANRO","1043055104","26.58","United States"
"6232","Gentherm","THRM","1042667520","33.92","United States"
"6233","CRA International","CRAI","1041582144","165.94","United States"
"6234","Savara","SVRA","1041030272","5.08","United States"
"6235","Sweetgreen","SG","1040421056","8.74","United States"
"6236","NorthWest Healthcare Properties REIT","NWH-UN.TO","1040374704","4.13335","Canada"
"6237","Five Star Bancorp","FSBC","1039371008","42.36","United States"
"6238","Mercialys","MERY.PA","1039358224","11.1678","France"
"6239","BKI Investment Company","BKI.AX","1038322810","1.28643","Australia"
"6240","Universal Corporation","UVV","1037054080","41.65","United States"
"6241","Janux Therapeutics","JANX","1036268352","16.95","United States"
"6242","Tuya Inc.","TUYA","1036157056","1.69","China"
"6243","Raito Kogyo","1926.T","1036155045","6.30989","Japan"
"6244","Trupanion","TRUP","1035832384","23.61","United States"
"6245","Anglo-Eastern Plantations","AEP.L","1035027648","2.7184","United Kingdom"
"6246","Emirates Driving Company","DRIVE.AE","1032696431","0.96","United Arab Emirates"
"6247","Capitol Federal Financial","CFFN","1032602240","8.37","United States"
"6248","Flotek Industries","FTK","1032282176","28.5","United States"
"6249","Green Plains","GPRE","1031102272","14.71","United States"
"6250","Polenergia","PEP.WA","1030082489","13.3398","Poland"
"6251","Life Healthcare Group","LHC.JO","1029498500","0.719411","South Africa"
"6252","Moonpig Group","MOON.L","1029152120","3.53193","United Kingdom"
"6253","Summerset Holdings","SUM.NZ","1028730404","4.20969","New Zealand"
"6254","Andersen Group","ANDG","1028436544","55.47","United States"
"6255","Riken Keiki","7734.T","1028089842","22.6174","Japan"
"6256","CJ Logistics Corporation","000120.KS","1027107202","51.4966","South Korea"
"6257","Union Coop","UNIONCOOP.AE","1026666263","0.588155","United Arab Emirates"
"6258","Universal Technical Institute","UTI","1026424128","18.63","United States"
"6259","Sonaecom","SNC.LS","1026163631","3.35601","Portugal"
"6260","MBB SE","MBB.DE","1025954288","197.279","Germany"
"6261","Service Stream Limited","SSM.AX","1025651060","1.67341","Australia"
"6262","ASA Gold and Precious Metals","ASA","1023025344","55.73","United States"
"6263","RAIZNEXT Corporation","6379.T","1021433091","6.30989","Japan"
"6264","JACCS Co., Ltd.","8584.T","1021332218","22.8088","Japan"
"6265","Cibus Nordic Real Estate","CIBUS.ST","1020571261","12.4329","Sweden"
"6266","Humansoft Holding Company","HUMANSOFT.KW","1019442005","7600.78","Kuwait"
"6267","X-FAB","XFAB.PA","1018247658","7.79478","Belgium"
"6268","Mips AB","MIPS.ST","1018173262","38.4246","Sweden"
"6269","Riskified","RSKD","1018010944","7.71","Israel"
"6270","Mercantile Bank","MBWM","1017968320","58.89","United States"
"6271","Aavas Financiers","AAVAS.NS","1017822592","12.836","India"
"6272","Leejam Sports Company","1830.SR","1016886435","19.4433","Saudi Arabia"
"6273","Sivers Semiconductors AB","SIVE.ST","1016465265","3.18804","Sweden"
"6274","Abdullah Al-Othaim Markets Company","4001.SR","1016380299","1.12931","Saudi Arabia"
"6275","Helia Group","HLI.AX","1016371462","3.70938","Australia"
"6276","Zensar","ZENSARTECH.NS","1015375320","4.47697","India"
"6277","Asseco South Eastern Europe","ASE.WA","1014143564","19.5425","Poland"
"6278","HSC (Ho Chi Minh City Securities Corporation)","HCM.VN","1012589292","0.93762","Vietnam"
"6279","Nippon Seiki","7287.T","1012208114","17.609","Japan"
"6280","Ituran","ITRN","1011812928","51.01","Israel"
"6281","ARIAKE JAPAN","2815.T","1011729362","32.2832","Japan"
"6282","Upwork","UPWK","1011717312","8.1","United States"
"6283","Elecom","6750.T","1011241620","12.556","Japan"
"6284","Graham Corporation","GHM","1011145408","86.15","United States"
"6285","Mitsubishi Logisnext","7105.T","1010891788","9.45216","Japan"
"6286","ITOCHU-SHOKUHIN","2692.T","1010529522","79.6514","Japan"
"6287","Auto Partner","APR.WA","1010208761","7.73395","Poland"
"6288","DigiCo Infrastructure REIT","DGT.AX","1009605098","1.80588","Australia"
"6289","Pacira Biosciences","PCRX","1009274240","25.65","United States"
"6290","Dan Hotels","DANH.TA","1008810189","8.7268","Israel"
"6291","Adlai Nortye","ANL","1007827648","15.65","Cayman Islands"
"6292","ASTA Energy Solutions AG","1AST.F","1007263894","70.7483","Austria"
"6293","Vetoquinol","VETO.PA","1006939758","86.6213","France"
"6294","Toyo Engineering Corporation","6330.T","1006420122","17.1752","Japan"
"6295","Sudarshan Chemical","SUDARSCHEM.NS","1006201697","12.638","India"
"6296","Specialized Medical Company","4019.SR","1006125980","4.0245","Saudi Arabia"
"6297","Amerigo Resources","ARG.TO","1005640906","6.22912","Canada"
"6298","Grupa Pracuj","GPP.WA","1004915009","14.5855","Poland"
"6299","Ventyx Biosciences","VTYX","1004502016","14","United States"
"6300","Tsuburaya Fields Holdings","2767.T","1004455982","16.1352","Japan"
"6301","Rackspace Technology","RXT","1004199040","3.94","United States"
"6302","SPIMACO (Saudi Pharmaceutical Industries and Medical Appliances Corporation)","2070.SR","1003923541","8.41124","Saudi Arabia"
"6303","Kissei Pharmaceutical","4547.T","1003829840","23.9891","Japan"
"6304","Elco Ltd.","ELCO.TA","1003527803","38.3914","Israel"
"6305","innoscripta SE","1INN.DE","1003401327","100.34","Germany"
"6306","Canaccord Genuity Group","CF.TO","1003065062","9.83369","Canada"
"6307","Middlesex Water Company","MSEX","1002497920","53.2","United States"
"6308","United Gulf Holding Company","UGH.BH","1001646923","0.586207","Bahrain"
"6309","Monte Rosa Therapeutics","GLUE","1001579328","11.74","United States"
"6310","Seaport Therapeutics","SPTX","1000486016","18.69","United States"
"6311","Vincorion SE","V1NC.DE","999716538","19.9943","Germany"
"6312","Dexco","DXCO3.SA","999046740","1.10043","Brazil"
"6313","LG Household &amp; Health Care","051905.KS","999012813","68.1465","South Korea"
"6314","Indian Energy Exchange","IEX.NS","998540154","1.12284","India"
"6315","Emerald Holding","EEX","997505920","5.04","United States"
"6316","Precision Drilling Corporation","PDS","997431104","79.24","Canada"
"6317","Waypoint REIT","WPR.AX","997233312","1.52698","Australia"
"6318","RITES","RITES.NS","996058571","2.07252","India"
"6319","Dream Finders Homes","DFH","995886336","11","United States"
"6320","Heritage Insurance","HRTG","995738688","33.49","United States"
"6321","Elopak ASA","ELO.OL","995708414","3.70801","Norway"
"6322","Basilea Pharmaceutica","BSLN.SW","995461299","80.3319","Switzerland"
"6323","Apnimed, Inc.","APMD","994975616","23.9","United States"
"6324","NexPoint Residential Trust","NXRT","994405248","19.27","United States"
"6325","Bombay Burmah","BBTC.NS","993511694","14.2394","India"
"6326","Vor Biopharma","VOR","993227072","18.33","United States"
"6327","Magazine Luíza","MGLU3.SA","992852487","1.27997","Brazil"
"6328","Yelp","YELP","991939008","18.28","United States"
"6329","Y.D. More Investments","MRIN.TA","991836832","13.6014","Israel"
"6330","CNB Financial Corp","CCNE","991114752","33.46","United States"
"6331","Business First Bancshares","BFST","989841984","30.41","United States"
"6332","Marcopolo","POMO4.SA","989798457","0.797328","Brazil"
"6333","Corvus Pharmaceuticals","CRVS","989262336","11.76","United States"
"6334","Precinct Properties","PCT.NZ","988120217","0.533266","New Zealand"
"6335","Whitestone REIT","WSR","988012416","18.99","United States"
"6336","edenor","EDN","986688576","20.74","Argentina"
"6337","Whirlpool S.A.","WHRL3.SA","986422784","0.656396","Brazil"
"6338","Northwest Pipe Company","NWPX","986367616","102.35","United States"
"6339","Heineken Malaysia","3255.KL","985988601","3.2638","Malaysia"
"6340","MetroCity Bankshares","MCBS","985905472","34.4","United States"
"6341","Lumexa Imaging","LMRI","985729280","10.26","United States"
"6342","HighPeak Energy","HPK","985067328","7.79","United States"
"6343","Red Cat Holdings","RCAT","985007616","6.45","United States"
"6344","XPLR Infrastructure","XIFR","984491968","10.44","United States"
"6345","TripAdvisor","TRIP","984474432","8.4","United States"
"6346","SIMPAR","SIMH3.SA","983863970","1.68539","Brazil"
"6347","Sun Hung Kai &amp; Co.","0086.HK","983799507","0.504098","Hong Kong"
"6348","Villar International","VILR.TA","983714354","55.845","Israel"
"6349","Pacific Century Regional Developments","P15.SI","983575555","0.371666","Singapore"
"6350","SML MAHINDRA LIMITED","SMLMAH.NS","983070692","67.9308","India"
"6351","Bravura Solutions","BVS.AX","983059066","2.19286","Australia"
"6352","Compagnie des Alpes","CDA.PA","983002743","19.3424","France"
"6353","Sichuan Xunyou Network Technology","300467.SZ","982985471","4.83741","China"
"6354","Olectra Greentech","OLECTRA.NS","982779474","11.9733","India"
"6355","Toshiba Tec Corporation","6588.T","982754380","18.5469","Japan"
"6356","Renew Holdings plc","RNWH.L","982266083","12.4081","United Kingdom"
"6357","Versamet Royalties Corporation","VMET","982186240","9.025","Canada"
"6358","Cullinan Therapeutics","CGEM","980121984","15.23","United States"
"6359","Heiwa Real Estate","8803.T","980064480","14.8337","Japan"
"6360","Global Medical REIT","GMRE","979776256","35.98","United States"
"6361","Major Drilling Group International","MDI.TO","978996525","11.9047","Canada"
"6362","Elders Limited","ELD.AX","978471076","4.5426","Australia"
"6363","Equity Bancshares","EQBK","977319552","47.46","United States"
"6364","Pierre et Vacances","VAC.PA","977227142","2.11565","France"
"6365","Neurones","NRO.PA","977216331","40.9864","France"
"6366","Scanfil","SCANFL.HE","976826380","14.8526","Finland"
"6367","Finolex Industries","FINPIPE.NS","976495328","1.57929","India"
"6368","Noevir Holdings","4928.T","976277631","28.5827","Japan"
"6369","Yulon Motor Company","2201.TW","976202146","0.9188","Taiwan"
"6370","OCI","OCI.AS","975913546","4.62585","Netherlands"
"6371","NB Bancorp","NBBK","975837760","22.27","United States"
"6372","Centerspace","CSR","975722944","55.13","United States"
"6373","Montepino Logística","MLMTP.PA","974921038","11.3379","Spain"
"6374","MoonLake Immunotherapeutics","MLTX","974471552","11.45","Switzerland"
"6375","Aeva Technologies","AEVA","973789504","13.97","United States"
"6376","Morgan Advanced Materials","MGAM.L","972621975","3.5187","United Kingdom"
"6377","Frequentis","FQT.VI","972289927","73.2426","Austria"
"6378","CEVA","CEVA","970752384","34.48","United States"
"6379","Genuit Group","GEN.L","969679004","3.84676","United Kingdom"
"6380","Horizon Bancorp","HBNC","968357696","18.86","United States"
"6381","NPK International","NPKI","967972800","11.4","United States"
"6382","Macquarie Technology Group","MAQ.AX","966829430","37.5122","Australia"
"6383","Jastrzebska Spólka Weglowa","JSW.WA","965951871","8.22706","Poland"
"6384","Colgate-Palmolive (Pakistan)","COLG.PK","964638854","3.97341","Pakistan"
"6385","Nippon Paper Industries","3863.T","964472200","8.36428","Japan"
"6386","Bestway Cement","BWCL.PK","964355538","1.61736","Pakistan"
"6387","Konoike Transport","9025.T","964166342","18.1577","Japan"
"6388","Zeal Network","TIMA.F","961698508","45.5782","Germany"
"6389","Kura Oncology","KURA","961219456","10.805","United States"
"6390","Sify Technologies","SIFY","961207360","13.27","India"
"6391","Zehnder Group","ZEHN.SW","960466871","86.3268","Switzerland"
"6392","Formosa Taffeta","1434.TW","959223077","0.570127","Taiwan"
"6393","Black Diamond Group","BDI.TO","958513424","14.032","Canada"
"6394","Al Hammadi Holding Company","4007.SR","957997093","5.98748","Saudi Arabia"
"6395","Ohsho Food Service","9936.T","957868132","18.2343","Japan"
"6396","Hanza AB","HANZA.ST","956789477","15.2497","Sweden"
"6397","Avino Silver &amp; Gold Mines","ASM","956285184","5.63","Canada"
"6398","Bioventus","BVS","956272000","14","United States"
"6399","Vishay Precision Group","VPG","955074816","71.7","United States"
"6400","Lithium Americas","LAC","954803008","2.63","Canada"
"6401","iQIYI","IQ","954795456","0.9894","China"
"6402","Daio Paper Corporation","3880.T","954438048","6.18867","Japan"
"6403","CeriBell","CBLL","954079616","24.86","United States"
"6404","Saudi Fisheries Company","6050.SR","953968800","13.1096","Saudi Arabia"
"6405","Lindab International","LIAB.ST","953543780","12.3779","Sweden"
"6406","The Hub Power Company","HUBC.PK","951171603","0.733276","Pakistan"
"6407","Time Technoplast","TIMETECHNO.NS","950651779","1.92582","India"
"6408","Qt Group","QTCOM.HE","950587107","37.4376","Finland"
"6409","LegalZoom","LZ","950519744","5.55","United States"
"6410","Arzan Financial Group for Financing and Investment","ARZAN.KW","950017191","988.296","Kuwait"
"6411","Camden National Corporation","CAC","948769280","56.15","United States"
"6412","Frequency Electronics","FEIM","948647104","84.15","United States"
"6413","Afcons Infrastructure","AFCONS.NS","948583892","2.57918","India"
"6414","Cobram Estate Olives","CBO.AX","948101287","1.9802","Australia"
"6415","San-Ai Obbli","8097.T","947553628","15.3122","Japan"
"6416","Placoplatre","MLPLC.PA","947424912","725.624","France"
"6417","Safe Bulkers","SB","944817856","8.3","Monaco"
"6418","Toyobo Co., Ltd.","3101.T","944727629","10.7058","Japan"
"6419","Alumis","ALMS","943582912","7.29","United States"
"6420","Vamos Locação de Caminhões, Máquinas e Equipamentos S.A.","VAMO3.SA","943532035","0.772231","Brazil"
"6421","BLS International","BLS.NS","942839507","2.2911","India"
"6422","Is Yatirim Menkul Degerler Anonim Sirketi","ISMEN.IS","942755208","0.628503","Turkey"
"6423","Shochiku","9601.T","942621536","68.5858","Japan"
"6424","Engro Fertilizers","EFERT.PK","941761329","0.705281","Pakistan"
"6425","Africa Israel Residences","AFRE.TA","941427174","74.308","Israel"
"6426","BTS Group","BTS.BK","941045784","0.0584726","Thailand"
"6427","Engro Corporation","ENGRO.PK","940860275","1.75329","Pakistan"
"6428","Resolute Holdings Management","RHLD","939680704","120.17","United States"
"6429","Star Asia Investment Corporation","3468.T","939450480","349.628","Japan"
"6430","Prodea Real Estate Investment Company","PRODEA.AT","939164268","3.53741","Greece"
"6431","Eastman Kodak Company","KODK","938926976","9.59","United States"
"6432","Astec Industries","ASTE","936902208","40.69","United States"
"6433","Investcorp Capital","ICAP.AE","936870861","0.43","United Arab Emirates"
"6434","Diagnosticos da America (DASA)","DASA3.SA","936199773","0.749064","Brazil"
"6435","Nextdoor","NXDR","934399936","2.45","United States"
"6436","Regis Healthcare","REG.AX","933206718","3.08534","Australia"
"6437","BayWa","BYW.F","932780305","9.29705","Germany"
"6438","The Foschini Group","TFG.JO","932308600","2.9569","South Africa"
"6439","SAKURA Internet","3778.T","932065042","23.2873","Japan"
"6440","Aussie Broadband Limited","ABB.AX","931727783","3.0191","Australia"
"6441","BrightView","BV","931556032","10.06","United States"
"6442","Kaken Pharmaceutical Co., Ltd.","4521.T","931378168","24.5952","Japan"
"6443","Sequent Scientific","SEQUENT.NS","931273369","2.13731","India"
"6444","B2 Impact ASA","B2I.OL","930957028","2.51019","Norway"
"6445","Unitil Corporation","UTL","929888064","50.99","United States"
"6446","Trustco Bank","TRST","929374080","54.58","United States"
"6447","Kforce","KFRC","929118912","51.88","United States"
"6448","Arbutus Biopharma","ABUS","929115968","4.69","United States"
"6449","NTG Nordic Transport Group A/S","NTG.CO","928135940","42.9942","Denmark"
"6450","Helus Pharma","HELP","927984704","12.7","Canada"
"6451","Kuwait Cement Company","KCEM.KW","927143953","1300.39","Kuwait"
"6452","Postal Realty Trust","PSTL","926952640","23.29","United States"
"6453","Al-Babtain Power and Telecommunications","2320.SR","926545537","14.4893","Saudi Arabia"
"6454","Diversified Energy","DEC.L","926024376","13.4134","United States"
"6455","Compass Minerals","CMP","925678208","22.05","United States"
"6456","Central Pacific Financial","CPF","925620224","35.95","United States"
"6457","Sanyo Chemical Industries","4471.T","925468710","10.4825","Japan"
"6458","Superloop Limited","SLC.AX","925000064","1.79543","Australia"
"6459","USA TODAY Co.","TDAY","924953024","6.3","United States"
"6460","Troax Group AB","TROAX.ST","924602715","15.4499","Sweden"
"6461","Kingsgate Consolidated Limited","KCN.AX","924128286","3.46883","Australia"
"6462","Phoenix Group","PHX.AE","924000026","0.15","United Arab Emirates"
"6463","Hanmi Financial","HAFC","923870784","31.16","United States"
"6464","Mader Group Limited","MAD.AX","923536391","4.53912","Australia"
"6465","CTT - Correios De Portugal","CTT.LS","923517575","7.04082","Portugal"
"6466","Vesuvius India","VESUVIUS.NS","922818184","4.54678","India"
"6467","Sinclair, Inc.","SBGI","922778496","12.76","United States"
"6468","JCU Corporation","4975.T","922034027","37.451","Japan"
"6469","Taboola.com","TBLA","921229888","3.41","United States"
"6470","Canon Electronics Inc.","7739.T","920553236","22.5062","Japan"
"6471","Douglas Dynamics","PLOW","919620224","39.85","United States"
"6472","JYP Entertainment","035900.KQ","919026998","27.7375","South Korea"
"6473","Shin Nippon Air Technologies","1952.T","918346587","20.161","Japan"
"6474","Mitani Sekisan","5273.T","918274669","13.1047","Japan"
"6475","Mani, Inc.","7730.T","916285651","9.30215","Japan"
"6476","Sedlmayr Grund und Immobilien AG","SPB.F","915759934","1247.17","Germany"
"6477","Harvia Oyj","HARVIA.HE","915294373","48.9796","Finland"
"6478","PeptiDream","4587.T","915012880","7.11697","Japan"
"6479","Phoenix Education Partners","PXED","914882368","25.38","United States"
"6480","NCR Voyix Corporation","VYX","914022720","6.62","United States"
"6481","Barings BDC","BBDC","913044032","8.72","United States"
"6482","Almunajem Foods Company","4162.SR","912504981","15.2084","Saudi Arabia"
"6483","Ibotta","IBTA","912086080","39.27","United States"
"6484","Kronos Worldwide","KRO","911572352","7.92","United States"
"6485","Mattr Corp.","MATR.TO","911296671","14.8632","Canada"
"6486","Cargojet","CJT.TO","911066838","61.5592","Canada"
"6487","Adastria","2685.T","910862367","19.7463","Japan"
"6488","Voyageurs du Monde","ALVDM.PA","910715036","202.948","France"
"6489","Upbound Group","UPBD","910636672","15.62","United States"
"6490","Kingfa Science & Technology","KINGFA.NS","910531892","67.1911","India"
"6491","HealthStream","HSTM","909921728","29.74","United States"
"6492","Tejas Networks","TEJASNET.NS","909103199","5.10992","India"
"6493","JVCKENWOOD Corporation","6632.T","909027742","6.43111","Japan"
"6494","ITM Power","ITM.L","908448504","1.31621","United Kingdom"
"6495","Bank ABC (Arab Banking Corporation)","ABC.BH","908119990","0.86","Bahrain"
"6496","Bank Nizwa","BKNZ.OM","906401770","0.405195","Oman"
"6497","Daily Journal","DJCO","905782976","657.34","United States"
"6498","Mid Penn Bancorp","MPB","905733952","35.75","United States"
"6499","Rockhopper Exploration","RKH.L","905413931","0.846606","United Kingdom"
"6500","Forum Energy Technologies","FET","904989376","80.47","United States"
"6501","The Ehime Bank","8541.T","904982492","23.1597","Japan"
"6502","Costain Group","COST.L","904753663","3.44595","United Kingdom"
"6503","Rigel Pharmaceuticals","RIGL","904566656","48.89","United States"
"6504","Renta 4 Banco","R4.MC","904293412","22.2222","Spain"
"6505","Lenzing","LEN.F","904155762","23.4127","Austria"
"6506","Galliford Try","GFRD.L","903659764","9.15392","United Kingdom"
"6507","Southside Bancshares","SBSI","902964480","30.35","United States"
"6508","Jade Biosciences","JBIO","901811008","14.18","United States"
"6509","AOKI Holdings","8214.T","901697915","10.7058","Japan"
"6510","BellRing Brands","BRBR","901155968","7.75","United States"
"6511","Heartland Express","HTLD","900924864","11.65","United States"
"6512","Deyaar Development","DEYAAR.AE","900785082","0.205854","United Arab Emirates"
"6513","Obsidian Therapeutics","OBX","900648512","14.58","United States"
"6514","Manitou Group","MTU.PA","900256768","23.5261","France"
"6515","Lesha Bank","QFBQ.QA","899692282","0.803297","Qatar"
"6516","Metalla Royalty & Streaming","MTA","899430272","9.62","Canada"
"6517","MMTC","MMTC.NS","899406118","0.599604","India"
"6518","Fuji Kyuko","9010.T","897574057","16.8243","Japan"
"6519","Douglas Group","DOU.DE","897435834","8.33333","Germany"
"6520","LEM Holding","LEHN.SW","896853384","787.732","Switzerland"
"6521","BlackSky Technology","BKSY","895844928","21.89","United States"
"6522","Crédit Agricole Mutuel de la Touraine et du Poitou","CRTO.PA","895579689","143.424","France"
"6523","Jumia","JMIA","895293120","6.7","Germany"
"6524","Sanken Electric Co., Ltd.","6707.T","894066202","44.7243","Japan"
"6525","Scandinavian Tobacco Group","STG.CO","892265868","11.3286","Denmark"
"6526","Emirates Stallions Group (ESG)","ESG.AE","891763130","3.57","United Arab Emirates"
"6527","Yellow Hat","9882.T","890820929","10.6101","Japan"
"6528","Beazer Homes USA","BZH","890032256","33.36","United States"
"6529","PureCycle Technologies","PCT","890008320","4.43","United States"
"6530","Sukoon Insurance","SUKOON.AE","889158883","1.92512","United Arab Emirates"
"6531","Orient Corporation","8585.T","889033133","5.19338","Japan"
"6532","Close Brothers Group","CBG.L","888787019","5.89714","United Kingdom"
"6533","ESAB India","ESABINDIA.NS","888731169","57.736","India"
"6534","Yubico","YUBICO.ST","888309343","10.3566","Sweden"
"6535","Riverstone Holdings","AP4.SI","887192418","0.598577","Singapore"
"6536","International Financial Advisors Holding","IFA.KW","887073522","1560.47","Kuwait"
"6537","Accel Entertainment","ACEL","885554688","10.88","United States"
"6538","Total Energy Services","TOT.TO","885378296","24.3236","Canada"
"6539","Marcus Corporation","MCS","884883008","28.7","United States"
"6540","McMillan Shakespeare","MMS.AX","884741200","12.7039","Australia"
"6541","Allied Group Limited","0373.HK","884500727","0.25173","Hong Kong"
"6542","Theravance Biopharma","TBPH","884176384","17.03","Cayman Islands"
"6543","Eckert &amp; Ziegler","EUZ.F","884017531","14.127","Germany"
"6544","Krosaki Harima","5352.T","883732789","26.2423","Japan"
"6545","Oxford Lane Capital","OXLC","883252544","9.01","United States"
"6546","First Financial","THFF","883092224","74.26","United States"
"6547","Skellerup Holdings","SKL.NZ","882936228","4.50313","New Zealand"
"6548","Kopin Corporation","KOPN","882894912","4.75","United States"
"6549","Lectra SA","LSS.PA","882002619","23.8095","France"
"6550","Juventus Turin","JUVE.MI","881823536","2.11451","Italy"
"6551","Delta Israel Brands","DLTI.TA","881605021","35.2248","Israel"
"6552","Riley Exploration Permian","REPX","881499072","39.79","United States"
"6553","PageGroup","PAGE.L","881419772","2.83084","United Kingdom"
"6554","Hyosung TNC Corporation","298020.KS","879007922","204.808","South Korea"
"6555","Trican Well Service","TCW.TO","877668865","4.19268","Canada"
"6556","CryoPort","CYRX","877242368","17.32","United States"
"6557","Quanex Building Products","NX","876655296","19.13","United States"
"6558","Eurowag (W.A.G payment solutions)","EWG.L","875308718","1.258","United Kingdom"
"6559","Ardelyx","ARDX","875255872","3.39","United States"
"6560","Boozt","BOOZT.ST","875100826","15.0096","Sweden"
"6561","Hexatronic Group AB","HTRO.ST","874173514","3.94752","Sweden"
"6562","National Real Estate Company - K.P.S.C.","NRE.KW","873148529","419.376","Kuwait"
"6563","NewPrinces S.p.A.","NWL.MI","872964107","20.9524","Italy"
"6564","Beijing Airport","0694.HK","872563675","0.19055","China"
"6565","Dor Alon Energy In Israel","DRAL.TA","872502406","55.1286","Israel"
"6566","BML, Inc.","4694.T","871694921","23.2554","Japan"
"6567","Koppers Holdings","KOP","871445120","46.08","United States"
"6568","Sana Biotechnology","SANA","871139520","2.91","United States"
"6569","Nufarm","NUF.AX","870755179","2.26607","Australia"
"6570","Talkspace","TALK","870574976","5.25","United States"
"6571","Angel Studios","ANGX","870284416","4.66","United States"
"6572","Sri Trang Gloves","STGT.BK","869630155","0.316229","Thailand"
"6573","Virtus Investment Partners","VRTS","869294272","131.26","United States"
"6574","HSBC Oman","HBMO.OM","867668167","0.433766","Oman"
"6575","Kura Sushi,Inc.","2695.T","867189316","10.9099","Japan"
"6576","Senshu Electric","9824.T","867139821","50.8492","Japan"
"6577","O-I Glass","OI","866640960","5.64","United States"
"6578","Forbright, Inc.","FRBT","866547968","17.07","United States"
"6579","RAK Properties","RAKPROP.AE","865895192","0.29","United Arab Emirates"
"6580","Webjet Limited","WEB.AX","865720144","2.39158","Australia"
"6581","Miramar Hotel and Investment","0071.HK","865714189","1.25292","Hong Kong"
"6582","Babcock &amp; Wilcox","BW","865487040","5.81","United States"
"6583","Caisse Régionale de Crédit Agricole Mutuel Loire Haute-Loire","CRLO.PA","863886121","107.71","France"
"6584","Japan Pulp and Paper Company","8032.T","863808675","7.86663","Japan"
"6585","Takara Bio","4974.T","863722455","7.17286","Japan"
"6586","Vitasoy","0345.HK","862547186","0.852059","Hong Kong"
"6587","Vietcap Securities","VCI.VN","861718222","0.750866","Vietnam"
"6588","Hartalega","5168.KL","861272619","0.252761","Malaysia"
"6589","Satellogic","SATL","860943424","5.6","United States"
"6590","Employers Holdings","EIG","860847040","47.93","United States"
"6591","Tetra Technologies","TTI","860302848","5.81","United States"
"6592","IP Group","IPO.L","860102072","0.973596","United Kingdom"
"6593","Astra Agro Lestari","AALI.JK","860001342","0.446826","Indonesia"
"6594","Sabre","SABR","859632256","2.13","United States"
"6595","Reliance Power","RPOWER.NS","859213085","0.207752","India"
"6596","Pick n Pay Stores","PIK.JO","859197500","1.16996","South Africa"
"6597","Autoneum Holding","AUTN.SW","858838516","147.955","Switzerland"
"6598","SP Group A/S","SPG.CO","858556491","73.0977","Denmark"
"6599","Mitsuuroko Group Holdings","8131.T","857996640","15.6822","Japan"
"6600","Morguard","MRC.TO","857504861","80.3037","Canada"
"6601","Recticel","RECT.BR","857367264","15.102","Belgium"
"6602","Kiwi Property","KPG.NZ","856892008","0.519158","New Zealand"
"6603","Burford Capital","BUR","856379584","3.9","Guernsey"
"6604","PubMatic","PUBM","856341120","18.8","United States"
"6605","Hilton Food Group plc","HFG.L","855576457","9.51109","United Kingdom"
"6606","Cybozu","4776.T","855548730","18.9871","Japan"
"6607","BitGo","BTGO","854556672","7.27","United States"
"6608","Chimera Investment Corporation","CIM","853860480","10.2","United States"
"6609","National Corporation for Tourism &amp; Hotels","NCTH.AE","853583162","0.39","United Arab Emirates"
"6610","ProSiebenSat.1 Media","PSM.F","853115183","3.6644","Germany"
"6611","Trainline","TRN.L","853047731","2.52923","United Kingdom"
"6612","Kuros Biosciences","KURN.SW","852886034","21.4978","Switzerland"
"6613","Galaxy Surfactants","GALAXYSURF.NS","852605884","24.0477","India"
"6614","Eagle Bancorp","EGBN","852331840","27.96","United States"
"6615","Gr. Sarantis S.A.","SAR.AT","852222230","13.3787","Greece"
"6616","Mishra Dhatu Nigam","MIDHANI.NS","851696298","4.54626","India"
"6617","Cogna Educação","COGN3.SA","851246699","0.424727","Brazil"
"6618","SpyGlass Pharma","SGP","850916608","25.44","United States"
"6619","Navient","NAVI","850619264","9.07","United States"
"6620","B Communications","BCOM.TA","850162312","8.08819","Israel"
"6621","Simply Good Foods","SMPL","849920000","9.61","United States"
"6622","Safehold","SAFE","849795328","12","United States"
"6623","Republic Airways","RJET","849773888","18.15","United States"
"6624","Vital Healthcare Property Trust","VHP.NZ","849560160","1.0496","New Zealand"
"6625","SI-BONE","SIBN","849288768","19.15","United States"
"6626","NANO Nuclear Energy","NNE","847893696","15.79","United States"
"6627","Evolv Technologies","EVLV","847194368","4.71","United States"
"6628","SmartFinancial (SmartBank)","SMBK","847058304","49.54","United States"
"6629","Alkhorayef Water and Power Technologies Company","2081.SR","845984868","24.171","Saudi Arabia"
"6630","China Resources Building Materials Technology","1313.HK","845532030","0.121085","Hong Kong"
"6631","Raymond","RAYMOND.NS","845240596","12.7006","India"
"6632","Great Southern Bancorp","GSBC","845101696","77.55","United States"
"6633","Prashkovsky Investments and Construction","PRSK.TA","845001455","39.4985","Israel"
"6634","Tokyo Electron Device Limited","2760.T","843625387","28.6465","Japan"
"6635","Stingray Group","RAY-A.TO","843548063","12.3987","Canada"
"6636","Pet Valu","PET.TO","842802908","12.5387","Canada"
"6637","Ubisoft","UBI.PA","842486757","6.06122","France"
"6638","Einhell Germany","EIN.DE","842128263","74.1497","Germany"
"6639","AG Barr","BAG.L","841828174","7.64591","United Kingdom"
"6640","Ryoyo Ryosan Holdings","167A.T","841736510","20.9904","Japan"
"6641","ATRenew","RERE","841665280","3.8","China"
"6642","Nick Scali Limited","NCK.AX","841471275","9.83824","Australia"
"6643","Gulf International Services","GISS.QA","841389409","0.452747","Qatar"
"6644","Sparebanken Sør","SOR.OL","840479500","20.1631","Norway"
"6645","Hibiya Engineering","1982.T","839844026","20.3524","Japan"
"6646","Agrana","AGR.VI","839562784","13.4354","Austria"
"6647","Channel Infrastructure NZ Limited","CHI.NZ","839488169","2.02585","New Zealand"
"6648","Furukawa Co.,Ltd.","5715.T","839160079","26.4135","Japan"
"6649","Phnom Penh Water Supply Authority","PWSA.KH","839141162","1.76","Cambodia"
"6650","Standard Chartered Bank (Pakistan)","SCBPL.PK","839095161","0.216732","Pakistan"
"6651","NCC Limited","NCC.NS","839003904","1.33632","India"
"6652","Yuasa Trading","8074.T","838350224","39.8117","Japan"
"6653","Covenant Logistics","CVLG","837720384","33.01","United States"
"6654","Daktronics","DAKT","837292992","17.41","United States"
"6655","Zad Holding Company","ZHCD.QA","836987545","2.91209","Qatar"
"6656","Basler Aktiengesellschaft","BSL.DE","836939582","27.2109","Germany"
"6657","Lexicon Pharmaceuticals","LXRX","836517184","1.88","United States"
"6658","Sun Frontier Fudousan","8934.T","836209113","14.6231","Japan"
"6659","Capital City Bank Group","CCBG","835813376","48.84","United States"
"6660","Bunka Shutter","5930.T","835601526","11.8797","Japan"
"6661","Avalo Therapeutics","AVTX","835555200","15.58","United States"
"6662","Alpha &amp; Omega Semiconductor","AOSL","835458048","27.61","United States"
"6663","Standard Motor Products","SMP","834873024","37.5","United States"
"6664","Silex Systems Limited","SLX.AX","834846816","2.9947","Australia"
"6665","EuroTeleSites","ETS.VI","834391918","5.02268","Austria"
"6666","DoubleUGames","192080.KS","834235522","42.877","South Korea"
"6667","ASGN","ASGN","833931008","19.53","United States"
"6668","Dakota Gold","DC","833214272","6.21","United States"
"6669","GL Events SA","GLO.PA","833081152","28.4014","France"
"6670","Wiit S.p.A.","WIIT.MI","832946621","33.4467","Italy"
"6671","IQE plc","IQE.L","832842132","0.625695","United Kingdom"
"6672","Bata India","BATAINDIA.NS","832657025","6.47843","India"
"6673","Compass Diversified Holdings","CODI","830605056","11.04","United States"
"6674","PEXA Group","PXA.AX","829262814","4.71343","Australia"
"6675","Attovia Therapeutics","ATTO","829026944","18.16","United States"
"6676","NEUCA","NEU.WA","828700266","183.227","Poland"
"6677","Heritage Commerce","HTBK","828429632","13.45","United States"
"6678","Backblaze","BLZE","828222016","13.38","United States"
"6679","Al-Dawaa Medical Services Company","4163.SR","828152962","9.74298","Saudi Arabia"
"6680","ADS-TEC Energy","ADSE","827045824","11","Ireland"
"6681","QuinStreet","QNST","826305728","14.44","United States"
"6682","REVO Insurance S.p.A.","REVO.MI","825939492","28.7415","Italy"
"6683","Cantaloupe","CTLP","825815936","11.2","United States"
"6684","ODDITY Tech","ODD","825629440","17.9","Israel"
"6685","HIVE Digital Technologies","HIVE","825574784","3.01","Canada"
"6686","Aisan Industry","7283.T","825505858","14.4062","Japan"
"6687","PSI Software","PSAN.DE","825278812","51.1338","Germany"
"6688","Service Properties Trust","SVC","824975424","6.37","United States"
"6689","Banca IFIS","IF.MI","824783283","13.5034","Italy"
"6690","Yalla Group","YALA","822913152","5.42","United Arab Emirates"
"6691","Wavestone SA","WAVE.PA","822050005","33.5034","France"
"6692","Topsports International","6110.HK","822013454","0.132557","Hong Kong"
"6693","Qfin Holdings","QFIN","821900032","6.76","China"
"6694","RFA Financial Inc.","RFA.TO","821826961","17.9909","Canada"
"6695","Playtika","PLTK","820049088","2.15","Israel"
"6696","Royal holdings","8179.T","819776350","8.31962","Japan"
"6697","Transcat","TRNS","819638528","87.57","United States"
"6698","KOMEDA Holdings","3543.T","819391519","18.0046","Japan"
"6699","Religare","RELIGARE.NS","818882721","2.39977","India"
"6700","Sakata INX Corporation","4633.T","818396853","16.8306","Japan"
"6701","UP Fintech (Tiger Brokers)","TIGR","818296448","4.55","China"
"6702","InMode","INMD","818278144","14.22","Israel"
"6703","FACC AG","FACC.VI","818197742","17.8685","Austria"
"6704","Hippo Holdings","HIPO","817806912","30.99","United States"
"6705","Tokyu Construction","1720.T","817705170","7.69437","Japan"
"6706","Melco International Development","0200.HK","817677603","0.359433","Hong Kong"
"6707","Menicon Co., Ltd.","7780.T","816759686","10.9992","Japan"
"6708","New Era Energy & Digital","NUAI","816588288","6.76","United States"
"6709","CEWE","CWC.F","816050331","121.088","Germany"
"6710","Heiwado","8276.T","815318464","16.4861","Japan"
"6711","Northern Dynasty Minerals","NAK","815076416","1.45","Canada"
"6712","Zhongsheng Group","0881.HK","814571550","0.344138","China"
"6713","CrossAmerica Partners","CAPL","813853824","21.32","United States"
"6714","Himalaya Shipping","HSHP","813210816","17.24","Bermuda"
"6715","Groupon","GRPN","812899264","19.99","United States"
"6716","The Japan Wool Textile Co., Ltd. (Nikke Group)","3201.T","812822940","12.4794","Japan"
"6717","Telecom Plus PLC","TEP.L","812630438","10.5693","United Kingdom"
"6718","Power Mech Projects","POWERMECH.NS","812576213","25.7012","India"
"6719","Solstad Offshore","SOFF.OL","812203011","7.4785","Norway"
"6720","Advanced Medical Solutions Group","AMS.L","812119935","3.73036","United Kingdom"
"6721","Nissan Shatai","7222.T","811481910","5.99089","Japan"
"6722","Kirloskar Ferrous Industries","KIRLFER.NS","811474586","4.91352","India"
"6723","Pexip","PEXIP.OL","811271200","7.75973","Norway"
"6724","GungHo Online Entertainment","3765.T","810871762","15.4844","Japan"
"6725","Compañía de Acero del Pacífico","CAP.SN","810797570","5.42528","Chile"
"6726","Ridgepost Capital","RPC","810252544","7.35","United States"
"6727","R&S Group","RSGN.SW","809829911","21.7975","Switzerland"
"6728","XPS Pensions Group","XPS.L","809747492","3.98831","United Kingdom"
"6729","Viant Technology","DSP","809594816","12.17","United States"
"6730","Sustained Infrastructure Holding Company (sisco)","2190.SR","809347241","9.95073","Saudi Arabia"
"6731","GAG Immobilien","GWK3.HM","809150014","50.1134","Germany"
"6732","Kohnan Shoji","7516.T","809029558","28.0085","Japan"
"6733","MFA Financial","MFA","808703488","8","United States"
"6734","Yanlord","Z25.SI","808565859","0.418613","Singapore"
"6735","Abraj Energy Services","ABRJ.OM","808209890","1.04935","Oman"
"6736","everplay group plc","EVPL.L","807240523","5.60215","United Kingdom"
"6737","Oxford Biomedica","OXB.L","807005506","6.66702","United Kingdom"
"6738","Egypt Kuwait Holding Company","EKHOLDING.KW","805906644","685.921","Egypt"
"6739","Ginkgo Bioworks","DNA","805389760","11.96","United States"
"6740","Arbor Realty Trust","ABR","804831168","3.97","United States"
"6741","Jensen-Group","JEN.BR","804788436","86.3946","Belgium"
"6742","Takasago International Corporation","4914.T","804287294","8.24943","Japan"
"6743","Sky Harbour Group","SKYH","804050624","9.85","United States"
"6744","World Acceptance Corporation","WRLD","803967808","172.51","United States"
"6745","Orrstown Financial Services","ORRF","803897600","40.87","United States"
"6746","Harworth Group","HWG.L","803502421","2.47368","United Kingdom"
"6747","FRoSTA AG","NLM.F","802712427","117.914","Germany"
"6748","Deep Yellow","DYL.AX","801568245","0.822758","Australia"
"6749","Oman Cables Industry","OCAI.OM","801475345","8.93507","Oman"
"6750","Montrose Environmental","MEG","800798912","22.14","United States"
"6751","WELL Health Technologies","WELL.TO","800504959","3.12762","Canada"
"6752","4D Molecular Therapeutics","FDMT","800488640","14.49","United States"
"6753","Paul Hartmann","PHH2.F","799343284","225.057","Germany"
"6754","Dynavox Group","DYVOX.ST","798871458","7.53189","Sweden"
"6755","Ottogi","007310.KS","798785768","232.251","South Korea"
"6756","Apollo Commercial Real Estate Finance","ARI","798761344","6.23","United States"
"6757","Savencia Fromage &amp; Dairy","SAVE.PA","798583484","61.9048","France"
"6758","Budget Saudi (United International Transportation Company)","4260.SR","798023783","7.63351","Saudi Arabia"
"6759","The Manitowoc Company","MTW","797690752","22.12","United States"
"6760","Lightwave Logic","LWLG","797044672","5.17","United States"
"6761","Geron","GERN","796667008","1.24","United States"
"6762","N-Able","NABL","793403136","4.2","United States"
"6763","Westrock Coffee","WEST","792734336","8.12","United States"
"6764","Alerus Financial","ALRS","791947520","31.77","United States"
"6765","SunCoke Energy","SXC","791882304","9.33","United States"
"6766","Achieve Life Sciences","ACHV","791320128","7.69","Canada"
"6767","Mahindra Lifespaces","MAHLIFE.NS","790760554","3.70233","India"
"6768","Pantoro Limited","PNR.AX","790758395","2.02901","Australia"
"6769","Minto Apartment Real Estate Investment Trust","MI-UN.TO","790612890","12.6725","Canada"
"6770","Marimaca Copper","MARI.TO","790218777","5.84668","Canada"
"6771","Safilo Group","SFL.MI","790157688","2.03401","Italy"
"6772","Noor Financial Investment Company","NOOR.KW","789854118","1553.97","Kuwait"
"6773","Design Therapeutics","DSGN","789780416","12.62","United States"
"6774","Kvutzat Acro","ACRO.TA","789656941","12.5171","Israel"
"6775","Rapid7","RPD","788924480","11.705","United States"
"6776","Abacus Global Management","ABX","788205568","8.06","United States"
"6777","South Plains Financial","SPFI","787474560","41.8","United States"
"6778","John B. Sanfilippo & Son","JBSS","787438976","67.34","United States"
"6779","Südwestdeutsche Salzwerke","SSH.F","786275457","74.8299","Germany"
"6780","Fox Factory Holding","FOXF","785979712","18.7","United States"
"6781","Logistea AB","LOGI-A.ST","785361302","1.53824","Sweden"
"6782","Independent Bank Corporation","IBCP","784745088","35.35","United States"
"6783","Varex Imaging","VREX","784299840","18.47","United States"
"6784","Canadian Solar","CSIQ","784207488","11.55","Canada"
"6785","Ålandsbanken","ALBAV.HE","783849480","50.7936","Finland"
"6786","Metallus","MTUS","783019072","18.81","United States"
"6787","Annexon","ANNX","782961856","4.13","United States"
"6788","GCM Grosvenor","GCMG","782416256","12.8","United States"
"6789","TXO Partners, L.P.","TXO","781794368","14.1","United States"
"6790","Pharmanutra","PHN.MI","781647575","81.6327","Italy"
"6791","Tinexta","TNXT.MI","781512682","17.0295","Italy"
"6792","Southern Missouri Bancorp","SMBC","781392128","70.95","United States"
"6793","Peakstone Realty Trust","PKST","780562688","20.99","United States"
"6794","Itoki Corporation","7972.T","780517021","15.7779","Japan"
"6795","JBG SMITH","JBGS","780027008","10.1","United States"
"6796","Basellandschaftliche Kantonalbank","BLKB.SW","780018314","1384.83","Switzerland"
"6797","Bliss GVS Pharma","BLISSGVS.NS","779919256","7.33486","India"
"6798","Autobacs Seven","9832.T","778577916","9.91463","Japan"
"6799","Shen Zhen Shengxunda Technology (gamexun)","300518.SZ","777538597","3.89916","China"
"6800","SKF India","SKFINDIA.NS","777367855","15.7241","India"
"6801","Aclaris Therapeutics","ACRS","777210176","5.28","United States"
"6802","Inventiva Pharma","IVA","777165952","3.29","France"
"6803","Fidus Investment Corporation","FDUS","776719936","19.53","United States"
"6804","MedCap","MCAP.ST","776214931","51.8318","Sweden"
"6805","Gyre Therapeutics","GYRE","776167168","7.32","United States"
"6806","LSI Industries","LYTS","776153600","20.83","United States"
"6807","MNTN, Inc.","MNTN","775708736","10.37","United States"
"6808","Peapack-Gladstone Financial","PGC","774888768","43.71","United States"
"6809","Synektik Spólka Akcyjna","SNT.WA","774743501","90.835","Poland"
"6810","Financial Institutions","FISI","774262912","39.29","United States"
"6811","CTO Realty Growth","CTO","774074624","20.65","United States"
"6812","Pakistan Oilfields Limited","POL.PK","773608728","2.72536","Pakistan"
"6813","Generation Development Group","GDG.AX","772193754","1.92442","Australia"
"6814","Anan Investment Holding","ANAN.AE","772170864","0.31","United Arab Emirates"
"6815","Nachi-Fujikoshi","6474.T","771791808","35.4094","Japan"
"6816","ASOS","ASC.L","771585303","6.44875","United Kingdom"
"6817","AdaptHealth","AHCO","771427008","5.67","United States"
"6818","JM AB","JM.ST","771325692","11.9576","Sweden"
"6819","Volaris","VLRS","771323712","6.71","Mexico"
"6820","Karoon Energy","KAR.AX","770982029","1.10515","Australia"
"6821","Nine Entertainment Co. Holdings","NEC.AX","770656987","0.485985","Australia"
"6822","The Shibusawa Warehouse","9304.T","769070445","14.0617","Japan"
"6823","ProFrac","ACDC","768558016","4.22","United States"
"6824","Cathay Real Estate Development","2501.TW","768548386","0.662793","Taiwan"
"6825","Showa Sangyo","2004.T","768165885","23.6382","Japan"
"6826","Solid Biosciences","SLDB","767732672","7.16","United States"
"6827","IMC Rare Earths","IMC","767382016","7.26","Brazil"
"6828","Daqo New Energy","DQ","767334016","11.34","China"
"6829","Surge Energy","SGY.TO","767173890","7.73452","Canada"
"6830","Gilat Satellite Networks","GILT","765674752","9.94","Israel"
"6831","Toyoda Gosei","7282.T","765231030","6.52586","Japan"
"6832","Movida Participações","MOVI3.SA","764477190","1.80316","Brazil"
"6833","Carlyle Secured Lending","CGBD","763730880","11.1","United States"
"6834","EIZO Corporation","6737.T","763387663","19.3954","Japan"
"6835","Nissin Corporation","9066.T","762935226","51.9081","Japan"
"6836","Yokorei Co.,Ltd.","2874.T","762859728","12.8877","Japan"
"6837","TXT e-solutions","TXT.MI","762348746","60.4308","Italy"
"6838","Festi hf.","FESTI.IC","761895753","2.46672","Iceland"
"6839","Hosiden Corporation","6804.T","760769733","15.4525","Japan"
"6840","Thurgauer Kantonalbank","TKBP.SW","760155401","190.039","Switzerland"
"6841","Dubai Refreshment","DRC.AE","759700533","8.44112","United Arab Emirates"
"6842","Relaxo Footwear","RELAXO.NS","759550554","3.05116","India"
"6843","Aeon Hokkaido Corporation","7512.T","758929776","5.45496","Japan"
"6844","Rain Industries","RAIN.NS","758582417","2.25537","India"
"6845","Baladna","BLDN.QA","758358695","0.339011","Qatar"
"6846","World Co., Ltd.","3612.T","757933960","9.94653","Japan"
"6847","Ghitha","GHITHA.AE","757857612","3.14","United Arab Emirates"
"6848","Piaggio","PIA.MI","757388383","2.15306","Italy"
"6849","DocMorris","DOCM.SW","757349588","14.8554","Switzerland"
"6850","HomeTrust Bancshares","HTB","757078400","45.79","United States"
"6851","Criteo","CRTO","757012288","15.45","France"
"6852","Sakai Moving Service Co.,Ltd.","9039.T","756195921","18.7829","Japan"
"6853","Pason Systems","PSI.TO","755833446","9.73507","Canada"
"6854","HiteJinro","000080.KS","755729683","10.8298","South Korea"
"6855","WH Smith","SMWH.L","755327426","5.01878","United Kingdom"
"6856","Westlake Chemical Partners","WLKP","755319232","21.43","United States"
"6857","TaskUs","TASK","754584192","8.23","United States"
"6858","Archicom","ARH.WA","754515387","12.8986","Poland"
"6859","Clairvest Group","CVG.TO","754062368","56.3535","Canada"
"6860","Immix Biopharma","IMMX","754024320","10.54","United States"
"6861","Zee Entertainment","ZEEL.NS","753964666","0.784955","India"
"6862","Arjo AB","ARJO-B.ST","753855893","2.76777","Sweden"
"6863","Golden Entertainment","GDEN","753686080","28.55","United States"
"6864","Winnebago Industries","WGO","753648640","26.66","United States"
"6865","Viridien","VIRI.PA","753054161","104.308","France"
"6866","Canada Goose","GOOS","752963264","7.71","Canada"
"6867","Hunting PLC","HTG.L","752760772","5.19207","United Kingdom"
"6868","Ardmore Shipping","ASC","752400256","18.44","Bermuda"
"6869","Saudi Automotive Services Company","4050.SR","752110835","10.7444","Saudi Arabia"
"6870","IDOM Inc.","7599.T","752070862","7.49021","Japan"
"6871","American Public Education","APEI","752010432","41.09","United States"
"6872","Iguatemi","IGTI3.SA","751139718","0.623576","Brazil"
"6873","IFA Hotels and Resorts","IFAHR.KW","750986601","2064.37","Kuwait"
"6874","Minerva S.A.","BEEF3.SA","750517782","0.756786","Brazil"
"6875","Ferrari Group PLC","046.F","750481826","8.21995","United Kingdom"
"6876","Shore Bancshares","SHBI","750208768","22.48","United States"
"6877","Caisse régionale de Crédit Agricole Mutuel d'Ille-et-Vilaine","CIV.PA","749952266","124.717","France"
"6878","Senvest Capital","SEC.TO","749688773","310.209","Canada"
"6879","Arafura Rare Earths","ARU.AX","749576078","0.123414","Australia"
"6880","Movado Group","MOV","749468288","33.59","United States"
"6881","GO (Etihad Atheeb Telecommunication Company)","7040.SR","749365236","22.0402","Saudi Arabia"
"6882","Halfords Group","HFD.L","749196393","3.45918","United Kingdom"
"6883","Cytek Biosciences","CTKB","748703616","5.76","United States"
"6884","Mitek Systems","MITK","748580224","16.59","United States"
"6885","Air New Zealand","AIR.NZ","748129639","0.231364","New Zealand"
"6886","Apogee Enterprises","APOG","747919680","35.84","United States"
"6887","Cancom","COK.F","747818860","26.0204","Germany"
"6888","Arclands Corporation","9842.T","747520831","11.8988","Japan"
"6889","Olema Pharmaceuticals","OLMA","747229568","8.54","United States"
"6890","Mitsuboshi Belting","5192.T","746168564","26.8282","Japan"
"6891","Ferroglobe","GSM","745573440","3.99","United Kingdom"
"6892","JK Paper","JKPAPER.NS","745545376","4.11179","India"
"6893","Stratasys","SSYS","745365376","8.51","Israel"
"6894","Al Meera Consumer Goods Company","MERS.QA","743637359","3.60989","Qatar"
"6895","Prima Meat Packers","2281.T","743330387","14.789","Japan"
"6896","United Development Company","UDCD.QA","743191961","0.20989","Qatar"
"6897","Lifenet Insurance Company","7157.T","742724264","9.24473","Japan"
"6898","Al Majed for Oud Company","4165.SR","742442428","29.6977","Saudi Arabia"
"6899","Barrett Business Services","BBSI","741111808","30.58","United States"
"6900","Strawberry Fields REIT","STRW","740404096","13.1","United States"
"6901","Lucky Strike Entertainment","LUCK","740261120","5.43","United States"
"6902","GFT Technologies","GFT.DE","739118561","28.9116","Germany"
"6903","Sanofi India Limited","SANOFI.NS","739029075","32.089","India"
"6904","Bowman Consulting Group","BWMN","738244480","42.59","United States"
"6905","Core Lithium Ltd","CXO.AX","737996104","0.228002","Australia"
"6906","Kelsian Group","KLS.AX","737425004","2.71231","Australia"
"6907","Ballard Power Systems","BLDP","737290496","2.1","Canada"
"6908","Anteris Technologies","AVR.AX","735933083","7.55125","Australia"
"6909","Rosenbauer International","ROS.VI","735510180","72.1088","Austria"
"6910","Paisalo Digital","PAISALO.NS","734805219","0.803813","India"
"6911","First Milling Company","2283.SR","734678424","13.2374","Saudi Arabia"
"6912","PVA TePla AG","TPE.DE","733082969","35.8957","Germany"
"6913","Mesa Laboratories","MLAB","732946880","130.98","United States"
"6914","Slate Grocery REIT","SGR-UN.TO","732645331","12.3626","Canada"
"6915","Synsam","SYNSAM.ST","732129166","5.20332","Sweden"
"6916","PRA Group","PRAA","731877312","19.44","United States"
"6917","Olvi plc","OLVAS.HE","731116892","35.4308","Finland"
"6918","Shibaura Machine","6104.T","730963571","30.9115","Japan"
"6919","Safari Industries India","SAFARI.NS","730671408","14.9125","India"
"6920","Nxera Pharma","4565.T","729896152","7.98785","Japan"
"6921","Kakao Games","293490.KQ","729721880","6.85885","South Korea"
"6922","Saudi Steel Pipes","1320.SR","729629337","14.436","Saudi Arabia"
"6923","Aubay","AUB.PA","729356529","57.2562","France"
"6924","Organo Corporation","6368.T","729294220","15.8603","Japan"
"6925","Fujibo Holdings","3104.T","729261282","21.6284","Japan"
"6926","Bain Capital Specialty Finance","BCSF","728473344","11.23","United States"
"6927","DRI Healthcare Trust","DHT-UN.TO","728471701","12.9472","Canada"
"6928","EPC Groupe","EXPL.PA","727410552","340.136","France"
"6929","Wacom Co., Ltd.","6727.T","726745375","5.4741","Japan"
"6930","QuidelOrtho","QDEL","726556608","10.595","United States"
"6931","Karnov Group","KAR.ST","725925496","7.55483","Sweden"
"6932","DBV Technologies","DBVT","725900160","11.55","France"
"6933","Paysign","PAYS","725538752","12.85","United States"
"6934","Reformation Inc.","REF","724903296","12.27","United States"
"6935","Digital Garage","4819.T","724317744","15.7077","Japan"
"6936","Washington Trust Bancorp","WASH","723679680","37.94","United States"
"6937","Sto SE &amp; Co. KGaA","STO3.DE","723471432","112.585","Germany"
"6938","2CRSI","AL2SI.PA","723032357","32.0181","France"
"6939","Thermador Groupe","THEP.PA","722635586","78.7982","France"
"6940","APG|SGA","APGN.SW","722446398","240.996","Switzerland"
"6941","Latham Group","SWIM","722346944","6.14","United States"
"6942","Energy Vault","NRGV","721903104","3.97","United States"
"6943","River City Bank","RCBC","721855680","51.58","United States"
"6944","Sheela Foam","SFL.NS","721631531","6.60815","India"
"6945","IDEC Corporation","6652.T","721189859","24.3719","Japan"
"6946","CIR S.p.A. - Compagnie Industriali Riunite","CIR.MI","720303940","0.873016","Italy"
"6947","WhiteFiber","WYFI","719855680","18.53","United States"
"6948","Agthia Group","AGTHIA.AE","719693932","0.87","United Arab Emirates"
"6949","Burelle","BUR.PA","719521355","410.431","France"
"6950","SNP Schneider-Neureither &amp; Partner","SHF.DE","719024375","98.6395","Germany"
"6951","VersaBank","VBNK","718731008","22.17","Canada"
"6952","SF Urban Properties (SFP)","SFPN.SW","717889111","122.896","Switzerland"
"6953","Evli","EVLI.HE","717674716","27.0975","Finland"
"6954","Judo Capital Holdings","JDO.AX","717611422","0.639381","Australia"
"6955","National Investments Company (Kuwait)","NINV.KW","717265767","900.52","Kuwait"
"6956","Verastem Oncology","VSTM","717262464","7.92","United States"
"6957","Wave Life Sciences","WVE","717255360","3.64","Singapore"
"6958","Mochida Pharmaceutical","4534.T","716186268","20.3524","Japan"
"6959","Hyliion","HYLN","716174848","4.01","United States"
"6960","Asseco Business Solutions","ABS.WA","716089410","21.9561","Poland"
"6961","Iress Limited","IRE.AX","715014741","3.82792","Australia"
"6962","ATHEX  (Athens Stock Exchange)","EXAE.AT","714926271","12.3583","Greece"
"6963","Tata Teleservices","TTML.NS","713493601","0.364972","India"
"6964","MLP Group S.A.","MLG.WA","713035460","29.716","Poland"
"6965","Root Insurance","ROOT","712999488","46.02","United States"
"6966","Warteck Invest","WARN.SW","712196070","2302.05","Switzerland"
"6967","Community West Bancshares","CWBC","712001536","26.24","United States"
"6968","Axial Retailing","8255.T","711396652","8.15373","Japan"
"6969","Aspen Group","APZ.AX","711262160","3.10277","Australia"
"6970","Kornit Digital","KRNT","711096128","16.55","Israel"
"6971","XOMA Royalty","XOMA","710155008","40.17","United States"
"6972","Third Coast Bancshares","TCBX","708826816","42.6","United States"
"6973","Pharming Group","PHAR","708489088","10.01","Netherlands"
"6974","Daiichi Jitsugyo","8059.T","708364047","22.5217","Japan"
"6975","Xvivo Perfusion AB","XVIVO.ST","707930459","22.4744","Sweden"
"6976","Borosil","BORORENEW.NS","707625797","4.80777","India"
"6977","Enhabit","EHAB","706913408","13.8","United States"
"6978","Allied Bank (Pakistan)","ABL.PK","706798940","0.617252","Pakistan"
"6979","Gold Royalty Corp","GROY","706626176","3.05","Canada"
"6980","SOPHiA GENETICS","SOPH","706560960","8.3","Switzerland"
"6981","VP Bank","VPBN.SW","706145137","112.345","Liechtenstein"
"6982","Salhia Real Estate Company","SRE.KW","705103374","1173.6","Kuwait"
"6983","Bally's Corporation","BALY","704554496","13.96","United States"
"6984","Auction Technology Group","ATG.L","704151808","5.81512","United Kingdom"
"6985","Uchida Yoko Co., Ltd.","8057.T","703913425","14.2722","Japan"
"6986","DATAGROUP SE","D6H.DE","703390793","84.8","Germany"
"6987","Vitesse Energy","VTS","703142080","16.7","United States"
"6988","Pollen Street Group","POLN.L","702694122","11.9054","United Kingdom"
"6989","Avon Protection","AVON.L","702046003","23.8372","United Kingdom"
"6990","LightPath Technologies","LPTH","701763328","10.02","United States"
"6991","Catapult Group International","CAT.AX","701702679","2.22075","Australia"
"6992","Cicor Technologies","CICN.SW","701033823","160.664","Switzerland"
"6993","LINK Mobility Group","LINK.OL","700900067","2.4727","Norway"
"6994","American Woodmark","AMWD","700651840","48.09","United States"
"6995","Waga Energy","WAGA.PA","700368594","26.1905","France"
"6996","Natural Grocers by Vitamin Cottage","NGVC","700363456","30.39","United States"
"6997","Worldline","WLN.PA","700239142","12.381","France"
"6998","Transport Corporation of India","TCI.NS","700109565","9.11231","India"
"6999","Mutares","MUX.DE","699990471","27.3243","Germany"
"7000","Green Dot","GDOT","699777984","12.28","United States"
"7001","Funai Soken Holdings Incorporated","9757.T","698165311","7.47745","Japan"
"7002","Five Point Holdings","FPH","698099776","4.72","United States"
"7003","Ponsse","PON1V.HE","697961120","24.9433","Finland"
"7004","Carter Bankshares","CARE","697697664","30.12","United States"
"7005","PennyMac Mortgage Investment Trust","PMT","697618880","8","United States"
"7006","Pakuwon Jati Tbk","PWON.JK","697187965","0.0144766","Indonesia"
"7007","LSB Industries","LXU","695495872","9.66","United States"
"7008","Hello Group Inc.","MOMO","695196736","4.84","China"
"7009","Ethos Watches","ETHOSLTD.NS","695008598","25.9742","India"
"7010","Bergman &amp; Beving","BERG-B.ST","694939733","26.0166","Sweden"
"7011","Seco S.p.A.","IOT.MI","694807778","5.24376","Italy"
"7012","PennantPark Floating Rate Capital Ltd.","PFLT","694525248","7","United States"
"7013","Middle East Healthcare Company","4009.SR","693762675","7.53762","Saudi Arabia"
"7014","Cera Sanitaryware","CERA.NS","693182170","53.756","India"
"7015","Kossan Rubber Industries","7153.KL","692669378","0.274847","Malaysia"
"7016","BASSAC","BASS.PA","692015433","43.0839","France"
"7017","Mühlbauer Holding","MUB.DE","691892440","48.7528","Germany"
"7018","Osisko Development","ODV","691717504","2.27","Canada"
"7019","Genomma Lab Internacional","LABB.MX","691520509","0.707255","Mexico"
"7020","Arrow Financial","AROW","691120192","37.31","United States"
"7021","Fundamenta Real Estate AG","FREN.SW","690586209","20.2029","Switzerland"
"7022","Doshisha Co.","7483.T","690437377","19.2359","Japan"
"7023","Bloomin' Brands","BLMN","690104640","8.06","United States"
"7024","Pinewood Technologies Group","PINE.L","689351448","5.9064","United Kingdom"
"7025","Shoei Co., Ltd.","7839.T","689288632","13.462","Japan"
"7026","OmniAb","OABI","689150464","4.74","United States"
"7027","Collegium Pharmaceutical","COLL","689112000","22.23","United States"
"7028","California BanCorp","BCAL","688343040","21.41","United States"
"7029","Peoples Financial Services","PFIS","688312832","68.76","United States"
"7030","Legacy Housing Corporation","LEGH","688281152","28.94","United States"
"7031","FleetPartners Group","FPR.AX","688174279","3.22131","Australia"
"7032","Viña Concha y Toro","CONCHATORO.SN","687628849","0.930473","Chile"
"7033","Ironwood Pharmaceuticals","IRWD","687398144","4.16","United States"
"7034","Suprajit Engineering","SUPRAJIT.NS","687397413","5.01094","India"
"7035","Arabian Contracting Services Company","4071.SR","687042241","12.4917","Saudi Arabia"
"7036","Funding Circle","FCH.L","686944971","2.44193","United Kingdom"
"7037","Cass Information Systems","CASS","686921856","53.64","United States"
"7038","Propel Holdings","PRL.TO","686717901","17.4414","Canada"
"7039","Filtronic","FTC.L","686630034","3.12186","United Kingdom"
"7040","indie Semiconductor","INDI","686154304","2.96","United States"
"7041","Gemini Space Station","GEMI","685860160","5.29","United States"
"7042","Hutchison Telecommunications Hong Kong Holdings","0215.HK","684870971","0.142116","Hong Kong"
"7043","SPARC","SPARC.NS","684139390","2.10815","India"
"7044","TANLA","TANLA.NS","683986356","5.17972","India"
"7045","SmarTone Telecommunications","0315.HK","683385031","0.620722","Hong Kong"
"7046","ParkOhio Holdings Corp.","PKOH","683348864","47.16","United States"
"7047","Lincoln Educational Services","LINC","683280704","21.54","United States"
"7048","Synergie SE","SDG.PA","683012404","30.0454","France"
"7049","Doman Building Materials Group","DBM.TO","682917241","7.76974","Canada"
"7050","Obsidian Energy","OBE","682602560","10.23","Canada"
"7051","Geopark","GPRK","682054400","10.51","Chile"
"7052","Zuken Inc.","6947.T","681736886","32.347","Japan"
"7053","MiMedx Group","MDXG","681513216","4.67","United States"
"7054","Bloomsbury Publishing","BMY.L","681214171","8.42637","United Kingdom"
"7055","RE/MAX Holdings","RMAX","681161536","12.36","United States"
"7056","Algoma Central Corporation","ALC.TO","680697769","16.7793","Canada"
"7057","Shenzhen Bingchuan Network","300533.SZ","680583179","2.07339","China"
"7058","Maxvalu Tokai","8198.T","680491032","21.3413","Japan"
"7059","MISTRAS Group","MG","679899904","21.34","United States"
"7060","Metals Exploration","MTL.L","679702091","0.222234","United Kingdom"
"7061","Ecclesiastical Insurance Office plc","ELLA.L","679526012","1.93775","United Kingdom"
"7062","Liberty Financial Group","LFG.AX","679511922","2.23818","Australia"
"7063","BlossomHill Therapeutics","BLSM","679243520","21.37","United States"
"7064","Similarweb","SMWB","678632512","7.69","Israel"
"7065","Indian Metals &amp; Ferro Alloys","IMFA.NS","677883453","12.5641","India"
"7066","Japan Lifeline","7575.T","677652384","9.65943","Japan"
"7067","Entravision Communications","EVC","677396160","7.34","United States"
"7068","Udemy","UDMY","677283328","4.63","United States"
"7069","Seika Corporation","8061.T","676966660","19.2678","Japan"
"7070","Eve Holding, Inc.","EVEX","676063488","1.94","United States"
"7071","Ridley Corporation","RIC.AX","675634661","1.8024","Australia"
"7072","Village Super Market","VLGEA","675460864","45.61","United States"
"7073","International Tower Hill Mines","THM","675194240","2.54","Canada"
"7074","Patrizia Immobilien","P1Z.VI","674408758","7.78912","Germany"
"7075","Sturm, Ruger &amp; Co","RGR","673962816","42.18","United States"
"7076","Zevra Therapeutics","ZVRA","673412096","11.34","United States"
"7077","Credit Corp Group","CCP.AX","673218798","9.89053","Australia"
"7078","Cannae Holdings","CNNE","673168064","15.52","United States"
"7079","MA Financial Group","MAF.AX","672847703","3.3747","Australia"
"7080","Interfor","IFP.TO","672211698","10.2211","Canada"
"7081","Midland States Bancorp","MSBI","672160896","32.39","United States"
"7082","Information Services Corporation","ISC.TO","671426310","35.9042","Canada"
"7083","Collins Foods Limited","CKF.AX","671400630","5.66867","Australia"
"7084","Silence Therapeutics","SLN","671264192","10.8","United Kingdom"
"7085","Campus Activewear","CAMPUS.NS","670437934","2.19327","India"
"7086","Atal S.A.","1AT.WA","670272790","15.4939","Poland"
"7087","Nuvectis Pharma","NVCT","670182720","20.53","United States"
"7088","Donegal Group","DGICA","669486336","18.07","United States"
"7089","Barco NV","BAR.BR","669469801","8.22562","Belgium"
"7090","Papa John's Pizza","PZZA","669297920","20.33","United States"
"7091","EverQuote","EVER","668908736","18.91","United States"
"7092","Truecaller","TRUE-B.ST","667541542","2.1914","Sweden"
"7093","Super Hi International","9658.HK","667430263","1.13438","Singapore"
"7094","Al-Ahleia Insurance","AINS.KW","666948627","2714.56","Kuwait"
"7095","JBCC Holdings","9889.T","666651006","11.0503","Japan"
"7096","Caisse Régionale de Crédit Agricole du Morbihan","CMO.PA","666374073","127.098","France"
"7097","Southern Province Cement Company","3050.SR","666347117","4.75962","Saudi Arabia"
"7098","ACICO Industries Company","ACICO.KW","666086260","2015.6","Kuwait"
"7099","Dometic Group","DOM.ST","665624310","2.08333","Sweden"
"7100","Okamoto Industries","5122.T","665523586","39.3013","Japan"
"7101","KDH (Khang Dien House Trading and Investment)","KDH.VN","665464364","0.592992","Vietnam"
"7102","Grendene","GRND3.SA","665325156","0.73748","Brazil"
"7103","Riyadh Cement Company","3092.SR","664802253","5.54002","Saudi Arabia"
"7104","Artea Bankas","ROE1L.VS","664250318","1.02834","Lithuania"
"7105","Hallador Energy Company","HNRG","664249920","14.09","United States"
"7106","Kimball Electronics","KE","664125440","27.71","United States"
"7107","Once Upon A Farm","OFRM","663872256","15.81","United States"
"7108","Factorial Energy","FAC","663544128","6.2","United States"
"7109","Starling Oncology","STLN","663473920","6.51","United States"
"7110","IperionX","IPX","662899456","18.3","United States"
"7111","New Mountain Finance Corporation","NMFC","662583488","7.015","United States"
"7112","Chatham Lodging Trust","CLDT","661601920","13.48","United States"
"7113","OneSpan","OSPN","660638144","17.82","United States"
"7114","Climb Bio","CLYM","660516928","11.5","United States"
"7115","Lycopodium","LYL.AX","660305051","16.6155","Australia"
"7116","NIPPON KANZAI Holdings","9347.T","659736220","18.1641","Japan"
"7117","ES-CON JAPAN","8892.T","659498569","6.87772","Japan"
"7118","GOLDCREST Co.,Ltd.","8871.T","658390696","19.8101","Japan"
"7119","Grupo Supervielle","SUPV","657777152","6.96","Argentina"
"7120","Red River Bancshares","RRBI","657488832","99.86","United States"
"7121","Hovnanian Enterprises","HOV","657388224","112.19","United States"
"7122","Tuas Limited","TUA.AX","656530604","1.19718","Australia"
"7123","Shattuck Labs","STTK","656375680","6.54","United States"
"7124","AngioDynamics","ANGO","656049408","15.6","United States"
"7125","Helen of Troy","HELE","655671488","28.15","United States"
"7126","Momentum Group AB","MMGR-B.ST","654959448","13.2485","Sweden"
"7127","Calian Group","CGY.TO","654868073","56.8325","Canada"
"7128","EnQuest","ENQ.L","653628668","0.351209","United Kingdom"
"7129","RWS Holdings","RWS.L","653498079","1.76068","United Kingdom"
"7130","Petco","WOOF","653036160","2.28","United States"
"7131","Sable Offshore","SOC","652356544","3.4","United States"
"7132","Bank Alfalah","BAFL.PK","652309668","0.206798","Pakistan"
"7133","Aoyama Trading","8219.T","652058618","4.59365","Japan"
"7134","AO World","AO.L","651738537","1.17599","United Kingdom"
"7135","Chaince Digital Holdings","CD","651222528","5.92","United States"
"7136","Arabi Group Holding","AGHC.KW","650721123","1254.07","Kuwait"
"7137","ProKidney","PROK","650667584","1.63","United States"
"7138","Bar Harbor Bankshares","BHB","650523904","38.8","United States"
"7139","OTC Markets Group","OTCM","650103296","54.25","United States"
"7140","Tron Inc.","TRON","649903424","1.37","United States"
"7141","Séché Environnement","SCHP.PA","649709330","83.6735","France"
"7142","Weebit Nano","WBT.AX","649615686","2.69837","Australia"
"7143","Sembcorp Salalah Power & Water Company","SSPW.OM","649604824","0.680519","Oman"
"7144","Earth Corporation","4985.T","649584680","29.6354","Japan"
"7145","Oeneo","SBT.PA","649154446","10.3628","France"
"7146","Litgrid AB","LGD1L.VS","648997856","1.28685","Lithuania"
"7147","Mensch und Maschine","MUM.F","647949040","38.8889","Germany"
"7148","Armada Hoffler Properties","AHH","647902656","6.25","United States"
"7149","Mediterranean Towers","MDTR.TA","647643217","4.2592","Israel"
"7150","Oma Säästöpankki","OMASP.HE","647492405","19.5011","Finland"
"7151","Mativ Holdings","MATV","647379776","11.73","United States"
"7152","DoubleDown Interactive","DDI","647167936","13.06","United States"
"7153","Construtora Tenda S.A.","TEND3.SA","647098586","5.27627","Brazil"
"7154","Tri Chemical Laboratories","4369.T","646873927","19.9058","Japan"
"7155","RAK Ceramics","RAKCEC.AE","646685508","0.65","United Arab Emirates"
"7156","New Found Gold","NFGC","645720640","1.68","Canada"
"7157","Ascopiave","ASC.MI","645387298","2.98186","Italy"
"7158","Johnson Service Group PLC","JSG.L","644959638","1.80565","United Kingdom"
"7159","Voltalia","VLTSA.PA","644481357","4.92063","France"
"7160","Morita Holdings Corporation","6455.T","644143626","15.6822","Japan"
"7161","Mannai Corporation","MCCS.QA","643932535","1.41154","Qatar"
"7162","Park Aerospace","PKE","643835904","29.6","United States"
"7163","Reitir fasteignafélag","REITIR.IC","643502471","0.948419","Iceland"
"7164","Evertz Technologies","ET.TO","642713884","8.48825","Canada"
"7165","Priority Technology Holdings","PRTH","642458624","7.79","United States"
"7166","Merida Industry","9914.TW","641451503","2.14544","Taiwan"
"7167","ACNB Corporation","ACNB","641418496","62.81","United States"
"7168","Yext","YEXT","641382016","6.48","United States"
"7169","Property For Industry","PFI.NZ","640822501","1.27532","New Zealand"
"7170","Scholastic","SCHL","640648640","34.8","United States"
"7171","First Watch Restaurant","FWRG","640575104","10.38","United States"
"7172","Tiptree","TIPT","640522752","17.2","United States"
"7173","Glass House Brands","GLAS","639906624","6.79","United States"
"7174","Northfield Bancorp","NFBK","639406784","15.31","United States"
"7175","Hingham Institution for Savings","HIFS","639092096","290.86","United States"
"7176","SLR Investment","SLRC","638834752","11.71","United States"
"7177","Jahez International Company for Information Systems Technology","6017.SR","638742141","3.12958","Saudi Arabia"
"7178","Aura Biosciences","AURA","637784576","6.15","United States"
"7179","Zignago Vetro","ZV.MI","637471471","7.22222","Italy"
"7180","Summit Hotel Properties","INN","637413952","5.91","United States"
"7181","Carlton Investments","CIN.AX","637330560","24.1947","Australia"
"7182","Systems Limited (Pakistan)","SYS.PK","637283085","0.432524","Pakistan"
"7183","Tronox","TROX","637203136","3.99","United States"
"7184","ENCE Energía y Celulosa","ENC.MC","636897720","2.63039","Spain"
"7185","Skipper Limited","SKIPPER.NS","636511422","5.63763","India"
"7186","Consensus Cloud Solutions","CCSI","635691520","34.69","United States"
"7187","Rashtriya Chemicals and Fertilizers","RCF.NS","634975912","1.15097","India"
"7188","Foresight Group","FSG.L","633925192","5.74104","United Kingdom"
"7189","Bahnhof AB","3B7.F","632951272","5.88435","Sweden"
"7190","Hudson Pacific Properties","HPP","632773504","11.66","United States"
"7191","Floridienne S.A.","FLOB.BR","632529394","64.6258","Belgium"
"7192","mobilezone Holding","MOZN.SW","632072794","14.6516","Switzerland"
"7193","Al-Maidan Clinic for Oral Health Services","MIDAN.KW","631989614","3120.94","Kuwait"
"7194","Keihanshin Building","8818.T","631818936","6.62252","Japan"
"7195","ADENTRA Inc.","ADEN.TO","631580776","26.0494","Canada"
"7196","GDI Integrated Facility Services","GDI.TO","631553405","26.8246","Canada"
"7197","Enghouse Systems","ENGH.TO","630662619","11.7004","Canada"
"7198","Smith &amp; Wesson","SWBI","630445888","14.06","United States"
"7199","Gladstone Investment","GAIN","630381760","15.83","United States"
"7200","Cromwell Property Group","CMW.AX","629974175","0.240552","Australia"
"7201","Shizuoka Gas","9543.T","629755492","8.35152","Japan"
"7202","BellSystem24","6183.T","629434059","8.46636","Japan"
"7203","Roland Corporation","7944.T","627673284","23.7977","Japan"
"7204","Shentel","SHEN","627281792","11.33","United States"
"7205","Cognyte Software","CGNT","626946048","8.49","Israel"
"7206","Integral Corporation","5842.T","626643025","18.381","Japan"
"7207","Klaveness Combination Carriers","KCC.OL","626489589","10.5616","Norway"
"7208","Yesway, Inc.","YSWY","626206016","20.08","United States"
"7209","PNE AG","PNE3.DE","626201884","8.1746","Germany"
"7210","United States Antimony Corporation","UAMY","625617984","4.18","United States"
"7211","Reservoir Media","RSVR","625236096","9.5","United States"
"7212","Bank Jago","ARTO.JK","625149101","0.0451002","Indonesia"
"7213","Vulcan Energy Resources","VUL.AX","624775369","1.30526","Australia"
"7214","Maharah for Human Resources Company","1831.SR","623689859","1.09469","Saudi Arabia"
"7215","Betterware de Mexico","BWMX","623463232","16.74","Mexico"
"7216","Onward Holdings Co., Ltd.","8016.T","623418710","4.57451","Japan"
"7217","Forge Global","FRGE","623007296","45","United States"
"7218","Sveafastigheter AB","SVEAF.ST","622049280","3.15201","Sweden"
"7219","G City","GCT.TA","621795179","3.75122","Israel"
"7220","Phreesia","PHR","621330176","10.01","United States"
"7221","India Tourism Development Corp","ITDC.NS","620170482","7.23067","India"
"7222","Grid Dynamics","GDYN","619809344","7.64","United States"
"7223","Nanosonics Limited","NAN.AX","618485591","2.06735","Australia"
"7224","CJ CGV Co., Ltd.","079160.KS","618477879","3.73516","South Korea"
"7225","CorMedix","CRMD","618098432","7.93","United States"
"7226","Schweiter Technologies","SWTQ.SW","618016988","431.634","Switzerland"
"7227","Direct Finance of Direct Group","DIFI.TA","617705181","206.806","Israel"
"7228","Wheels India","WHEELS.NS","617627147","22.9923","India"
"7229","COVER Corporation","5253.T","617612425","9.68495","Japan"
"7230","K-Electric","KEL.PK","616464032","0.0223234","Pakistan"
"7231","Gladstone Commercial","GOOD","616180864","12.62","United States"
"7232","IPH Limited","IPH.AX","614967063","2.39506","Australia"
"7233","Northern Data AG","NB2.DE","614672234","9.57483","Germany"
"7234","ECN Capital","ECN.TO","614662284","2.18172","Canada"
"7235","Alpha HPA Limited","A4N.AX","614531978","0.423232","Australia"
"7236","Array Technologies","ARRY","614490688","3.99","United States"
"7237","Solowin Holdings","SWIN","614008064","3.28","Hong Kong"
"7238","Nerdy, Inc,","NRDY","613958528","8.5","United States"
"7239","Tidewater Renewables","LCFS.TO","613304252","16.7863","Canada"
"7240","Citycon","CTY1S.HE","612937268","3.339","Finland"
"7241","Wakita & Co.,LTD.","8125.T","612654827","12.3199","Japan"
"7242","Arnoldo Mondadori Editore","MN.MI","612202356","2.34694","Italy"
"7243","Hemnet Group AB","HEM.ST","612135028","6.84437","Sweden"
"7244","oOh!media Limited","OML.AX","612109822","1.15883","Australia"
"7245","VTEX","VTEX","612045120","3.59","United Kingdom"
"7246","EagleRock Land","EROK","611881344","25.02","United States"
"7247","Vinci Compass Investments","VINP","611869824","9.32","Brazil"
"7248","Coastal Financial Corporation","CCB","611147328","39.98","United States"
"7249","Forward Industries","FWDI","611068608","8.01","United States"
"7250","Climb Global Solutions","CLMB","610949376","32.74","United States"
"7251","Sumitomo Seika Chemicals Company","4008.T","610401502","9.52545","Japan"
"7252","Bank AL Habib","BAHL.PK","610352582","0.549162","Pakistan"
"7253","Maxell, Ltd.","6810.T","609344588","16.5308","Japan"
"7254","Alfa Financial Software","ALFA.L","608493242","2.04508","United Kingdom"
"7255","Arena REIT","ARF.AX","608383881","1.48863","Australia"
"7256","IsoEnergy","ISO.TO","608154714","9.31946","Canada"
"7257","Fulgent Genetics","FLGT","607537664","22.08","United States"
"7258","Aeon Kyushu","2653.T","607345691","17.7685","Japan"
"7259","Miller Industries","MLR","607114816","53.48","United States"
"7260","Mama's Creations","MAMA","606787904","12.87","United States"
"7261","Rogers Sugar (Lantic)","RSI.TO","606675953","4.71961","Canada"
"7262","Matthews International Corporation","MATW","606471936","19.43","United States"
"7263","A'ayan Leasing and Investment Company","AAYAN.KW","604456610","910.273","Kuwait"
"7264","Hayat Communications Company","DIGITUS.KW","604338586","5627.44","Kuwait"
"7265","F.I.L.A. - Fabbrica Italiana Lapis ed Affini","FILA.MI","604163572","11.9728","Italy"
"7266","Yanbu Cement Company","3060.SR","604075124","3.8354","Saudi Arabia"
"7267","Nichiha Corporation","7943.T","603776528","18.5533","Japan"
"7268","Basler Kantonalbank","BSKP.SW","603498586","118.34","Switzerland"
"7269","Enovix","ENVX","603483456","2.75","United States"
"7270","MCAN Mortgage Corporation","MKP.TO","603132113","14.7413","Canada"
"7271","Fiera Milano","FM.MI","603129921","8.44671","Italy"
"7272","Tian An China Investments Company","0028.HK","602632572","0.411053","Hong Kong"
"7273","Qatari Investors Group","QIGD.QA","601140449","0.483516","Qatar"
"7274","Duniec Bros.","DUNI.TA","600999118","77.8574","Israel"
"7275","ME Group International","MEGP.L","600649399","1.60326","United Kingdom"
"7276","Civmec Limited","CVL.AX","600520298","1.17836","Australia"
"7277","Wickes Group","WIX.L","600380771","2.73824","United Kingdom"
"7278","ProCredit","PCZ.DE","600337214","10.1927","Germany"
"7279","Creotech Instruments","CRI.WA","600035535","210.218","Poland"
"7280","Mavi Giyim Sanayi ve Ticaret","MAVI.IS","599632525","0.765223","Turkey"
"7281","CytomX Therapeutics","CTMX","599223040","2.75","United States"
"7282","Pakistan State Oil Company","PSO.PK","599051602","1.27601","Pakistan"
"7283","NETGEAR","NTGR","599025600","22.04","United States"
"7284","Hertz","HTZ","598838336","1.68","United States"
"7285","Energy Absolute","EA.BK","598220792","0.0805489","Thailand"
"7286","DIP Corporation","2379.T","597242601","11.4076","Japan"
"7287","TINC NV","TINC.BR","596990275","12.3129","Belgium"
"7288","Velocity Financial","VEL","596959616","15.12","United States"
"7289","Phathom Pharmaceuticals","PHAT","595430912","7.36","United States"
"7290","Shinagawa Refractories","5351.T","595095584","13.0409","Japan"
"7291","Bit Digital","BTBT","595045248","1.65","United States"
"7292","Nilfisk Holding","NLFSK.CO","594716482","21.9239","Denmark"
"7293","Aditya Birla Fashion and Retail","ABFRL.NS","594696973","0.488748","India"
"7294","OrthoPediatrics","KIDS","594258752","22.76","United States"
"7295","Lumibird","LBIRD.PA","594170792","26.9274","France"
"7296","Transport International Holdings","0062.HK","594121078","1.10761","Hong Kong"
"7297","Acast AB","ACAST.ST","593391276","3.25208","Sweden"
"7298","Care Property Invest NV","CPINV.BR","593355010","14.0363","Belgium"
"7299","Vaalco Energy","EGY","593281600","5.64","United States"
"7300","Ricegrowers Limited","SGLLV.AX","592443857","8.55529","Australia"
"7301","WhiteHawk Minerals Corp","WHK","592268736","24.89","United States"
"7302","Weave Communications","WEAV","592115328","7.36","United States"
"7303","Endúr ASA","ENDUR.OL","591347848","11.5823","Norway"
"7304","Avalon Pharma (Middle East Pharmaceutical)","4016.SR","589159689","16.8331","Saudi Arabia"
"7305","Praj Industries","PRAJIND.NS","589090472","3.20483","India"
"7306","FDC India","FDC.NS","588697985","3.61586","India"
"7307","YG Entertainment","122870.KQ","588228054","31.7157","South Korea"
"7308","Patriot Battery Metals","PMET.TO","588107383","3.16284","Canada"
"7309","MyState Limited","MYS.AX","588056452","3.43746","Australia"
"7310","Ooma","OOMA","587604032","21.29","United States"
"7311","Centiel","CNTL.SW","587029581","7.1939","Switzerland"
"7312","Marshalls plc","MSLH.L","586759648","2.32023","United Kingdom"
"7313","Malam - Team","MLTM.TA","586655697","26.7938","Israel"
"7314","Wellneo Sugar","2117.T","586519276","17.9152","Japan"
"7315","Aquestive Therapeutics","AQST","586139392","4.67","United States"
"7316","Saudi Ceramic Company","2040.SR","585415863","5.87295","Saudi Arabia"
"7317","3D Systems","DDD","584837504","3.52","United States"
"7318","Zojirushi","7965.T","583755943","9.19369","Japan"
"7319","Tilray Brands","TLRY","583739456","3.95","Canada"
"7320","Autohellas","OTOEL.AT","583454384","12.1315","Greece"
"7321","AGNT, Inc","AGNT","583349888","3.55","United States"
"7322","The Elmet Group","ELMT","583299392","19.15","United States"
"7323","Opthea","OPT","583100736","3.41","Australia"
"7324","Evotec","EVO","582838144","1.64","Germany"
"7325","Valneva SE","VALN","582216000","6.14","France"
"7326","Groupe CRIT","CEN.PA","581688906","55.2154","France"
"7327","Bluelinx","BXC","581656192","74.74","United States"
"7328","Kempower","KEMPOWR.HE","581485115","10.4875","Finland"
"7329","Gulf Keystone Petroleum","GKP.L","581030244","2.6721","Bermuda"
"7330","Capital Bancorp","CBNK","580754752","35.65","United States"
"7331","Iwaki Co.","6237.T","580691457","26.0945","Japan"
"7332","Latitude Group Holdings","LFS.AX","579965374","0.557802","Australia"
"7333","Sagimet Biosciences","SGMT","579940224","9.33","United States"
"7334","Gulf Oil Lubricants","GULFOILLUB.NS","579713969","11.6983","India"
"7335","Altimmune","ALT","577717568","2.97","United States"
"7336","Hankyu Hanshin REIT","8977.T","577492595","830.686","Japan"
"7337","AH Realty Trust","AHRT","577373376","6.02","United States"
"7338","First Business Financial Services","FBIZ","576995648","68.95","United States"
"7339","Bannerman Energy","BMN.AX","576964220","2.41598","Australia"
"7340","Saudi Paper Manufacturing Company","2300.SR","576779025","15.6079","Saudi Arabia"
"7341","Kearny Financial","KRNY","576140288","9.12","United States"
"7342","IBEX","IBEX","576027136","43.38","United States"
"7343","Hapvida","HAPV3.SA","575997575","1.2124","Brazil"
"7344","Unilever Pakistan Foods","UPFL.PK","575281903","90.3121","Pakistan"
"7345","Saibu Gas Holdings","9536.T","574989911","15.9757","Japan"
"7346","Norma Group","NOEJ.F","574188825","20.0227","Germany"
"7347","Gaotu Techedu","GOTU","573536256","2.44","China"
"7348","Sparebanken Møre","MORG.OL","573520947","11.5677","Norway"
"7349","Alpen Co.,Ltd.","3028.T","573435272","14.872","Japan"
"7350","Hyster-Yale Materials Handling","HY","573308864","32","United States"
"7351","Greenlam Industries","GREENLAM.NS","573298084","2.24693","India"
"7352","SMASCO (Saudi Manpower Solutions Company)","1834.SR","573178865","1.43295","Saudi Arabia"
"7353","Greene County Bancorp","GCBC","573077760","33.66","United States"
"7354","Teamshares","TMS","572707328","7.74","United States"
"7355","Janus International Group","JBI","571665984","4.19","United States"
"7356","Limbach Holdings","LMB","571615168","47.95","United States"
"7357","CJ ENM CO., Ltd.","035760.KQ","571431511","27.5164","South Korea"
"7358","Hindustan Construction Company","HCC.NS","570671745","0.217858","India"
"7359","NEC Capital Solutions","8793.T","570449079","26.4773","Japan"
"7360","Sprout Social","SPT","570172736","9.41","United States"
"7361","Snt Dynamics","003570.KS","570004935","22.8751","South Korea"
"7362","Italtile","ITE.JO","569508600","0.487127","South Africa"
"7363","Kelly Services","KELYA","568909184","16.38","United States"
"7364","Pacific Biosciences","PACB","568820288","1.83","United States"
"7365","Docebo","DCBO","568306240","22.78","Canada"
"7366","Neurogene","NGNE","568123136","28.39","United States"
"7367","Credit Agricole Mutuel Toulouse 31","CAT31.PA","567980426","125.85","France"
"7368","Contango Ore","CTGO","567488512","16.97","United States"
"7369","Medgulf (The Mediterranean and Gulf Cooperative Insurance and Reinsurance Company)","8030.SR","567056344","4.10441","Saudi Arabia"
"7370","Wild Bunch","WBAH.F","566923642","23.6783","Germany"
"7371","Al-Saif Stores for Development &amp; Investment","4192.SR","566786536","1.61939","Saudi Arabia"
"7372","BFF Bank","BFF.MI","566697523","3","Italy"
"7373","Obrascón Huarte Lain","OHLA.MC","566458829","0.409751","Spain"
"7374","Texmaco Rail &amp; Engineering","TEXRAIL.NS","566083482","1.39133","India"
"7375","Granite Ridge Resources","GRNT","565852032","4.29","United States"
"7376","Energy Resources of Australia","ERA.AX","565327349","0.00139451","Australia"
"7377","Bridgewater Bancshares","BWB","564647424","20.25","United States"
"7378","Integral Diagnostics Limited","IDX.AX","564464050","1.51304","Australia"
"7379","Gulf Investment House Company","GIH.KW","564138741","1394.67","Kuwait"
"7380","MapLight Therapeutics","MPLT","564093568","10.15","United States"
"7381","Southern First Bancshares","SFST","564043008","59.55","United States"
"7382","init innovation in traffic systems","IXX.DE","563909968","51.5873","Germany"
"7383","Audax Renovables","ADX.MC","563826303","1.26757","Spain"
"7384","Insteel Industries","IIIN","563131456","29.09","United States"
"7385","IDI","IDIP.PA","563036898","78.9116","France"
"7386","Avax S.A.","AVAX.AT","562836807","3.8322","Greece"
"7387","Lotus Technology","LOT","562797696","0.87","China"
"7388","Cineplex","CGX.TO","562299417","8.92499","Canada"
"7389","Tallink Grupp","T5N.F","562013478","0.750567","Estonia"
"7390","Weathernews Inc.","4825.T","561910559","12.6517","Japan"
"7391","Ashtead Technology","AT.L","561555351","6.9845","United Kingdom"
"7392","Modern Mills for Food Products","2284.SR","561453186","6.93035","Saudi Arabia"
"7393","Fujimori Kogyo","7917.T","560970249","7.86025","Japan"
"7394","SIG (Semen Indonesia)","SMGR.JK","560670318","0.0832405","Indonesia"
"7395","Prime Medicine","PRME","560454464","3.09","United States"
"7396","Aurelia Metals","AMI.AX","560219041","0.325617","Australia"
"7397","Cars.com","CARS","559952192","10.46","United States"
"7398","Unitika Ltd.","3103.T","559846069","9.71047","Japan"
"7399","ADTRAN","ADTN","559777280","6.87","United States"
"7400","Allogene Therapeutics","ALLO","559695232","1.62","United States"
"7401","The Honest Company","HNST","558951616","5.21","United States"
"7402","PAR Technology","PAR","558810176","13.51","United States"
"7403","Figeac Aero","FGA.PA","558365297","12.6077","France"
"7404","Musti Group","MUSTI.HE","558357533","16.7234","Finland"
"7405","Ryobi Limited","5851.T","558321796","17.66","Japan"
"7406","XMax Inc.","XMAX","558127616","8.65","United States"
"7407","Franklin BSP Realty Trust","FBRT","558065152","6.72","United States"
"7408","TV TOKYO Holdings","9413.T","557419484","20.8628","Japan"
"7409","Blackline Safety","BLN.TO","557417580","6.37499","Canada"
"7410","Ackerstein Group","ACKR.TA","557084908","1.93097","Israel"
"7411","Wajax Corporation","WJX.TO","556953024","25.5718","Canada"
"7412","West Holdings","1407.T","556662260","14.0362","Japan"
"7413","Arata Corporation","2733.T","556172427","16.6137","Japan"
"7414","The Star Entertainment Group","SGR.AX","555253307","0.0836703","Australia"
"7415","Grenke","GLJ.F","554978340","12.5624","Germany"
"7416","Trilogy Metals","TMQ","554612672","3.1","Canada"
"7417","Nueva Expresión Textil","NXT.MC","554398204","1.19955","Spain"
"7418","PZ Cussons plc","PZC.L","553821523","1.31621","United Kingdom"
"7419","RaySearch Laboratories AB","RAY-B.ST","552918491","18.5519","Sweden"
"7420","Australian Agricultural Company","AAC.AX","552669255","0.916887","Australia"
"7421","Titan Machinery","TITN","552552384","23.48","United States"
"7422","CSB Bank","CSBBANK.NS","552152943","3.25797","India"
"7423","Civista Bancshares","CIVB","552086976","26.55","United States"
"7424","Zeria Pharmaceutical","4559.T","552054110","12.5241","Japan"
"7425","Hypoport","HYQ.F","552027265","83.39","Germany"
"7426","Inghams Group","ING.AX","551999446","1.48515","Australia"
"7427","Sekisui Jushi Corporation","4212.T","551568772","18.3938","Japan"
"7428","Investors Title Company","ITIC","551464768","292.09","United States"
"7429","Pepper Money Limited","PPM.AX","551310047","1.22716","Australia"
"7430","Peet Limited","PPC.AX","551189829","1.17138","Australia"
"7431","AmRest","EAT.MC","550888544","2.56803","Spain"
"7432","Unity Bancorp","UNTY","550734976","54.84","United States"
"7433","Meeza QSTP LLC (Public)","MEZA.QA","550563219","0.848352","Qatar"
"7434","THG (The Hut Group)","THG.L","550390485","0.346844","United Kingdom"
"7435","AvenuesAI Limited","CCAVENUE.NS","550188246","0.158054","India"
"7436","Delcath Systems","DCTH","549975936","15.85","United States"
"7437","Hollywood Bowl Group","BOWL.L","549864065","3.30044","United Kingdom"
"7438","Enviri Corporation","NVRI","549707328","19.5","United States"
"7439","Vadilal Industries","VADILALIND.NS","548860225","76.3597","India"
"7440","Grupo Empresarial San José","GSJ.MC","548519347","8.43537","Spain"
"7441","Crescent Biopharma","CBIO","548287232","14.76","United States"
"7442","GAMCO Investors","GAMI","547677760","25.5","United States"
"7443","Bukalapak.com","BUKA.JK","547115897","0.00595768","Indonesia"
"7444","NerdWallet","NRDS","545903936","8.54","United States"
"7445","Invictus Investment Company","INVICTUS.AE","545880298","0.49","United Arab Emirates"
"7446","Plus Alpha Consulting","4071.T","545798497","13.009","Japan"
"7447","SiteMinder","SDR.AX","545760450","1.9279","Australia"
"7448","Miquel y Costas &amp; Miquel","MCM.MC","545316553","14.6258","Spain"
"7449","Ecora Resources","ECOR.L","544956800","2.18266","United Kingdom"
"7450","Kyokuto Kaihatsu Kogyo","7226.T","544658690","14.1446","Japan"
"7451","Cardinal Infrastructure Group","CDNL","544555840","27.37","United States"
"7452","Lumax Industries","LUMAXIND.NS","544424059","58.2413","India"
"7453","Costamare Bulkers Holdings Limited","CMDB","543624320","22.37","Monaco"
"7454","Nyab AB","NYAB.ST","543403803","0.763488","Sweden"
"7455","AS Merko Ehitus","MRK1T.TL","542840109","30.6689","Estonia"
"7456","BrainsWay","BWAY","542610240","13.48","Israel"
"7457","Tadiran Group","TDRN.TA","542391459","63.1716","Israel"
"7458","S Foods Inc.","2292.T","542377037","17.1241","Japan"
"7459","Asia Financial Holdings","0662.HK","541832268","0.586308","Hong Kong"
"7460","Rayonier Advanced Materials","RYAM","541830144","8.01","United States"
"7461","Bawan Company","1302.SR","541749947","9.02917","Saudi Arabia"
"7462","Chrysos Corporation Limited","C79.AX","541473494","4.6437","Australia"
"7463","Garofalo Health Care","GHC.MI","541379030","6.12245","Italy"
"7464","Amotiv Limited","AOV.AX","541298121","4.04407","Australia"
"7465","Zephyrus Wing Energies","ZPRS.TA","541193819","7.94529","Israel"
"7466","Fourth Milling","2286.SR","540791063","1.00146","Saudi Arabia"
"7467","Northrim BanCorp","NRIM","540102912","24.28","United States"
"7468","Integra Resources","ITRG","539642368","2.66","Canada"
"7469","ARGO GRAPHICS","7595.T","539221399","7.84749","Japan"
"7470","Samhällsbyggnadsbolaget i Norden","SBB-B.ST","539091800","0.276176","Sweden"
"7471","BAVARIA Industries Group AG","B8A.MU","538992091","120.181","Germany"
"7472","Abacus Group","ABG.AX","538986098","0.603124","Australia"
"7473","Gokaldas Exports","GOKEX.NS","538482512","7.34893","India"
"7474","Porvair plc","PRV.L","537819407","11.6408","United Kingdom"
"7475","United International Holding Company","4083.SR","537754724","7.17006","Saudi Arabia"
"7476","SD BioSensor","137310.KS","537566940","4.49398","South Korea"
"7477","Heimar","HEIMAR.IC","537535030","0.27787","Iceland"
"7478","NVE Corporation","NVEC","537264128","111.07","United States"
"7479","WA1 Resources","WA1.AX","537101708","7.22354","Australia"
"7480","Monopar Therapeutics","MNPR","536973760","80","United States"
"7481","Viaplay Group","VPLAY-B.ST","536323490","0.118376","Sweden"
"7482","SMCP S.A.","SMCP.PA","536257397","6.86508","France"
"7483","Schoeller-Bleckmann Oilfield Equipment","SBO.VI","536036191","34.0136","Austria"
"7484","Restore plc","RST.L","535012401","4.06768","United Kingdom"
"7485","Quess","QUESS.NS","534944153","3.58095","India"
"7486","Eastern Province Cement Company","3080.SR","533706215","6.20589","Saudi Arabia"
"7487","Ramaco Resources","METC","533665824","8.38","United States"
"7488","Addiko Bank","ZYE1.F","533567184","27.6644","Austria"
"7489","Arabian Cement Company","3010.SR","532694113","5.32694","Saudi Arabia"
"7490","Ooredoo Oman","ORDS.OM","532590747","0.818182","Oman"
"7491","Kyoei Steel","5440.T","532360133","12.2497","Japan"
"7492","GMR Solutions Inc.","GMRS","531573664","9.84","United States"
"7493","Senseonics Holdings","SENS","531384224","10.05","United States"
"7494","AMTD Digital","HKD","531132128","1.69","Hong Kong"
"7495","Oman Cement Company","OCOI.OM","531115168","1.60519","Oman"
"7496","Equasens","EQS.PA","530899175","35.3175","France"
"7497","Huya","HUYA","529809312","2.32","China"
"7498","Ethan Allen","ETD","529544800","21.01","United States"
"7499","Vastned Belgium NV","VASTB.BR","529032291","31.6327","Belgium"
"7500","Singapore Post","S08.SI","528725426","0.234736","Singapore"
"7501","Quadient","QDT.PA","528594958","15.5102","France"
"7502","VRL Logistics","VRLLOG.NS","528292229","3.0199","India"
"7503","Universal Health Realty Income Trust","UHT","528288960","38.01","United States"
"7504","Duc Giang Chemicals Group","DGC.VN","527916832","1.39007","Vietnam"
"7505","Evolus","EOLS","527743008","7.99","United States"
"7506","W&amp;T Offshore","WTI","526790880","3.49","United States"
"7507","MSTC Limited","MSTCLTD.NS","526606374","7.4802","India"
"7508","Bank7","BSVN","526589312","55.28","United States"
"7509","E7 Group PJSC","E7.AE","525884290","0.25","United Arab Emirates"
"7510","Pangaea Logistics Solutions","PANL","525754368","8.03","United States"
"7511","BMC Minerals","BMC.AX","524691858","1.91047","Canada"
"7512","Flushing Financial Corp","FFIC","524179680","15.47","United States"
"7513","Phu Nhuan Jewelry (PNJ)","PNJ.VN","524137436","1.02426","Vietnam"
"7514","Arabian Mills for Food Products","2285.SR","524015852","10.2117","Saudi Arabia"
"7515","Amper, S.A.","AMP.MC","523699067","5.30612","Spain"
"7516","Daiwa Industries","6459.T","523559657","10.6611","Japan"
"7517","Home Bancorp","HBCP","523326144","66.49","United States"
"7518","TomTom","TOM2.AS","522544200","4.21315","Netherlands"
"7519","Elior Group","ELIOR.PA","522305507","2.0805","France"
"7520","Hamilton Beach Brands","HBB","521965792","38.83","United States"
"7521","SEALSQ","LAES","521838880","2.32","Switzerland"
"7522","RVRC Holding","RVRC.ST","521519791","4.92915","Sweden"
"7523","PDS Multinational","PDSL.NS","521510059","3.69244","India"
"7524","eMudhra","EMUDHRA.NS","521469603","6.35601","India"
"7525","BEWi ASA","BEWI.OL","521042020","2.20293","Norway"
"7526","Bankwell Financial Group","BWFG","520808960","65.33","United States"
"7527","Tamdeen Real Estate Company","TAM.KW","519493226","1293.89","Kuwait"
"7528","Qatar General Insurance & Reinsurance Company","QGRI.QA","519270526","0.593407","Qatar"
"7529","Agomab Therapeutics","AGMB","518581184","10.53","Belgium"
"7530","Sinko Industries","6458.T","518360593","7.71989","Japan"
"7531","OppFi","OPFI","518066144","6.08","United States"
"7532","Solid Power","SLDP","517971360","2.27","United States"
"7533","Galiano Gold","GAU","517951680","1.98","Canada"
"7534","NRJ Group","NRG.PA","517876772","6.68934","France"
"7535","NetDragon Websoft","0777.HK","517000786","0.982704","China"
"7536","TRE Holdings Corporation","9247.T","516932384","10.9929","Japan"
"7537","Birla Carbon (Thailand)","BCT.BK","516855623","1.72285","Thailand"
"7538","Veradigm","MDRX","516615808","4.74","United States"
"7539","Wabash National","WNC","516547360","12.68","United States"
"7540","H.I.S. Co., Ltd.","9603.T","516116728","6.98618","Japan"
"7541","RPG Life Sciences","RPGLIFE.NS","515866302","31.1909","India"
"7542","Faysal Bank","FABL.PK","515657192","0.339763","Pakistan"
"7543","MOIL","MOIL.NS","515306484","2.5324","India"
"7544","CARE's Ratings","CARERATING.NS","515132155","17.1036","India"
"7545","Sight Sciences","SGHT","515072736","9.35","United States"
"7546","WashTec AG","WSU.DE","515028881","38.7755","Germany"
"7547","PayPoint","PAY.L","514570980","8.76369","United Kingdom"
"7548","Tatton Asset Management","TAM.L","514221078","8.46606","United Kingdom"
"7549","FrontView REIT","FVR","513787936","17","United States"
"7550","Aurelius Group","AR4.DE","513292829","19.24","Germany"
"7551","IFB Industries","IFBIND.NS","513176120","12.6651","India"
"7552","Nichols plc","NICL.L","512849112","14.0219","United Kingdom"
"7553","Northpointe Bancshares","NPB","512848672","14.83","United States"
"7554","Strike Company","6196.T","512725424","8.9002","Japan"
"7555","MTY Food Group","MTY.TO","512149686","22.422","Canada"
"7556","Chiron Real Estate","XRN","511292928","35.31","United States"
"7557","Methode Electronics","MEI","511150048","14.34","United States"
"7558","Ion Beam Applications","IBAB.BR","511002360","17.5964","Belgium"
"7559","Eslead Corporation","8877.T","510904806","33.1126","Japan"
"7560","Tactile Medical","TCMD","510356032","22.53","United States"
"7561","BrightSpire Capital","BRSP","509892448","4.03","United States"
"7562","Hangzhou Electronic Soul Network Technology","603258.SS","509863905","2.10024","China"
"7563","Boohoo Group","DEBS.L","509798029","0.324091","United Kingdom"
"7564","Kid ASA","KID.OL","509712944","12.5406","Norway"
"7565","Puravankara","PURVA.NS","509656838","2.14909","India"
"7566","NioCorp Developments","NB","509015232","3.49","United States"
"7567","NIPPON PARKING DEVELOPMENT","2353.T","509005998","1.6333","Japan"
"7568","Nexxen","NEXN","508576320","8.93","Israel"
"7569","Sierra Bancorp","BSRR","507776224","39.17","United States"
"7570","Eightco Holdings","ORBS","507137312","1.18","United States"
"7571","Forward Air","FWRD","507050784","15.01","United States"
"7572","Belships ASA","BELCO.OL","506976420","2.00572","Norway"
"7573","Oculis Holding AG","OCS","506970272","9.13","Switzerland"
"7574","RCS MediaGroup","RCS.MI","506826831","0.979592","Italy"
"7575","Nextensa","NEXTA.BR","506452301","50.1134","Belgium"
"7576","Filatex India","FILATEX.NS","506332028","1.14024","India"
"7577","Kameda Seika","2220.T","506031931","8.00061","Japan"
"7578","Argosy Property","ARG.NZ","505513006","0.57841","New Zealand"
"7579","Surya Roshni","SURYAROSNI.NS","505315283","2.32184","India"
"7580","Group Five Pipe Saudi Company","9523.SR","505260349","18.045","Saudi Arabia"
"7581","Martinrea International","MRE.TO","505238247","7.22029","Canada"
"7582","Sankyu","9065.T","504877063","10.0684","Japan"
"7583","Puma Biotechnology","PBYI","504844224","9.78","United States"
"7584","Shofu Inc.","7979.T","504759891","14.1829","Japan"
"7585","Materialise NV","MTLS","504705760","8.75","Belgium"
"7586","Phoenix Mecano","PMN.SW","504513902","549.134","Switzerland"
"7587","Smartoptics Group","SMOP.OL","504481247","5.14538","Norway"
"7588","Aeris Resources","AIS.AX","504356441","0.336076","Australia"
"7589","Charming Medical","MCTA","504260192","29.355","Hong Kong"
"7590","West Coast Paper Mills","WSTCSTPAPR.NS","504243956","7.6344","India"
"7591","Foseco India","FOSECOIND.NS","504213571","66.5659","India"
"7592","Société Fermière du Casino Municipal de Cannes","FCMC.PA","504095766","3197.28","France"
"7593","Ellaktor","ELLAKTOR.AT","503371122","1.44898","Greece"
"7594","Jinko Solar","JKS","502753824","9.6","China"
"7595","Western Copper and Gold","WRN","502109440","2.22","Canada"
"7596","Kamada","KMDA","501791072","8.695","Israel"
"7597","Air Astana","7YH.F","501444700","5.66893","Kazakhstan"
"7598","The Pack Corporation","3950.T","500841647","9.23835","Japan"
"7599","Zion Oil &amp; Gas","ZNOG","500590912","0.42","United States"
"7600","Teikoku Sen-i Co., Ltd.","3302.T","500291186","19.523","Japan"
"7601","Orange County Bancorp","OBT","500251104","37.31","United States"
"7602","Interloop","ILP.PK","500248870","0.356885","Pakistan"
"7603","Krispy Kreme","DNUT","499680032","2.88","United States"
"7604","HEG","HEG.NS","499634484","2.58908","India"
"7605","GlobalData","DATA.L","499058794","0.761945","United Kingdom"
"7606","Bouvet","BOUV.OL","498975708","4.87457","Norway"
"7607","York Water","YORW","498541984","30.72","United States"
"7608","Capricor Therapeutics","CAPR","498251104","8.57","United States"
"7609","Euroseas","ESEA","498251040","70.62","Greece"
"7610","Cerus Corporation","CERS","497766496","2.47","United States"
"7611","SandRidge Energy","SD","497550464","13.42","United States"
"7612","Alujain Corporation","2170.SR","497274199","7.18604","Saudi Arabia"
"7613","MediaAlpha","MAX","496912192","9.38","United States"
"7614","Sygnity","SGN.WA","496694990","21.8264","Poland"
"7615","Simona","SIM0.F","496598623","82.7664","Germany"
"7616","Mastek","MASTEK.NS","496173069","16.0023","India"
"7617","Ovid Therapeutics","OVID","496056544","2.54","United States"
"7618","Eshraq Investments","ESHRAQ.AE","495745119","0.18","United Arab Emirates"
"7619","Onterris","ONT","495506848","14.11","United States"
"7620","Grenevia","GEA.WA","495293297","0.861864","Poland"
"7621","Autolus Therapeutics","AUTL","495062336","1.86","United Kingdom"
"7622","American Integrity Insurance Group","AII","494929984","25.26","United States"
"7623","TOKAI Corp.","9729.T","494782709","16.0204","Japan"
"7624","AIC Mines Limited","A1M.AX","494452060","0.618463","Australia"
"7625","SWCC Corporation","5805.T","494200248","16.68","Japan"
"7626","Wall Financial Corporation","WFC.TO","493320698","15.4972","Canada"
"7627","IVU Traffic Technologies","IVU.DE","493000909","28.5714","Germany"
"7628","SThree","STEM.L","492693336","4.0809","United Kingdom"
"7629","eGuarantee","8771.T","492464104","11.0694","Japan"
"7630","Jindal Worldwide","JINDWORLD.NS","492421931","0.491144","India"
"7631","Carriage Services","CSV","492033536","30.98","United States"
"7632","REGENXBIO","RGNX","491798272","7.45","United States"
"7633","Arvinas","ARVN","490396448","7.5","United States"
"7634","ChoiceOne Financial Services","COFS","490241920","32.78","United States"
"7635","TPG Real Estate Finance Trust","TRTX","490134048","6.34","United States"
"7636","908 Devices","MASS","489804416","11.85","United States"
"7637","Sligro Food","SLIGR.AS","489625598","11.0998","Netherlands"
"7638","First Foundation","FFWM","489265120","5.9","United States"
"7639","Greenlight Re","GLRE","489205120","14.75","Cayman Islands"
"7640","Concrete Pumping Holdings","BBCP","488816160","9.7","United States"
"7641","PostNL","PNL.AS","488783258","0.960884","Netherlands"
"7642","MasterCraft Boat","MCFT","488734592","20.08","United States"
"7643","Komax Holding","KOMN.SW","488509528","95.3192","Switzerland"
"7644","National Cement Company P.S.C.","NCC.AE","488495589","1.36147","United Arab Emirates"
"7645","Hokkaido Gas","9534.T","488059633","5.52514","Japan"
"7646","Bright Minds Biosciences","DRUG","488051936","49.74","United States"
"7647","Mitsubishi Research Institute","3636.T","487647572","30.9434","Japan"
"7648","Private Bancorp of America","PBAM","487543008","85.15","United States"
"7649","Alpha Teknova","TKNO","487489280","9.08","United States"
"7650","Premium Water Holdings","2588.T","487386871","22.4898","Japan"
"7651","Brandywine Realty Trust","BDN","487157376","2.82","United States"
"7652","Farmland Partners","FPI","487114240","11.09","United States"
"7653","West Bancorporation","WTBA","487110208","28.58","United States"
"7654","Medmix","MEDX.SW","486686038","11.9659","Switzerland"
"7655","Happiest Minds Technologies","HAPPSTMNDS.NS","486574355","3.23817","India"
"7656","i3 Verticals","IIIV","486267904","13.98","United States"
"7657","Heidelberger Druckmaschinen","HDD.DE","485833925","1.59637","Germany"
"7658","Laurent-Perrier","LPE.PA","485828592","84.5805","France"
"7659","Chorus Aviation","CHR.TO","485714959","21.52","Canada"
"7660","Electrosteel Castings","ELECTCAST.NS","485440423","0.785268","India"
"7661","Yamae Group Holdings","7130.T","485158895","17.4495","Japan"
"7662","OBOOK Holdings Inc. (OwlTing)","OWLS","484950400","5.49","Taiwan"
"7663","Eiken Chemical","4549.T","484373343","14.6933","Japan"
"7664","Ponce Financial Group","PDLB","483999872","20.01","United States"
"7665","Redwood Trust","RWT","483607840","3.85","United States"
"7666","Qualitas Limited","QAL.AX","483388878","1.60368","Australia"
"7667","One Liberty Properties","OLP","483343008","22.07","United States"
"7668","Oula Fuel Marketing Company","OULAFUEL.KW","483219519","1085.83","Kuwait"
"7669","Oil States International","OIS","483184192","8.01","United States"
"7670","Almawarid Manpower Company","1833.SR","483153560","24.1577","Saudi Arabia"
"7671","Shamal Az-Zour Al-Oula Power and Water Company","AZNOULA.KW","482769844","438.882","Kuwait"
"7672","MPS Limited","MPSLTD.NS","481533476","28.3663","India"
"7673","Armah Sports","9590.SR","481356821","14.6491","Saudi Arabia"
"7674","goeasy","GSY.TO","481272409","30.0153","Canada"
"7675","Wing On Company International","0289.HK","480876551","1.6697","Hong Kong"
"7676","PTC India","PTC.NS","480558638","1.62346","India"
"7677","Craneware","CRW.L","480070064","14.0219","United Kingdom"
"7678","Medistim","MEDI.OL","479882252","26.2477","Norway"
"7679","Mitsubishi Kakoki Kaisha","6331.T","479638606","21.0542","Japan"
"7680","Nat Games (Nexon Games)","225570.KQ","479519851","7.62504","South Korea"
"7681","RENOVA, Inc.","9519.T","479402000","5.30184","Japan"
"7682","Industrial Logistics Properties Trust","ILPT","479235392","7.18","United States"
"7683","Quad","QUAD","478590144","9.3","United States"
"7684","Dawood Hercules Corporation","DAWH.PK","478575058","0.994365","Pakistan"
"7685","NeuroPace","NPCE","478480352","13.94","United States"
"7686","Sea1 Offshore","SEA1.OL","478182402","3.11431","Norway"
"7687","Assembly Biosciences","ASMB","478066784","23.48","United States"
"7688","Farmers &amp; Merchants Bancorp","FMAO","478066432","34.71","United States"
"7689","Subros","SUBROS.NS","477135803","7.31402","India"
"7690","Dingdong Maicai","DDL","476672544","2.18","China"
"7691","Kintetsu Department Store","8244.T","476528387","11.8159","Japan"
"7692","AMC Networks","AMCX","476024672","11.54","United States"
"7693","MapmyIndia","MAPMYINDIA.NS","475931636","8.93936","India"
"7694","Kura Sushi USA","KRUS","475909056","39.17","United States"
"7695","NAGAWA Co., Ltd.","9663.T","475624088","30.6882","Japan"
"7696","Coor Service Management Holding AB","COOR.ST","475393320","5.0032","Sweden"
"7697","Plastika Kritis","PLAKR.AT","474945290","17.3469","Greece"
"7698","Kappa Create","7421.T","474826202","9.62115","Japan"
"7699","Sappi","SAP.JO","474494200","0.781598","South Africa"
"7700","Bourrelier Group","ALBOU.PA","474272565","76.4172","France"
"7701","JM Holdings Co.,Ltd.","3539.T","473691778","9.29577","Japan"
"7702","Gujarat Alkalies and Chemicals","GUJALKALI.NS","473575594","6.44874","India"
"7703","Kvika banki","KVIKA.IC","473571507","0.103283","Iceland"
"7704","Abu Dhabi Ship Building","ADSB.AE","473338176","2.23","United Arab Emirates"
"7705","Shoe Carnival","SCVL","473247296","17.43","United States"
"7706","Fauji Cement Company","FCCL.PK","473132652","0.192891","Pakistan"
"7707","Vital KSK Holdings","3151.T","472309197","9.91463","Japan"
"7708","Eagle Point Credit Company","ECC","472188160","3.55","United States"
"7709","Deutsche Pfandbriefbank","PBB.DE","470816057","3.50113","Germany"
"7710","Gravity Co.","GRVY","470649024","67.73","South Korea"
"7711","Voltamp Energy","VOES.OM","470129882","0.47013","Oman"
"7712","The Tinplate Company Of India","TINPLATE.NS","469845111","4.48531","India"
"7713","Immobiliare Grande Distribuzione SIIQ","IGD.MI","469766261","4.25737","Italy"
"7714","Columbus McKinnon","CMCO","469621248","16.27","United States"
"7715","Dutch Lady Milk Industries","3026.KL","469595114","7.33742","Malaysia"
"7716","Novavest Real Estate AG","NREN.SW","469498142","46.1609","Switzerland"
"7717","AlTi Global","ALTI","469389696","3.01","United States"
"7718","One REIT, Inc.","3290.T","469012495","481.696","Japan"
"7719","eDreams ODIGEO","EDR.MC","468782388","4.68821","Spain"
"7720","Metall Zug AG","METN.SW","468637598","1049.11","Switzerland"
"7721","MBM Resources","5983.KL","468105979","1.19755","Malaysia"
"7722","Osaka Steel","5449.T","467471183","15.6248","Japan"
"7723","Stabilus","STM.DE","467115631","18.9116","Luxembourg"
"7724","Calavo Growers","CVGW","466334752","26.09","United States"
"7725","Luxfer","LXFR","466172640","17.27","United Kingdom"
"7726","NRC Health","NRC","466032576","21.05","United States"
"7727","Entera Bio","ENTX","465751520","2.69","Israel"
"7728","Calfrac Well Services","CFW.TO","465743457","4.61394","Canada"
"7729","CompX International","CIX","465441856","37.77","United States"
"7730","Gray Media","GTN","464459584","4.51","United States"
"7731","Aston Martin","AML.L","463988070","0.457167","United Kingdom"
"7732","The Rank Group","RNK.L","463806389","0.996084","United Kingdom"
"7733","GPI S.p.A.","GPI.MI","463788611","16.0544","Italy"
"7734","Johnson Outdoors","JOUT","463620608","44.24","United States"
"7735","Acinque","AC5.MI","463174951","2.35828","Italy"
"7736","Weyco Group","WEYS","462936160","48.47","United States"
"7737","Combined Group Contracting Company","CGC.KW","462685734","2708.06","Kuwait"
"7738","Universal Logistics Holdings","ULH","462491296","17.54","United States"
"7739","Foster Electric Company","6794.T","462291718","20.5757","Japan"
"7740","Verra Mobility","VRRM","462027712","3.04","United States"
"7741","Malteries Franco-Belges","MALT.PA","461118896","929.705","France"
"7742","ARKO Corp.","ARKO","461083328","4.11","United States"
"7743","Virgin Galactic","SPCE","460851552","3.04","United States"
"7744","Union Properties","UPP.AE","460692281","0.161198","United Arab Emirates"
"7745","Al-Yamamah Steel Industries Company","1304.SR","460575853","9.06645","Saudi Arabia"
"7746","TAT Technologies","TATT","460393984","35.42","Israel"
"7747","Lubawa","LBW.WA","460192465","3.06244","Poland"
"7748","Jacquet Metals","JCQ.PA","459988919","22.6757","France"
"7749","Kaufman &amp; Broad","KOF.PA","459563631","23.4127","France"
"7750","Bank of Jerusalem","JBNK.TA","459479013","6.51579","Israel"
"7751","Malibu Boats","MBUU","459083488","23.33","United States"
"7752","Sunlight REIT","0435.HK","458997176","0.262564","Hong Kong"
"7753","Cenomi Retail (Fawaz Abdulaziz Al Hokair &amp; Company)","4240.SR","458515580","3.99521","Saudi Arabia"
"7754","Samty Residential Investment Corporation","3459.T","458086274","537.202","Japan"
"7755","Gree","3632.T","457180355","2.66049","Japan"
"7756","The Ogaki Kyoritsu Bank","8361.T","457107728","11.1264","Japan"
"7757","Soft-World International","5478.TWO","456990707","3.0501","Taiwan"
"7758","Tectonic Therapeutic","TECX","456282208","23.34","United States"
"7759","National Petroleum Services Company","NAPESCO.KW","455224772","5039.01","Kuwait"
"7760","Idaho Strategic Resources","IDR","454369312","28.71","United States"
"7761","The Westaim Corporation","WED.V","454076659","13.6587","Canada"
"7762","Everspin Technologies","MRAM","453640640","18.63","United States"
"7763","Citizens &amp; Northern Corp","CZNC","453393472","25.28","United States"
"7764","EMX Royalty","EMX","453291424","4.16","Canada"
"7765","Tokmanni","TOKMAN.HE","453061609","7.79478","Finland"
"7766","Caledonia Mining","CMCL","452827584","23.42","Jersey"
"7767","Groupe SAMSE","SAMS.PA","452526643","134.354","France"
"7768","Bénéteau","BEN.PA","452288021","5.70295","France"
"7769","Esprinet","PRT.MI","452101754","9.14399","Italy"
"7770","Makino Milling Machine","6135.T","451364520","19.3806","Japan"
"7771","Strata Critical Medical","SRTA","451180704","5.1","United States"
"7772","Prothena","PRTA","450738624","8.78","Ireland"
"7773","Semperit","SEM.VI","449023332","21.8254","Austria"
"7774","Atos","ATO.PA","448556248","23.1066","France"
"7775","Meier Tobler Group","MTG.SW","448487620","41.5448","Switzerland"
"7776","Valhi","VHI","448324480","15.83","United States"
"7777","29Metals","29M.AX","447830234","0.255892","Australia"
"7778","Hansen Technologies","HSN.AX","447485870","2.1824","Australia"
"7779","Titan International","TWI","447278496","6.93","United States"
"7780","Consolidated Water","CWCO","447239328","27.93","Cayman Islands"
"7781","Agenus","AGEN","446651360","9.89","United States"
"7782","AMERISAFE","AMSF","446459040","23.87","United States"
"7783","Avacta Group","AVCT.L","446259979","0.952431","United Kingdom"
"7784","Mahindra Logistics","MAHLOG.NS","446065608","4.49312","India"
"7785","Medley, Inc.","4480.T","445780086","14.7507","Japan"
"7786","Core Laboratories","CLB","445538912","9.71","Netherlands"
"7787","Gooch &amp; Housego","GHH.L","445340946","16.2707","United Kingdom"
"7788","Djurslands Bank A/S","DJUR.CO","445268136","169.095","Denmark"
"7789","Standard Lithium","SLI","444211488","1.8","Canada"
"7790","Kaiser (China) Culture","002425.SZ","443798988","0.463902","China"
"7791","Deutsche Rohstoff","DR0.DE","443703314","92.6304","Germany"
"7792","Wirtualna Polska (WP Holding)","WPL.WA","443678316","14.9009","Poland"
"7793","Vetropack","VETN.SW","443522908","22.373","Switzerland"
"7794","Nederman Holding","NMAN.ST","443214397","12.6481","Sweden"
"7795","PolyNovo","PNV.AX","443156209","0.641473","Australia"
"7796","Lifedrink Company","2585.T","442953983","8.53654","Japan"
"7797","Global Dominion Access","DOM.MC","442931976","2.95351","Spain"
"7798","Algoma Steel","ASTL","442632160","4.2","Canada"
"7799","Havertys","HVT","442622208","27.5","United States"
"7800","DFS Furniture","DFS.L","442533348","1.91148","United Kingdom"
"7801","Ibstock plc","IBST.L","442326437","1.11977","United Kingdom"
"7802","DiaMedica Therapeutics","DMAC","442190688","8.2","United States"
"7803","GB Group (GBG)","GBG.L","442111526","1.93132","United Kingdom"
"7804","Tejon Ranch","TRC","442070848","16.36","United States"
"7805","RBB Bancorp","RBB","441675840","26.11","United States"
"7806","Ur-Energy","URG","441628736","1.11","United States"
"7807","Kalyani Steels","KSL.NS","441560307","10.0906","India"
"7808","Phnom Penh Autonomous Port","PPAP.KH","441402719","3.86","Cambodia"
"7809","Bank of Marin Bancorp","BMRC","441293248","27.25","United States"
"7810","Fiducial Real Estate","ORIA.PA","440650797","182.54","France"
"7811","Hampiðjan","HAMP.IC","440458021","0.702995","Iceland"
"7812","Nuix Limited","NXL.AX","440026001","1.28085","Australia"
"7813","El Pollo Loco","LOCO","439451584","14.44","United States"
"7814","Gladstone Capital Corporation","GLAD","438983328","19.43","United States"
"7815","Qatar National Cement Company","QNCD.QA","438977535","0.671703","Qatar"
"7816","Panoro Energy ASA","PEN.OL","438765333","3.13514","United Kingdom"
"7817","Hexagon Composites","HEX.OL","438732829","1.31759","Norway"
"7818","kneat.com","FOBK.F","437967695","4.53515","Ireland"
"7819","IPD Group Limited","IPG.AX","437902604","4.21141","Australia"
"7820","Jadwa Investment - Jadwa Reit Saudi Fund","4342.SR","437648528","2.34652","Saudi Arabia"
"7821","ARS Pharmaceuticals","SPRY","437568320","4.4","United States"
"7822","LPKF Laser &amp; Electronics","LPK.DE","437438317","17.8571","Germany"
"7823","IGG Inc","0799.HK","437360237","0.397033","Singapore"
"7824","Emeco Holdings","EHL.AX","437340295","0.843676","Australia"
"7825","Independent Petroleum Group K.S.C.P.","IPG.KW","437033510","2418.73","Kuwait"
"7826","American Coastal Insurance Corporation","ACIC","436770304","9.24","United States"
"7827","Marimekko","MEKKO.HE","436632149","10.7936","Finland"
"7828","Spire Global","SPIR","436132768","11.15","United States"
"7829","ShaMaran Petroleum","SNM.OL","436094876","0.151028","Bermuda"
"7830","Scribe Therapeutics","SCTX","435996608","23.03","United States"
"7831","Locaweb","LWSA3.SA","435456748","0.776092","Brazil"
"7832","Intrepid Potash","IPI","435323392","32.35","United States"
"7833","Ismail Industries","ISIL.PK","435044963","6.55613","Pakistan"
"7834","Aduro Clean Technologies","ADUR","434181952","12.25","Canada"
"7835","Shui On Land","0272.HK","433876011","0.0541698","China"
"7836","Groupe Guillin","ALGIL.PA","433819705","23.4694","France"
"7837","Ataa Educational Company","4292.SR","433595314","10.3023","Saudi Arabia"
"7838","M1 Kliniken AG","M12.DE","433373410","23.356","Germany"
"7839","Aspen Aerogels","ASPN","433201440","5.22","United States"
"7840","Patrimoine et Commerce SA","PAT.PA","433044267","26.644","France"
"7841","Boss Energy","BOE.AX","432800499","1.04239","Australia"
"7842","Jaguar Mining","JAG.TO","432782382","5.07182","Canada"
"7843","Colony Bankcorp","CBAN","432695456","20.39","United States"
"7844","Vitru","VTRU3.SA","432668218","2.8978","Brazil"
"7845","Contineum Therapeutics","CTNM","432643008","11.5","United States"
"7846","Commercial Bancgroup","CBK","432412064","31.56","United States"
"7847","AdvanSix","ASIX","432288992","16.01","United States"
"7848","Mears Group plc","MER.L","432037935","5.51617","United Kingdom"
"7849","Gulf Medical Projects Company","GMPC.AE","432005331","0.62","United Arab Emirates"
"7850","Pareto Bank","PARB.OL","431862904","5.6245","Norway"
"7851","VIP Industries","VIPIND.NS","431657145","3.03865","India"
"7852","Pioneer Bancorp","PBFS","431608544","17.85","United States"
"7853","Tohokushinsha Film","2329.T","431032182","3.13262","Japan"
"7854","DigiPowerX","DGXX","430935936","4.25","United States"
"7855","Millat Tractors","MTL.PK","430857590","1.07976","Pakistan"
"7856","Perfect Presentation for Commercial Services CompanyPerfect Presentation for Commercial Services","7204.SR","430683173","1.43561","Saudi Arabia"
"7857","Computer Engineering &amp; Consulting","9692.T","430678109","14.2084","Japan"
"7858","Chofu Seisakusho","5946.T","430397129","12.6581","Japan"
"7859","ATN International","ATNI","430061728","27.92","United States"
"7860","Monro","MNRO","429957024","13.76","United States"
"7861","JCI Hitachi India","JCHAC.NS","429941645","15.7544","India"
"7862","Caleres","CAL","429586944","12.45","United States"
"7863","Plumas Bancorp","PLBC","428466624","61.57","United States"
"7864","Eikon Therapeutics","EIKN","428445408","7.91","United States"
"7865","CPH Group AG","CPHN.SW","428401676","71.4594","Switzerland"
"7866","Commercial Facilities Company S.A.K.P.","FACIL.KW","428097177","845.254","Kuwait"
"7867","Cross Country Healthcare","CCRN","428060928","13.25","United States"
"7868","Sunteck Realty","SUNTECK.NS","427843018","2.91363","India"
"7869","Kodiak AI","KDK","427316736","2.13","United States"
"7870","Altshuler Shaham Finance","ALTF.TA","426872234","2.14914","Israel"
"7871","Electra Consumer Products","ECP.TA","426715849","18.6389","Israel"
"7872","Tide Water Oil","TIDEWATER.NS","426582649","25.0972","India"
"7873","Plasson Industries","PLSN.TA","425942681","44.6109","Israel"
"7874","Genie Energy","GNE","425061920","16.15","United States"
"7875","Nippon Chemi-Con Corporation","6997.T","424303566","15.4972","Japan"
"7876","Topy Industries","7231.T","423331688","19.7463","Japan"
"7877","Skycity Entertainment Group","SKC.NZ","423270423","0.383726","New Zealand"
"7878","Kyverna Therapeutics","KYTX","423009152","6.84","United States"
"7879","sterling &amp; wilson solar","SWSOLAR.NS","422895342","1.81079","India"
"7880","Citi Trends, Inc.","CTRN","422809984","50.7","United States"
"7881","Acacia Research","ACTG","422550880","4.33","United States"
"7882","Miahona Company","2084.SR","422191126","2.62352","Saudi Arabia"
"7883","en Japan","4849.T","421835220","11.1651","Japan"
"7884","Xerox","XRX","421519584","3.21","United States"
"7885","Frontera Energy","FEC.TO","421240148","5.95234","Canada"
"7886","Universal Store Holdings","UNI.AX","420996198","5.48738","Australia"
"7887","Harbour Centre Development","0051.HK","420966278","0.593956","Hong Kong"
"7888","Network18","NETWORK18.NS","420638744","0.272348","India"
"7889","Luceco plc","LUCE.L","420565836","2.85729","United Kingdom"
"7890","Digital Arts Inc.","2326.T","420538956","31.3262","Japan"
"7891","Vinh Hoan Corporation","VHC.VN","420471547","1.87332","Vietnam"
"7892","Multiconsult","MULTI.OL","420321446","15.2486","Norway"
"7893","HOMAG Group","HG1.F","419769601","26.7574","Germany"
"7894","Arqit Quantum","ARQQ","419746208","24.12","United Kingdom"
"7895","Van de Velde","VAN.BR","419362054","33.7868","Belgium"
"7896","Star Group","SGU","419327328","12.78","United States"
"7897","PensionBee Group","PBEE.L","418661862","1.75274","United Kingdom"
"7898","ECARX Holdings","ECX","418535296","1.065","China"
"7899","Montauk Renewables","MNTK","418482944","2.94","United States"
"7900","TKM Grupp AS","TKM1T.TL","418374771","10.2721","Estonia"
"7901","EVgo","EVGO","418305920","1.33","United States"
"7902","Select Harvests Limited","SHV.AX","418297373","2.98424","Australia"
"7903","PlayWay","PLW.WA","417799231","62.6762","Poland"
"7904","Revenio","REG1V.HE","417614571","12.0181","Finland"
"7905","Glarner Kantonalbank","GLKBN.SW","417605877","30.9338","Switzerland"
"7906","Leonteq","LEON.SW","416771231","23.548","Switzerland"
"7907","Ascencio","ASCE.BR","416624023","60.3175","Belgium"
"7908","Summit Midstream","SMC","416540928","30.22","United States"
"7909","Maruzen","5982.T","416484298","26.1902","Japan"
"7910","Mayville Engineering Company","MEC","416165408","16.32","United States"
"7911","Allot","ALLT","416118112","8.44","Israel"
"7912","BSR Real Estate Investment Trust","HOM-UN.TO","416088085","10.7072","Canada"
"7913","Al Soor Fuel Marketing Company K.S.C.P.","SOOR.KW","415850987","988.296","Kuwait"
"7914","Nathan's Famous","NATH","415786848","101.55","United States"
"7915","Canopy Growth","CGC","415646656","0.9251","Canada"
"7916","Atea Pharmaceuticals","AVIR","415460320","5.18","United States"
"7917","YouGov plc","YOU.L","414730818","3.53987","United Kingdom"
"7918","The Gym Group","GYM.L","414636252","2.40092","United Kingdom"
"7919","Forterra plc","FORT.L","414400515","2.07683","United Kingdom"
"7920","Bed Bath &amp; Beyond","BBBY","414399584","4.35","United States"
"7921","The Okinawa Electric Power Company","9511.T","414108253","7.62419","Japan"
"7922","TT Electronics","TTG.L","413984874","2.32023","United Kingdom"
"7923","Clearfield","CLFD","413767264","30.46","United States"
"7924","Magnera","MAGN","413672000","11.62","United States"
"7925","Plaza Retail REIT","PLZ-UN.TO","413597756","3.70524","Canada"
"7926","Nichireki Group","5011.T","413384166","14.5274","Japan"
"7927","Symphony Limited","SYMPHONY.NS","413258988","6.01792","India"
"7928","Riso Kagaku Corporation","6413.T","413180252","6.61614","Japan"
"7929","John Mattson Fastighetsföretagen","JOMA.ST","412941588","5.57356","Sweden"
"7930","Villeroy &amp; Boch","VIB3.DE","412831261","15.4195","Germany"
"7931","Natural Gas Services Group","NGS","412487136","31.98","United States"
"7932","Opus Genetics","IRD","412235296","4.955","United States"
"7933","Ashiana Housing","ASHIANA.NS","412028310","4.09877","India"
"7934","Pro Real Estate Investment Trust","PRV-UN.TO","412004214","4.69143","Canada"
"7935","Aarti Drugs","AARTIDRUGS.NS","411941679","4.51344","India"
"7936","USCB Financial Holdings","USCB","411795968","22.29","United States"
"7937","Radiant Logistics","RLGT","411731680","8.78","United States"
"7938","ATOM Corporation","7412.T","411562685","2.13094","Japan"
"7939","Brunel International","BRNL.AS","411451306","8.1746","Netherlands"
"7940","Community Healthcare Trust","CHCT","411148096","14.39","United States"
"7941","Fujiya Co., Ltd.","2211.T","410630634","15.931","Japan"
"7942","Community Health Systems","CYH","410337248","2.91","United States"
"7943","Tera Light","TRLT.TA","410125408","5.19375","Israel"
"7944","eREX Co.,Ltd.","9517.T","410023099","5.24442","Japan"
"7945","SRA Holdings","3817.T","409684548","30.401","Japan"
"7946","Gloo Holdings","GLOO","409143744","4.47","United States"
"7947","Gladstone Land","LAND","408934688","9.48","United States"
"7948","Essentra plc","ESNT.L","408751115","1.44452","United Kingdom"
"7949","Rieter Holding","RIEN.SW","408360623","3.00345","Switzerland"
"7950","Selectirente","SELER.PA","408119061","98.0726","France"
"7951","Bapcor Limited","BAP.AX","408098695","0.60661","Australia"
"7952","SofWave Medical","SOFW.TA","407807945","11.2113","Israel"
"7953","eQ Oyj","EQV1V.HE","407499415","9.84127","Finland"
"7954","Raisio plc","RAIVV.HE","407231515","2.5737","Finland"
"7955","Turn Therapeutics","TTRX","407230912","13.41","United States"
"7956","S4 Capital","SFOR.L","406936797","0.611143","United Kingdom"
"7957","KYORIN Pharmaceutical","4569.T","406461357","7.0755","Japan"
"7958","Servcorp Limited","SRV.AX","406227201","3.98829","Australia"
"7959","Tanzanian Gold Corporation","TRX","406067776","1.24","Canada"
"7960","Lindex Group","LINDEX.HE","405662064","2.47166","Finland"
"7961","Myriad Genetics","MYGN","404598016","4.23","United States"
"7962","ASP Isotopes","ASPI","403970208","2.635","United States"
"7963","FRP Holdings","FRPH","403726016","21.06","United States"
"7964","Eik fasteignafélag","EIK.IC","403707359","0.118968","Iceland"
"7965","Axactor ASA","ACR.OL","403640657","0.500997","Norway"
"7966","Vital Farms","VITL","403126976","9.39","United States"
"7967","Enento Group","ENENTO.HE","402641873","17.0068","Finland"
"7968","Attica Holdings","ATTICA.AT","402516703","1.65533","Greece"
"7969","Investar Holding","ISTR","401875840","29.17","United States"
"7970","EVS Broadcast Equipment","EVS.BR","401770617","29.9887","Belgium"
"7971","adesso SE","ADN1.DE","401716812","62.6984","Germany"
"7972","Serve Robotics","SERV","401455744","4.63","United States"
"7973","Alantra Partners","ALNT.MC","401130363","10.5896","Spain"
"7974","Zamil Industrial Investment Company","2240.SR","401118667","6.68531","Saudi Arabia"
"7975","Mitsuba Corporation","7280.T","401048893","8.72156","Japan"
"7976","Shenzhen Zqgame","300052.SZ","400756315","1.53043","China"
"7977","Austriacard Holdings","ACAG.VI","400573556","11.1565","Austria"
"7978","Rane (Madras) Limited","RML.NS","400390046","14.4874","India"
"7979","McBride","MCB.L","399735231","2.35462","United Kingdom"
"7980","SFC Energy AG","F3C.DE","399443325","22.9592","Germany"
"7981","Whitefield Industrials Limited","WHF.AX","399194208","3.29103","Australia"
"7982","Home Invest Belgium","HOMI.BR","399140703","20.0454","Belgium"
"7983","Arbonia","ARBN.SW","398571663","5.73714","Switzerland"
"7984","Doha Insurance Group","DOHI.QA","398351637","0.796703","Qatar"
"7985","Nel ASA","NEL.OL","398206684","0.216647","Norway"
"7986","Medicare Group","MCGS.QA","398192621","1.41484","Qatar"
"7987","Sjóvá-Almennar tryggingar","SJOVA.IC","398187368","0.342762","Iceland"
"7988","Evolent Health","EVH","397968864","3.52","United States"
"7989","Allergy Therapeutics","AGY.L","397898266","0.062834","United Kingdom"
"7990","Franchise Brands plc","FRAN.L","397882265","2.07683","United Kingdom"
"7991","Relmada Therapeutics","RLMD","397878528","3.73","United States"
"7992","Editas Medicine","EDIT","397772256","2.59","United States"
"7993","Avidia Bancorp","AVBC","397691392","21.53","United States"
"7994","Ernst Russ","ERAG.DE","397243561","11.7914","Germany"
"7995","Orthofix Medical","OFIX","397142912","9.75","United States"
"7996","Orascom Development","ODHN.SW","397040564","6.66163","Switzerland"
"7997","Kuwait Reinsurance Company","KUWAITRE.KW","396968828","1170.35","Kuwait"
"7998","Deceuninck","DECB.BR","396666254","2.8458","Belgium"
"7999","Linc AB","LINC.ST","396029176","6.84437","Sweden"
"8000","Uzin Utz","UZU.DE","395767388","78.458","Germany"
"8001","Bafang Yunji","2753.TW","395662160","5.65415","Taiwan"
"8002","EQT Holdings Limited","EQT.AX","395650245","14.7539","Australia"
"8003","Rezolute","RZLT","395594368","4.09","United States"
"8004","Barnes &amp; Noble Education","BNED","394487488","11.38","United States"
"8005","trivago","TRVG","394421792","5.59","Germany"
"8006","Galectin Therapeutics","GALT","394322144","3.91","United States"
"8007","Sohu.com","SOHU","394157376","13.11","China"
"8008","Vasta Platform","VSTA","393989824","4.9","Brazil"
"8009","IDP Education","IEL.AX","393963540","1.41542","Australia"
"8010","Nexen Tire Corporation","002350.KS","393900441","4.09616","South Korea"
"8011","Bumble","BMBL","393767072","2.57","United States"
"8012","Boiron","BOI.PA","393702373","22.6757","France"
"8013","Vst Tillers Tractors","VSTTILLERS.NS","393052112","45.4251","India"
"8014","L.B. Foster","FSTR","393018368","37.36","United States"
"8015","FW Thorpe Plc","TFW.L","392830400","3.50548","United Kingdom"
"8016","Parke Bancorp","PKBK","392480256","33.37","United States"
"8017","JCR Pharmaceuticals","4552.T","392352086","3.21556","Japan"
"8018","Borussia Dortmund","BVB.F","392327534","3.55442","Germany"
"8019","Egetis Therapeutics AB","EGTX.ST","392201142","0.843539","Sweden"
"8020","Chemung Financial Corporation","CHMG","392178528","81.34","United States"
"8021","Murapol S.A.","MUR.WA","391784351","9.60256","Poland"
"8022","Boston Omaha","BOC","391645344","13","United States"
"8023","Café de Coral","0341.HK","391365562","0.694011","Hong Kong"
"8024","Heisco (Heavy Engineering Industries and Shipbuilding Company)","SHIP.KW","391239959","1973.34","Kuwait"
"8025","Better Collective A/S","BETCO-DKK.CO","391230785","6.90031","Denmark"
"8026","Vista Gold","VGZ","391203200","2.68","United States"
"8027","Shoulder Innovations","SI","391188192","18.79","United States"
"8028","First Takaful Insurance Company","FTI.KW","391044224","2347.2","Kuwait"
"8029","Carvolix","CVX.PA","390895443","6.28118","France"
"8030","Tullow Oil","TLW.L","390800451","0.25795","United Kingdom"
"8031","Capricorn Energy","CNE.L","390580249","5.68813","United Kingdom"
"8032","Lifestyle Communities Limited","LIC.AX","390464513","3.20736","Australia"
"8033","Acco Brands","ACCO","390461024","4.23","United States"
"8034","First Carolina Financial Services","FCBM","389914112","12.55","United States"
"8035","Kaveri Seed","KSCL.NS","389772922","7.63649","India"
"8036","Atrium Mortgage Investment","AI.TO","389729988","8.06122","Canada"
"8037","PCB Bancorp","PCB","389456800","27.73","United States"
"8038","Arcturus Therapeutics","ARCT","389396032","13.7","United States"
"8039","Invalda INVL, AB","IVL1L.VS","389351570","31.2925","Lithuania"
"8040","Optimum Communications","OPTU","389060160","1.02","United States"
"8041","Fonciere Inea","INEA.PA","388861593","35.941","France"
"8042","Hamborner REIT","HABA.DE","388732649","4.77891","Germany"
"8043","Islamic Arab Insurance","SALAMA.AE","388498640","0.473792","United Arab Emirates"
"8044","Melcor Developments","MRD.TO","388434158","12.9613","Canada"
"8045","Rimini Street","RMNI","388360960","4.16","United States"
"8046","Kuwait National Cinema Company","KCIN.KW","388351142","4193.76","Kuwait"
"8047","Aeroporto G. Marconi Bologna","ADB.MI","388289402","10.7483","Italy"
"8048","Turners Automotive Group","TRA.NZ","387811511","4.26048","New Zealand"
"8049","CI&amp;T","CINT","387805696","3.03","Brazil"
"8050","PharmaSGP","PSG.DE","387716280","33.6779","Germany"
"8051","General Oceans ASA","GENO.OL","387714973","2.0394","Norway"
"8052","Transcontinental Realty Investors","TCI","387633792","44.18","United States"
"8053","Nouveau Monde Graphite","NMG","385113472","1.17","Canada"
"8054","Citizens Financial Services","CZFS","385076992","80.06","United States"
"8055","C4 Therapeutics","CCCC","385068704","3.13","United States"
"8056","RattanIndia Power","RTNPOWER.NS","384937782","0.0716816","India"
"8057","BOE Varitronix","0710.HK","384933438","0.504735","Hong Kong"
"8058","Twin Disc","TWIN","384554336","26.45","United States"
"8059","DAIHEN Corporation","6622.T","384161633","16.2733","Japan"
"8060","AutoCanada Inc.","ACQ.TO","384096245","16.7088","Canada"
"8061","Marston's","MARS.L","383895239","0.606514","United Kingdom"
"8062","Schweizerische Nationalbank","SNBN.SW","383674650","3836.75","Switzerland"
"8063","MARR S.p.A.","MARR.MI","383329076","6.12245","Italy"
"8064","Zura Bio","ZURA","383316544","4","United States"
"8065","Prenetics","PRE","383240480","22.84","Hong Kong"
"8066","Formycon AG","FYB.DE","383113820","21.678","Germany"
"8067","Greenply","GREENPLY.NS","382852484","3.06522","India"
"8068","Energiekontor","EKT.DE","382783044","27.6077","Germany"
"8069","MVB Financial","MVBF","382541472","29.5","United States"
"8070","Toscana Aeroporti","TYA.MI","381946219","20.5215","Italy"
"8071","Primis Financial","FRST","381161728","15.37","United States"
"8072","Gorilla Technology","GRRR","381006976","13.85","Taiwan"
"8073","First Bancorp","FNLC","381004640","33.77","United States"
"8074","Electra Real Estate","ELCRE.TA","379860182","5.52589","Israel"
"8075","Bijou Brigitte","BIJ.DE","379758718","50.6803","Germany"
"8076","Flat Capital AB","FLAT-B.ST","379532388","0.761987","Sweden"
"8077","Village Farms International","VFF","379087520","3.1","Canada"
"8078","Advantage Solutions","ADV","378896896","29.55","United States"
"8079","Fennec Pharmaceuticals","FENC","378725344","10.8","United States"
"8080","NIOX Group","NIOX.L","378577031","0.899519","United Kingdom"
"8081","Oportun Financial","OPRT","378475072","8.23","United States"
"8082","Value Line","VALU","378473824","40.34","United States"
"8083","FRP Advisory Group","FRP.L","378337400","1.53117","United Kingdom"
"8084","Vista Group International","VGL.NZ","378087238","1.58005","New Zealand"
"8085","HelloFresh","HFG.DE","377842491","2.60658","Germany"
"8086","Suja Life, Inc.","SUJA","377752608","9.78","United States"
"8087","Regal Partners Limited","RPL.AX","377422071","1.62809","Australia"
"8088","Daiichi Kensetsu","1799.T","377329082","21.3094","Japan"
"8089","Kits Eyecare","KITS.TO","377285496","11.0946","Canada"
"8090","Cooper Standard","CPS","376884896","21.21","United States"
"8091","Ölgerðin Egill Skallagrímsson","OLGERD.IC","376879239","0.131611","Iceland"
"8092","Viking Line Abp","VIK1V.HE","376163253","21.7687","Finland"
"8093","Cogent Communications","CCOI","375923520","7.34","United States"
"8094","Secure Trust Bank PLC","STB.L","375686508","20.5302","United Kingdom"
"8095","Daikokutenbussan","2791.T","375634868","28.0085","Japan"
"8096","Auna SA","AUNA","375465568","5.07","Luxembourg"
"8097","K-Bro Linen","KBL.TO","374929672","29.1418","Canada"
"8098","Ranpak","PACK","374763712","4.37","United States"
"8099","City Cement Company","3003.SR","374750325","2.67679","Saudi Arabia"
"8100","Ice Fish Farm","IFISH.OL","374700423","3.06476","Iceland"
"8101","Mepco (Middle East Company for Manufacturing and Producing Paper)","1202.SR","374643753","4.32281","Saudi Arabia"
"8102","Oxford Industries","OXM","374606624","25.01","United States"
"8103","Unipres Corporation","5949.T","374136963","8.35152","Japan"
"8104","Bajaj Electricals","BAJAJELEC.NS","374122644","3.2413","India"
"8105","Simulations Plus","SLP","373755008","18.48","United States"
"8106","KKR Real Estate Finance Trust","KREF","373727328","6.38","United States"
"8107","Yü Group","YU.L","373563009","21.562","United Kingdom"
"8108","Genesco","GCO","373295232","34.5","United States"
"8109","Movano","MOVE","372632384","11.81","United States"
"8110","Dhofar International Development &amp; Investment Holding","DIDI.OM","372364229","0.750649","Oman"
"8111","Bushiroad","7803.T","371842609","2.76257","Japan"
"8112","Wemade","112040.KQ","371614619","10.9918","South Korea"
"8113","Cedar Woods Properties Limited","CWP.AX","371338880","4.3648","Australia"
"8114","Habib Metropolitan Bank","HMB.PK","370927201","0.353995","Pakistan"
"8115","Alok Industries","ALOKINDS.NS","370918648","0.0747031","India"
"8116","ElringKlinger","ZIL2.DE","370677466","5.85034","Germany"
"8117","Australian Clinical Labs","ACL.AX","370645019","1.98717","Australia"
"8118","KG Mobility (SsangYong Motor)","003620.KS","370497117","1.83075","South Korea"
"8119","Waterdrop Inc.","WDH","370080992","1.03","China"
"8120","D2L Inc.","DTOL.TO","369885785","7.04419","Canada"
"8121","AVITA Medical","RCEL","369885088","11.96","United States"
"8122","IVF Hartmann","VBSN.SW","369750905","155.268","Switzerland"
"8123","Ocugen","OCGN","369630336","1.09","United States"
"8124","Lumi Rental Company","4262.SR","369449976","6.71727","Saudi Arabia"
"8125","PowerFleet","AIOT","369121280","2.75","United States"
"8126","Sandhar","SANDHAR.NS","368153656","6.10179","India"
"8127","Enanta Pharmaceuticals","ENTA","368145088","12.64","United States"
"8128","Pasona Group","2168.T","367952536","9.85083","Japan"
"8129","PureTech Health","PRTC.L","367722573","1.51066","United States"
"8130","MCI Capital Alternatywna Spólka Inwestycyjna","MCI.WA","367608711","7.00727","Poland"
"8131","Baader Bank","BWB.DE","367362963","7.52834","Germany"
"8132","Future plc","FUTR.L","367021584","4.18541","United Kingdom"
"8133","Claritev","CTEV","366743104","21.64","United States"
"8134","Akastor ASA","AKAST.OL","366556687","1.34363","Norway"
"8135","NexPoint Real Estate Finance","NREF","366473120","15.91","United States"
"8136","Genki Global Dining Concepts","9828.T","366174487","20.7352","Japan"
"8137","Equita Group","EQUI.MI","365681983","6.65533","Italy"
"8138","GigCapital9","GIX","365650848","10.005","United States"
"8139","Al Suwadi Power","SUWP.OM","365553383","0.511688","Oman"
"8140","Polyplex","POLYPLEX.NS","365538797","11.2169","India"
"8141","Orchestra BioMed","OBIO","365438688","6.08","United States"
"8142","Bakkt Holdings","BKKT","365062624","8.1","United States"
"8143","Talgo S.A.","TLGO.MC","364816242","2.72109","Spain"
"8144","Mirrabooka Investments Limited","MIR.AX","364684032","1.6246","Australia"
"8145","Fossil Group","FOSL","364290400","6.16","United States"
"8146","J.Jill","JILL","363845664","24.48","United States"
"8147","Gaumont SA","GAM.PA","363778455","116.78","France"
"8148","National Finance","NFCI.OM","363375360","0.558442","Oman"
"8149","KNOT Offshore Partners","KNOP","362806752","10.5","United Kingdom"
"8150","Northeast Community Bancorp","NECB","362597984","26.34","United States"
"8151","United Projects Company For Aviation Services","UPAC.KW","362205238","959.038","Kuwait"
"8152","Liva Group","LIVA.OM","362158502","0.909091","Oman"
"8153","Gulf Warehousing Company","GWCS.QA","362083752","0.617857","Qatar"
"8154","AS Tallinna Sadam","TSM1T.TL","361997702","1.37642","Estonia"
"8155","BVZ Holding","BVZN.SW","361895512","1834.44","Switzerland"
"8156","Ercros","ECR.MC","361805376","3.95692","Spain"
"8157","Cigniti Technologies","CIGNITITEC.NS","361657882","13.1288","India"
"8158","doValue S.p.A.","DOV.MI","361388759","1.90476","Italy"
"8159","Vogenx","VOGX","361201440","24.315","United States"
"8160","All for One Group","A1OS.DE","361078954","77.7778","Germany"
"8161","Southern States Bancshares","SSBK","361068608","36.37","United States"
"8162","Mo-BRUK S.A.","MBR.WA","361030853","102.773","Poland"
"8163","Amplitude Energy","AEL.AX","360684991","1.20276","Australia"
"8164","Árima Real Estate","ARM.MC","360483108","14.7392","Spain"
"8165","Rotshtein Realestate","ROTS.TA","360114255","20.5861","Israel"
"8166","Hypothekarbank Lenzburg","HBLN.SW","360074209","5011.75","Switzerland"
"8167","Rasiyat Holding Company","RASIYAT.KW","359882975","2399.22","Kuwait"
"8168","Datalogic S.p.A.","DAL.MI","359857838","6.45125","Italy"
"8169","Duni AB","DUNI.ST","359772486","7.65489","Sweden"
"8170","Capital Limited","CAPD.L","359768248","1.594","United Kingdom"
"8171","Hydratec Industries","HYDRA.AS","359595126","276.644","Netherlands"
"8172","Vaibhav Global","VAIBHAVGBL.NS","359237922","2.14211","India"
"8173","Waterstone Financial","WSBF","359181024","19.98","United States"
"8174","Walaa Cooperative Insurance Company","8060.SR","359113461","2.81529","Saudi Arabia"
"8175","ClearPoint Neuro","CLPT","359034784","11.77","United States"
"8176","Hokkaido Coca-Cola Bottling","2573.T","358107141","26.3178","Japan"
"8177","Shinpoong Pharm","019170.KS","358031410","6.66731","South Korea"
"8178","Richtech Robotics","RR","357912096","1.59","United States"
"8179","Real Brokerage Inc.","REAX","357864288","16.42","Canada"
"8180","Hektaş","HEKTS.IS","357806217","0.0424444","Turkey"
"8181","GWA Group Limited","GWA.AX","357399826","1.40496","Australia"
"8182","Arabian Pipes Company","2200.SR","356239196","1.42496","Saudi Arabia"
"8183","Dine Brands Global","DIN","356228480","28.14","United States"
"8184","CapsoVision","CV","355977280","6.69","United States"
"8185","GuangZhou Wahlap Technology","301011.SZ","355960974","2.30459","China"
"8186","Seanergy Maritime","SHIP","355900128","16.425","Greece"
"8187","Global Indemnity","GBLI","355620512","24.29","Cayman Islands"
"8188","Parag Milk Foods","PARAGMILK.NS","355616240","2.8334","India"
"8189","Perion Network","PERI","355204864","8.6","Israel"
"8190","Eimskipafélag Íslands","EIM.IC","355202982","2.19634","Iceland"
"8191","BHG Group AB","BHG.ST","355122782","1.97926","Sweden"
"8192","Oatly","OTLY","355028256","11.37","Sweden"
"8193","Emergent BioSolutions","EBS","354811488","6.92","United States"
"8194","Oman Education and Training Investments (OETI)","OETI.OM","354545463","5.06494","Oman"
"8195","Lesaka Technologies","LSAK","354453536","4.13","South Africa"
"8196","Avingtrans","AVG.L","354185772","9.59045","United Kingdom"
"8197","Sanford Limited","SAN.NZ","353986313","3.78083","New Zealand"
"8198","gremz, Inc.","3150.T","353642303","15.293","Japan"
"8199","Flexsteel Industries","FLXS","353362752","86.36","United States"
"8200","Kendrion","KENDR.AS","353141902","23.2993","Netherlands"
"8201","Nissha Co., Ltd.","7915.T","352716497","7.43917","Japan"
"8202","Thob Al Aseel Company","4012.SR","352643503","0.881609","Saudi Arabia"
"8203","Chubu Steel Plate","5461.T","352600546","13.3216","Japan"
"8204","Universal Entertainment Corporation","6425.T","352505344","4.54899","Japan"
"8205","SHL Finance Company","1183.SR","352377139","3.52377","Saudi Arabia"
"8206","CION Investment Corporation","CION","352291360","7.16","United States"
"8207","Norcros","NXR.L","352073491","3.94201","United Kingdom"
"8208","Vox Royalty","VOXR","351993600","5.065","Canada"
"8209","Ranger Energy Services","RNGR","351966432","15.04","United States"
"8210","International Money Express","IMXI","351965440","11.65","United States"
"8211","WithSecure Oyj","WITH.HE","351735546","2.00023","Finland"
"8212","Globe Trade Centre","GTC.WA","351724034","0.612487","Poland"
"8213","Central Asia Metals","CAML.L","351651564","2.0636","United Kingdom"
"8214","Viemed Healthcare","VMD","351554336","9.23","United States"
"8215","Agora, Inc.","API","350881600","4.15","China"
"8216","Lux Industries","LUXIND.NS","350220086","11.6462","India"
"8217","Kyokuyo","1301.T","350170537","29.4759","Japan"
"8218","The Property Franchise Group","TPFG.L","349979941","5.48971","United Kingdom"
"8219","SAPTCO (Saudi Public Transport Company)","4040.SR","349580503","2.79664","Saudi Arabia"
"8220","Mitsubishi Paper Mills","3864.T","349094755","7.96871","Japan"
"8221","Orient Electric","ORIENTELEC.NS","349010000","1.63555","India"
"8222","Timberland Bancorp","TSBK","348972000","44.88","United States"
"8223","Advanced Technology Company K.S.C.P.","ATC.KW","348326486","1788.04","Kuwait"
"8224","ON24","ONTF","348249024","8.1","United States"
"8225","Knr Constructions","KNRCON.NS","348041713","1.23755","India"
"8226","Alandalus Property Company","4320.SR","348026843","3.72886","Saudi Arabia"
"8227","Al Taiseer Group TALCO Industrial Company","4143.SR","347955795","8.69889","Saudi Arabia"
"8228","Kistos Holdings","KIST.L","347441352","4.18012","United Kingdom"
"8229","Lifezone Metals","LZM","347070208","3.86","United Kingdom"
"8230","COLOPL","3668.T","346974707","2.69877","Japan"
"8231","Nippon Air conditioning Services","4658.T","346960752","10.0103","Japan"
"8232","Cerence","CRNC","346916064","7.67","United States"
"8233","Clean Energy Fuels","CLNE","346098688","1.57","United States"
"8234","Fope S.p.A.","FPE.MI","345898909","63.4921","Italy"
"8235","NL Industries","NL","345714080","7.07","United States"
"8236","Gérard Perrier Industrie S.A.","PERR.PA","345604234","91.61","France"
"8237","Vitruvio Real Estate","YVIT.MC","345601367","20.4082","Spain"
"8238","Inmobiliaria del Sur","ISUR.MC","345434619","18.9342","Spain"
"8239","PCC Rokita","PCR.WA","345427679","17.051","Poland"
"8240","Irani Papel e Embalagem S.A.","RANI3.SA","345244525","1.50585","Brazil"
"8241","Capita plc","CPI.L","345222441","2.88375","United Kingdom"
"8242","Pico Far East Holdings","0752.HK","345131387","0.270212","Hong Kong"
"8243","Gran Tierra Energy","GTE","344959168","9.75","Canada"
"8244","Tsubakimoto Kogyo","8052.T","344934651","18.7702","Japan"
"8245","FS Bancorp","FSBW","344597952","43.83","United States"
"8246","Energy Recovery","ERII","344552928","6.75","United States"
"8247","Artesian Resources","ARTNA","343893120","33.3","United States"
"8248","Artiva Biotherapeutics","ARTV","343697568","7.03","United States"
"8249","Al Batinah Power","BATP.OM","343579064","0.509091","Oman"
"8250","Palram Industries","PLRM.TA","343285736","13.3442","Israel"
"8251","Avidbank Holdings","AVBH","343014080","31.23","United States"
"8252","Diana Shipping","DSX","342137728","2.75","Greece"
"8253","LendingTree","TREE","341863328","24.35","United States"
"8254","Lucky Core Industries (LCI)","LCI.PK","341842587","0.740247","Pakistan"
"8255","Orion Group Holdings","ORN","340565376","8.41","United States"
"8256","Rocky Brands","RCKY","340250112","45.44","United States"
"8257","Theeb Rent A Car Company","4261.SR","340180676","5.15648","Saudi Arabia"
"8258","Card Factory plc","CARD.L","340162448","1.03048","United Kingdom"
"8259","Verano Holdings","VRNOF","340106912","0.94","United States"
"8260","Benitec Biopharma","BNTC","340106592","9.75","United States"
"8261","Middle East Specialized Cables Company","2370.SR","340071922","8.5018","Saudi Arabia"
"8262","Alight","ALIT","339796512","9.23","United States"
"8263","BrasilAgro","LND","339688704","3.41","Brazil"
"8264","Ladun Investment Company","9535.SR","339592480","0.679185","Saudi Arabia"
"8265","City of London Investment Group Plc","CLIG.L","338713059","6.87867","United Kingdom"
"8266","Lantronix","LTRX","338469248","7.22","United States"
"8267","Meteoric Resources","MEI.AX","338450235","0.116441","Australia"
"8268","Stride Property Group","SPG.NZ","338383618","0.603803","New Zealand"
"8269","Vertu Motors","VTU.L","338264358","1.11117","United Kingdom"
"8270","Stillfront Group","SF.ST","338111413","0.706451","Sweden"
"8271","Stitch Fix","SFIX","338017312","2.53","United States"
"8272","Hargreaves Services","HSP.L","337929970","11.0059","United Kingdom"
"8273","Bredband2 i Skandinavien AB","BRE2.ST","337924291","0.353073","Sweden"
"8274","JTEKT India","JTEKTINDIA.NS","337483161","1.21661","India"
"8275","Guardian Metal Resources","GMTL","337407424","8.66","United Kingdom"
"8276","COLTENE Holding AG","CLTN.SW","336724805","56.3522","Switzerland"
"8277","iHeartMedia","IHRT","336666432","2.175","United States"
"8278","Anup Engineering","ANUP.NS","336640490","16.8056","India"
"8279","LSL Property Services plc","LSL.L","336624017","3.46579","United Kingdom"
"8280","BayCom (United Business Bank)","BCML","336121216","30.78","United States"
"8281","Ring Energy","REI","336096064","1.29","United States"
"8282","Marie Brizard Wine &amp; Spirits","MBWS.PA","336073132","3.00453","France"
"8283","Gurit Holding","GURN.SW","336046469","71.939","Switzerland"
"8284","China Motor Bus Company","0026.HK","336013281","7.43082","Hong Kong"
"8285","Jupiter Mines Limited","JMS.AX","335820220","0.170827","Australia"
"8286","Cabaletta Bio","CABA","335699968","1.98","United States"
"8287","Innovative Aerosystems","IA","335251488","18.73","United States"
"8288","LNA Santé","LNA.PA","335027690","32.5397","France"
"8289","Nordic Paper","NPAPER.ST","334821133","5.00414","Sweden"
"8290","Civeo","CVEO","334810848","32.39","United States"
"8291","SNDL Inc.","SNDL","334724352","1.36","Canada"
"8292","United Heavy Machinery","OMZZP.ME","334623178","123.59","Russia"
"8293","StealthGas","GASS","334519040","8.89","Greece"
"8294","MS INTERNATIONAL plc","MSI.L","333852527","20.3053","United Kingdom"
"8295","National Fertilizers","NFL.NS","333356136","0.679517","India"
"8296","Australian Ethical Investment Limited","AEF.AX","333347014","2.92846","Australia"
"8297","Nano Dimension","NNDM","333125632","1.58","United States"
"8298","Kuwait Investment Company","KINV.KW","333028306","604.681","Kuwait"
"8299","LiveWire Group","LVWR","332768192","1.62","United States"
"8300","AB Akola Group","AKO1L.VS","332477377","2.01247","Lithuania"
"8301","Victorian Plumbing Group","VIC.L","332345738","1.01196","United Kingdom"
"8302","Avex Inc.","7860.T","332213893","7.78369","Japan"
"8303","Wonderla Holidays","WONDERLA.NS","331948611","5.2339","India"
"8304","Alpine Income Property Trust","PINE","331838368","17.32","United States"
"8305","Argo Global Listed Infrastructure","ALI.AX","331669591","1.75708","Australia"
"8306","Bystronic AG","BYS.SW","331667053","160.664","Switzerland"
"8307","Orell Füssli AG","OFN.SW","331351020","169.057","Switzerland"
"8308","Soltec Power Holdings","SOL.MC","331290837","0.725624","Spain"
"8309","M-tron Industries","MPTI","330723328","76.09","United States"
"8310","On the Beach Group","OTB.L","330296550","2.33875","United Kingdom"
"8311","EHang Holdings","EH","329927296","4.35","China"
"8312","National Industries Company","NICBM.KW","329715926","946.034","Kuwait"
"8313","TFF Group","TFF.PA","329378674","15.1927","France"
"8314","Gevo","GEVO","328825344","1.33","United States"
"8315","Orion S.A.","OEC","328396896","5.81","United States"
"8316","SmartCraft ASA","SMCRT.OL","328123531","1.99594","Norway"
"8317","Repay Holdings","RPAY","328045952","3.72","United States"
"8318","Lime Technologies AB","LIME.ST","327771417","24.5657","Sweden"
"8319","BioAge Labs","BIOA","327703904","7.14","United States"
"8320","Gulf Pharmaceutical Industries","JULPHAR.AE","327144168","0.28","United Arab Emirates"
"8321","Perma-Fix Environmental Services","PESI","326974816","15.41","United States"
"8322","Emirates Insurance Company","EIC.AE","326752902","2.18","United Arab Emirates"
"8323","Kuwait Insurance Company","KINS.KW","326644716","1371.91","Kuwait"
"8324","Nice One Beauty Digital Marketing Company","4193.SR","326396326","2.82594","Saudi Arabia"
"8325","Embecta","EMBC","326359296","5.76","United States"
"8326","Larimar Therapeutics","LRMR","326192416","3.14","United States"
"8327","Abbott Laboratories (Pakistan)","ABOT.PK","325934737","3.32925","Pakistan"
"8328","I'LL inc.","3854.T","325859054","13.0345","Japan"
"8329","Caltagirone Editore","CED.MI","325698202","3.04989","Italy"
"8330","NACL Industries","NACLIND.NS","325617244","1.39008","India"
"8331","Camping World","CWH","325522560","5.1","United States"
"8332","Brødrene A &amp; O Johansen","AOJ-B.CO","324841538","15.0442","Denmark"
"8333","Zengame Technology","2660.HK","324717363","0.310361","China"
"8334","Mirbud S.A.","MRB.WA","324295392","2.94565","Poland"
"8335","Mehadrin","MEDN.TA","324282592","94.2038","Israel"
"8336","The Cross-Harbour Holdings","0032.HK","324202504","0.869903","Hong Kong"
"8337","NewtekOne","NEWT","324086688","11.22","United States"
"8338","Envela Corporation","ELA","323504896","12.46","United States"
"8339","Sumou Real Estate Company","4323.SR","323345327","6.46691","Saudi Arabia"
"8340","John Marshall Bancorp","JMSB","323167872","22.9","United States"
"8341","izertis","IZER.MC","322837250","9.09297","Spain"
"8342","MT Højgaard Holding","MTHH.CO","322611349","41.8568","Denmark"
"8343","Sanara MedTech","SMTI","322408160","35.09","United States"
"8344","C&amp;F Financial Corporation","CFFI","322405152","99.15","United States"
"8345","Instone Real Estate Group","INS.DE","322217785","7.43764","Germany"
"8346","PT Aspirasi Hidup Indonesia Tbk","ACES.JK","322198884","0.0188196","Indonesia"
"8347","Aramis Group","ARAMI.PA","322110502","3.94558","France"
"8348","Designer Brands","DBI","322077440","6.3","United States"
"8349","Saudi Cable Company","2110.SR","321692901","48.2088","Saudi Arabia"
"8350","North American Construction Group","NOA","321621024","11.95","Canada"
"8351","Integrated Holding Company K.S.C.P.","INTEGRATED.KW","321267057","1209.36","Kuwait"
"8352","Presidio Production Company","FTW","321008512","10.19","United States"
"8353","World Holdings","2429.T","320943112","18.1832","Japan"
"8354","Bell Financial Group","BFG.AX","320922817","1.00056","Australia"
"8355","Arkan Al-Kuwait Real Estate Company","ARKAN.KW","320917018","1030.56","Kuwait"
"8356","Braskem","BAK","320854688","1.42","Brazil"
"8357","Sino AG","XTP.DE","320677432","137.188","Germany"
"8358","NN, Inc.","NNBR","320412160","3.88","United States"
"8359","Ribbon Communications","RBBN","320093792","1.79","United States"
"8360","Maui Land &amp; Pineapple Company","MLP","319732416","16.1","United States"
"8361","Naqi Water Company","2282.SR","319616468","15.9808","Saudi Arabia"
"8362","Younited Financial","YOUNI.PA","319362130","7.02948","Luxembourg"
"8363","Lifeway Foods","LWAY","319356608","21.14","United States"
"8364","Ashoka Buildcon","ASHOKA.NS","318482510","1.13451","India"
"8365","Palms Sports","PALMS.AE","318175639","2.12","United Arab Emirates"
"8366","Canada Packers","CPKR.TO","318106494","10.686","Canada"
"8367","Campine","CAMB.BR","318027200","212.018","Belgium"
"8368","Aimco","AIV","317804416","2.06","United States"
"8369","Peach Property Group AG","PEAN.SW","317499943","5.70716","Switzerland"
"8370","FVCBankcorp","FVCB","317221664","17.59","United States"
"8371","Fenix Outdoor","FOI-B.ST","317184025","28.6953","Switzerland"
"8372","Mikron Holding","MIKN.SW","317130081","19.0039","Switzerland"
"8373","V-ZUG Holding","VZUG.SW","317103856","49.4581","Switzerland"
"8374","Beyout Investment Group","BEYOUT.KW","316970100","1056.57","Kuwait"
"8375","Horizon Technology Finance","HRZN","316048960","4.63","United States"
"8376","Bourse Direct","BSD.PA","315973250","6.12245","France"
"8377","PrimeEnergy Resources","PNRG","315792000","199.54","United States"
"8378","Prelude Therapeutics","PRLD","315395392","3.96","United States"
"8379","F-Secure","FSECURE.HE","315355454","1.80499","Finland"
"8380","Concurrent Technologies","CNC.L","314839796","3.46579","United Kingdom"
"8381","CoastalSouth Bancshares","COSO","314760576","26.33","United States"
"8382","Chalice Mining","CHN.AX","314752476","0.806721","Australia"
"8383","Medios AG","ILM1.DE","314628416","12.3356","Germany"
"8384","Byggmax Group","BMAX.ST","314431130","5.36343","Sweden"
"8385","Electrovaya","ELVA","314372480","6.35","Canada"
"8386","BridgeBio Oncology Therapeutics","BBOT","314283136","3.92","United States"
"8387","Judges Scientific plc","JDG.L","314108921","47.1586","United Kingdom"
"8388","Transcontinental","TCL-A.TO","313774645","3.74875","Canada"
"8389","Dialight plc","DIA.L","313729430","7.80465","United Kingdom"
"8390","Build-A-Bear Workshop","BBW","313527072","25.45","United States"
"8391","Sidetrade","ALBFR.PA","313476162","219.501","France"
"8392","8x8","EGHT","313425056","2.17","United States"
"8393","Fiera Capital","FSZ.TO","313403794","2.95856","Canada"
"8394","Imagicaaworld Entertainment","IMAGICAA.NS","313338399","0.531673","India"
"8395","The RMR Group","RMR","312909728","18.32","United States"
"8396","Clearwater Paper","CLW","312668640","19.39","United States"
"8397","Northern Region Cement Company","3004.SR","312584905","1.73658","Saudi Arabia"
"8398","Heidelbergcement India","HEIDELBERG.NS","312533025","1.37904","India"
"8399","Com2uS","078340.KQ","312392694","27.2954","South Korea"
"8400","American Battery Technology Company","ABAT","312245312","2.19","United States"
"8401","Unimot","UNT.WA","311475959","37.995","Poland"
"8402","TWFG, Inc.","TWFG","311317664","24.17","United States"
"8403","Infotel SA","INF.PA","311099527","45.3515","France"
"8404","Parken Sport (F.C. Copenhagen)","PARKEN.CO","310880884","31.8476","Denmark"
"8405","The National Company for Glass Industries","2150.SR","310729528","9.44467","Saudi Arabia"
"8406","Stalprodukt","STP.WA","310369844","60.9892","Poland"
"8407","Public Policy Holding Company","PPHC","310323808","10.27","United States"
"8408","Lalique Group","LLQ.SW","310240545","40.5543","Switzerland"
"8409","Chain Bridge Bancorp","CBNA","309783360","47.21","United States"
"8410","Jindal Poly Films","JINDALPOLY.NS","309762166","7.07439","India"
"8411","Air Asia Company Limited (AACL)","2630.TW","309535346","1.47793","Taiwan"
"8412","Parrot S.A.","PARRO.PA","309403418","10","France"
"8413","Nexity","NXI.PA","309394457","5.55782","France"
"8414","OPAL Fuels","OPAL","309201312","1.77","United States"
"8415","Deep Fission, Inc.","FISN","308961632","5.245","United States"
"8416","Automated Systems Company KPSC","ASC.KW","308842063","3088.43","Kuwait"
"8417","OneConnect Financial Technology","OCFT","307704928","7.89","China"
"8418","Biodesix","BDSX","307459584","29.14","United States"
"8419","Shoper","SHO.WA","307402498","10.9262","Poland"
"8420","Fiverr","FVRR","307378720","8.55","Israel"
"8421","What's Cooking Group","WHATS.BR","307258802","165.533","Belgium"
"8422","Wilmington plc","WIL.L","306921154","3.42611","United Kingdom"
"8423","Oceania Healthcare","OCA.NZ","306513886","0.423227","New Zealand"
"8424","Paysafe","PSFE","306504800","5.87","United States"
"8425","Science Group","SAG.L","306478231","7.60622","United Kingdom"
"8426","Timbercreek Financial","TF.TO","306037850","3.6982","Canada"
"8427","Animalcare Group","ANCR.L","305973739","4.43145","United Kingdom"
"8428","STRATEC","SBS.F","305965886","25.1701","Germany"
"8429","Palmer Square Capital BDC","PSBD","305592672","9.97","United States"
"8430","Omni Bridgeway","OBL.AX","305354200","1.05425","Australia"
"8431","Fastighets AB Trianon","TRIAN-B.ST","305335142","1.65606","Sweden"
"8432","Xunlei","XNET","305316736","4.79","China"
"8433","Alfen","ALFEN.AS","305268561","14.0363","Netherlands"
"8434","Kyodo Printing","7914.T","305022682","11.0248","Japan"
"8435","Andrews Sykes Group","ASY.L","304544013","7.27552","United Kingdom"
"8436","Novabase","NBA.LS","304128570","8.07256","Portugal"
"8437","Vanda Pharmaceuticals","VNDA","304127328","5.03","United States"
"8438","Confidence Petroleum","CONFIPET.NS","304098522","0.915295","India"
"8439","NI Holdings","NODK","304030368","14.9","United States"
"8440","Zhihu","ZH","303984384","3.6","China"
"8441","MM Forgings","MMFL.NS","303835022","6.29298","India"
"8442","Abdulmohsen Al-Hokair Group for Tourism and Development Company","1820.SR","303832528","0.490079","Saudi Arabia"
"8443","OVB Holding","O4B.DE","303769478","21.3152","Germany"
"8444","First Community Corporation","FCCO","303517312","32.29","United States"
"8445","Al Jazeera Steel Products","ATMI.OM","303323625","2.42857","Oman"
"8446","XANO Industri","XANO-B.ST","303270975","5.11327","Sweden"
"8447","Cadiz Inc.","CDZI","303143904","3.58","United States"
"8448","Evommune","EVMN","303039136","8.35","United States"
"8449","Nayifat Finance Company","4081.SR","302486082","2.59422","Saudi Arabia"
"8450","Lands' End","LE","302236672","10.23","United States"
"8451","Gogo Inflight Internet","GOGO","302182528","2.23","United States"
"8452","Tamkeen Human Resources Company","1835.SR","301949672","11.3943","Saudi Arabia"
"8453","Telos","TLS","301936640","4.04","United States"
"8454","B.P. Marsh &amp; Partners","BPM.L","301879554","8.5322","United Kingdom"
"8455","Ellomay Capital","ELLO","301852736","21.9","Israel"
"8456","Dadelo","DAD.WA","301749508","25.849","Poland"
"8457","Clinuvel Pharmaceuticals","CUV.AX","301329701","5.97546","Australia"
"8458","Treace Medical Concepts","TMCI","300459616","4.62","United States"
"8459","Linedata Services","LIN.PA","300387110","61.678","France"
"8460","Mobia Medical, Inc.","MOBI","300285696","9.02","United States"
"8461","Forafric Global PLC","AFRI","300107264","11.13","Gibraltar"
"8462","Cairo Communication","CAI.MI","299712389","2.49433","Italy"
"8463","Qatar Islamic Insurance Group","QISI.QA","299587895","1.99725","Qatar"
"8464","Compagnie d'Entreprises CFE","CFEB.BR","299484525","12.1315","Belgium"
"8465","SCHMID Group","SHMD","299204384","4.49","Germany"
"8466","Perspective Therapeutics","CATX","299077344","2.62","United States"
"8467","Corby Spirit and Wine","CSW-A.TO","299005091","10.5029","Canada"
"8468","Seaport Entertainment Group","SEG","298846464","23.33","United States"
"8469","Century Therapeutics","IPSC","298774272","1.65","United States"
"8470","Anora Group","ANORA.HE","298706494","4.42177","Finland"
"8471","Syntec Optics","OPTX","298473920","7.41","United States"
"8472","Funko","FNKO","298457440","5.33","United States"
"8473","Penguin International Limited","BTM.SI","298354828","1.34582","Singapore"
"8474","Kewal Kiran Clothing","KKCL.NS","298334441","4.84111","India"
"8475","Nilkamal","NILKAMAL.NS","298291552","19.9229","India"
"8476","Grieg Seafood","GSF.OL","297649936","2.65185","Norway"
"8477","Selvaag Bolig","SBO.OL","297647882","3.1768","Norway"
"8478","NCC Group plc","NCC.L","297428123","1.90751","United Kingdom"
"8479","Holley","HLLY","297023648","2.45","United States"
"8480","NervGen Pharma","NGEN.V","296699810","3.74562","Canada"
"8481","Princeton Bancorp","BPRN","296578624","43.53","United States"
"8482","Wing Tai Properties","0369.HK","296084987","0.215405","Hong Kong"
"8483","Firm Capital Mortgage Investment Corporation","FC.TO","295293604","8.03742","Canada"
"8484","Silicom","SILC","295254784","51.37","Israel"
"8485","Abeona Therapeutics","ABEO","295069504","5.16","United States"
"8486","Prince Pipes And Fittings","PRINCEPIPE.NS","294947432","2.66722","India"
"8487","EyePoint Pharmaceuticals","EYPT","294845504","3.42","United States"
"8488","Coelacanth Energy","CEI.V","294720241","0.464916","Canada"
"8489","First Western Financial","MYFW","294516288","30.16","United States"
"8490","Beetaloo Energy Australia","BTL.AX","294414002","0.195231","Australia"
"8491","Rafhan Maize Products Company","RMPL.PK","293935656","31.8236","Pakistan"
"8492","7Road","0797.HK","293637982","0.126184","China"
"8493","Ajinomoto (Malaysia)","2658.KL","293324971","4.82454","Malaysia"
"8494","SAB Biotherapeutics","SABS","292976096","3.22","United States"
"8495","RCM Technologies","RCMT","292963264","41.2","United States"
"8496","Funkwerk AG","FEW.F","292632373","36.3083","Germany"
"8497","Supermax Corporation Berhad","7106.KL","292596077","0.0957055","Malaysia"
"8498","Xebio Holdings","8281.T","292533852","7.06912","Japan"
"8499","Generalfinance","GF.MI","292239609","23.1293","Italy"
"8500","Tanmiah Food Company","2281.SR","291916374","14.5958","Saudi Arabia"
"8501","Eagle Football Group","EFG.PA","291511192","1.78005","France"
"8502","STEICO SE","ST5.DE","290930512","20.6576","Germany"
"8503","Amtech Systems","ASYS","290809536","16.61","United States"
"8504","Bgin Blockchain","BGIN","290759360","2.57","Singapore"
"8505","ClearView Wealth Limited","CVW.AX","290607560","0.453214","Australia"
"8506","Isabella Bank Corporation","ISBA","290126016","38.03","United States"
"8507","Akatsuki Inc","3932.T","289948066","8.03251","Japan"
"8508","Jakks Pacific","JAKK","289902144","25.33","United States"
"8509","AirJoule Technologies Corporation","AIRJ","289722208","3.95","United States"
"8510","Aiphone Co.,Ltd.","6718.T","289456665","17.6856","Japan"
"8511","Remedy Entertainment","REMEDY.HE","289374902","21.2925","Finland"
"8512","Acrow Limited","ACF.AX","289274055","0.686794","Australia"
"8513","Batic Investments and Logistics Company","4110.SR","289252903","0.482088","Saudi Arabia"
"8514","Bank Mayapada Internasional","MAYA.JK","288487516","0.0110245","Indonesia"
"8515","United Bankers Oyj","UNITED.HE","288157959","25.9637","Finland"
"8516","Al-Jouf Agricultural Development","6070.SR","288134263","9.60448","Saudi Arabia"
"8517","James Latham plc","LTHM.L","288015244","14.2865","United Kingdom"
"8518","India Nippon Electricals","INDNIPPON.NS","287681897","12.7172","India"
"8519","ThredUp","TDUP","287620704","2.19","United States"
"8520","X4 Pharmaceuticals","XFOR","287525568","2.9","United States"
"8521","Relais Group Oyj","RELAIS.HE","287222703","15.3628","Finland"
"8522","CPI Card Group","PMTS","287133408","24.77","United States"
"8523","Beacon Lighting Group","BLX.AX","287037469","1.25157","Australia"
"8524","Alembic Limited","ALEMBICLTD.NS","286906461","1.11732","India"
"8525","Tribal Group","TRB.L","286422165","1.33605","United Kingdom"
"8526","Silvaco Group","SVCO","286334656","8.45","United States"
"8527","Soluna Holdings","SLNH","286170976","1.17","United States"
"8528","MGP Ingredients","MGPI","285663776","13.34","United States"
"8529","Alico","ALCO","285614592","38.5","United States"
"8530","Neighborhood Intelligence","NXH","285538080","2.99","United States"
"8531","Mediclin","MED.DE","285430848","6.00907","Germany"
"8532","Banque Cantonale du Jura","BCJ.SW","285299626","95.3192","Switzerland"
"8533","GPA","PCAR3.SA","285269984","0.579173","Brazil"
"8534","Cy4gate","CY4.MI","285216698","12.3356","Italy"
"8535","Fate Therapeutics","FATE","285172832","2.38","United States"
"8536","Keystone Law Group","KEYS.L","284973665","9.06133","United Kingdom"
"8537","Brooge Energy","BROG","284928800","2.6","United Arab Emirates"
"8538","Mangalam Cement","MANGLMCEM.NS","284856861","10.3594","India"
"8539","Bonduelle","BON.PA","284822431","8.9229","France"
"8540","Azkoyen S.A.","AZK.MC","284783573","11.678","Spain"
"8541","Rocket Pharmaceuticals","RCKT","284316192","2.59","United States"
"8542","Upstream Bio","UPB","284261696","5.19","United States"
"8543","Burgenland Holding","BHD.VI","284013596","94.6712","Austria"
"8544","TrueBlue","TBI","283741280","9.32","United States"
"8545","QNB Corp.","QNBC","283703040","45.69","United States"
"8546","Q32 Bio","QTTB","283703008","9.53","United States"
"8547","Zotefoams","ZTF.L","283700539","5.75427","United Kingdom"
"8548","Hikal","HIKAL.NS","282957094","2.29485","India"
"8549","Duos Technologies Group","DUOT","282308320","8.97","United States"
"8550","Fulcrum Therapeutics","FULC","282299840","3.7","United States"
"8551","Boyaa Interactive","0434.HK","282129256","0.390023","China"
"8552","Netcall","NET.L","282085999","1.65353","United Kingdom"
"8553","Regional Management Corp.","RM","282032512","30.57","United States"
"8554","ADF Group","DRX.TO","281989601","9.87595","Canada"
"8555","Inhibikase Therapeutics","IKT","281862528","2.02","United States"
"8556","Helical","HLCL.L","281700052","2.48029","United Kingdom"
"8557","Runway Growth Finance","RWAY","281634560","6.72","United States"
"8558","Strike Energy","STX.AX","281620027","0.0780923","Australia"
"8559","Alto Ingredients","ALTO","281573536","3.63","United States"
"8560","Coveo Solutions","CVO.TO","281506471","3.029","Canada"
"8561","Toho Co., Ltd.","8142.T","281461680","8.82364","Japan"
"8562","Eurobio Scientific","ALERS.PA","281384281","28.458","France"
"8563","Millennium &amp; Copthorne Hotels New Zealand","MCK.NZ","281241253","1.77755","New Zealand"
"8564","Gakken Holdings","9470.T","281230484","6.7565","Japan"
"8565","Franklin Financial Services Corporation","FRAF","281088896","62.47","United States"
"8566","Lexeo Therapeutics","LXEO","280741472","3.42","United States"
"8567","NACCO Industries","NC","280661568","37.19","United States"
"8568","NexPoint Diversified Real Estate Trust","NXDT","280399840","5.28","United States"
"8569","Ames National Corp.","ATLO","280331008","31.65","United States"
"8570","First United Corporation","FUNC","280225536","43.42","United States"
"8571","Hawthorn Bancshares","HWBK","280117728","38.3","United States"
"8572","Marine Products Corporation","MPX","280037408","8.18","United States"
"8573","Standard BioTools","LAB","280026464","0.7133","United States"
"8574","Indorama Synthetics","INDORAMA.NS","279911766","1.07199","India"
"8575","James Fisher and Sons","FSJ.L","279818260","5.54262","United Kingdom"
"8576","Friedman Industries","FRD","279423520","38.74","United States"
"8577","Propel Funeral Partners","PFP.AX","278987200","2.02203","Australia"
"8578","ZipRecruiter","ZIP","278746688","3.39","United States"
"8579","Velan","VLN.TO","278055468","12.8815","Canada"
"8580","Taiga Building Products","TBL.TO","277539275","2.57113","Canada"
"8581","Newegg","NEGG","277486016","13.23","United States"
"8582","Western New England Bancorp","WNEB","277234400","13.83","United States"
"8583","Jeju Air","089590.KS","277203033","3.44048","South Korea"
"8584","TSS, Inc.","TSSI","277111264","9.82","United States"
"8585","Santhera Pharmaceuticals","SANN.SW","276982442","18.0807","Switzerland"
"8586","Accent Group","AX1.AX","276657751","0.460187","Australia"
"8587","Secuoya, Grupo de Comunicación, S.A.","SEC.MC","276443256","34.4671","Spain"
"8588","Medallion Financial Corp.","MFIN","276441376","12.04","United States"
"8589","John Wood Group","WG.L","276090680","0.399424","United Kingdom"
"8590","Qingci Games","6633.HK","275802622","0.398945","China"
"8591","Prosperity Real Estate Investment Trust","0808.HK","275666428","0.172069","Hong Kong"
"8592","Amarin Corporation","AMRN","275534080","13.14","Ireland"
"8593","Eisen- und Hüttenwerke","EIS.F","275374141","15.6463","Germany"
"8594","High Liner Foods","HLF.TO","275193864","9.82664","Canada"
"8595","Mortgage Advice Bureau (Holdings)","MAB1.L","275128466","4.77539","United Kingdom"
"8596","The Pearl REIF","PRFD.OM","274979751","0.464935","Oman"
"8597","Neon Equity AG","D77.DE","274720082","6.23583","Germany"
"8598","GE Power India","GEPIL.NS","274557971","4.07664","India"
"8599","fuboTV","FUBO","274556864","9.09","United States"
"8600","Gabler Group AG","XK4.F","274376408","45.3515","Germany"
"8601","Text (LiveChat)","TXT.WA","274264626","10.6511","Poland"
"8602","Chicago Atlantic Real Estate Finance","REFI","274146272","10.7","United States"
"8603","Saratoga Investment","SAR","273858016","17.03","United States"
"8604","Middlefield Banc","MBCN","273627936","33.67","United States"
"8605","GoPro","GPRO","273422208","1.325","United States"
"8606","Groupe Pizzorno Environnement","GPE.PA","273239320","70.6916","France"
"8607","Los Andes Copper","LA.V","273234182","8.98838","Canada"
"8608","Sogefi S.p.A.","SGF.MI","273175175","2.29025","Italy"
"8609","Keiyo Gas","9539.T","272844422","8.4855","Japan"
"8610","Intracom Holdings","INTRK.AT","272843819","3.28798","Greece"
"8611","IFL (Ibrahim Fibres)","IBFL.PK","272775980","0.878486","Pakistan"
"8612","So-Young International","SY","272664704","2.71","China"
"8613","Canaan","CAN","272634400","0.3725","China"
"8614","InflaRx","IFRX","272631232","1.85","Germany"
"8615","Al Kout Industrial Projects Company","ALKOUT.KW","272261594","2698.31","Kuwait"
"8616","Giordano","0709.HK","271947335","0.168245","Hong Kong"
"8617","Pihlajalinna Oyj","PIHLIS.HE","271807701","12.0862","Finland"
"8618","Mount Gibson Iron","MGX.AX","271608882","0.230093","Australia"
"8619","USANA","USNA","271605056","14.7","United States"
"8620","Cresco Labs","CRLBF","271449536","0.73","United States"
"8621","TOP Financial Group Limited","TOP","271309856","2.06","Hong Kong"
"8622","Edisun Power Europe","ESUN.SW","270851052","85.6074","Switzerland"
"8623","GBank Financial Holdings","GBFH","270731904","18.65","United States"
"8624","HireQuest","HQI","270724256","19.49","United States"
"8625","COG Financial Services","COG.AX","270643460","1.269","Australia"
"8626","United Foodbrands Limited","UFBL.NS","270599811","6.91759","India"
"8627","Uxin Limited","UXIN","270575712","1.23","China"
"8628","TechTarget","TTGT","270524128","3.74","United States"
"8629","Metro Mining","MMI.AX","270160872","0.875052","Australia"
"8630","Red Sea International Company","4230.SR","269973382","5.59329","Saudi Arabia"
"8631","Greenwich LifeSciences","GLSI","269785440","18.38","United States"
"8632","Xperi","XPER","269708192","5.53","United States"
"8633","Gateway Distriparks","GATEWAY.NS","269655657","0.539696","India"
"8634","Frontier Developments","FDEV.L","269622101","7.96338","United Kingdom"
"8635","SKY Network Television Limited","SKT.NZ","269585405","1.95813","New Zealand"
"8636","Capital A (Air Asia)","5099.KL","269358909","0.0601227","Malaysia"
"8637","loanDepot","LDI","269328224","0.6061","United States"
"8638","Damaan Islamic Insurance Company (Beema)","BEMA.QA","269120854","1.3456","Qatar"
"8639","National Bankshares","NKSH","269065312","42.25","United States"
"8640","Coop Pank AS","CPA1T.TL","269035674","2.59637","Estonia"
"8641","Celon Pharma","CLN.WA","268638262","4.98295","Poland"
"8642","American Realty Investors","ARL","268608448","16.63","United States"
"8643","Matrix Service Company","MTRX","267924496","9.47","United States"
"8644","Incap Oyj","ICP1V.HE","267807955","9.161","Finland"
"8645","Qatar Industrial Manufacturing Company","QIMD.QA","267626366","0.563187","Qatar"
"8646","Brinova Fastigheter","BRIN-B.ST","267273754","1.16074","Sweden"
"8647","Immuneering","IMRX","267200272","4.13","United States"
"8648","Huuuge","HUG.WA","267102584","5.96916","United States"
"8649","SHUAA Capital","SHUAA.AE","267016529","0.0729748","United Arab Emirates"
"8650","Sutro Biopharma","STRO","266956864","16.1","United States"
"8651","Anika Therapeutics","ANIK","266923248","19.945","United States"
"8652","Al-Deera Holding Company","ALDEERA.KW","266503154","1625.49","Kuwait"
"8653","STINAG Stuttgart Invest","STG.F","266363856","16.9982","Germany"
"8654","Escalade Sports","ESCA","266235872","19.34","United States"
"8655","Federal-Mogul Goetze","FMGOETZE.NS","266046521","4.78225","India"
"8656","Kingsway Corporation","KWY","265875872","9.19","Canada"
"8657","Ainsworth Game Technology","AGI.AX","265828132","0.78929","Australia"
"8658","Automotive Axles","AUTOAXLES.NS","265789998","17.588","India"
"8659","Outdoor Holding Company","POWW","265779520","2.29","United States"
"8660","LCNB Corp.","LCNB","265427888","18.62","United States"
"8661","CAB Payments","CABP.L","265294295","1.04503","United Kingdom"
"8662","Sasken Technologies","SASKEN.NS","265210059","17.4578","India"
"8663","Strattec Security","STRT","265202624","66.55","United States"
"8664","Halwani Bros","6001.SR","265002008","7.49501","Saudi Arabia"
"8665","CS Disco","LAW","264872640","4.08","United States"
"8666","Westwing Group","WEW.DE","264841987","14.059","Germany"
"8667","Pure Cycle (water)","PCYO","264830096","10.99","United States"
"8668","Oman Flour Mills","OFMI.OM","264750347","1.52468","Oman"
"8669","BAUER AG","B5A0.HM","264470685","6.14512","Germany"
"8670","The Metals Royalty Company","TMCR","264262976","3.92","Canada"
"8671","Alamar Foods Company","6014.SR","263931289","10.3502","Saudi Arabia"
"8672","Sanam Real Estate Company","SANAM.KW","263733479","1141.09","Kuwait"
"8673","Emperor Watch &amp; Jewellery","0887.HK","263604503","0.0363256","Hong Kong"
"8674","OraSure Technologies","OSUR","263460144","3.82","United States"
"8675","United Carton Industries Company","1323.SR","263150892","6.57877","Saudi Arabia"
"8676","InfuSystem","INFU","262967600","13.03","United States"
"8677","BCB Bancorp","BCBP","262928080","8.55","United States"
"8678","Information Services Group","III","262885104","5.43","United States"
"8679","JDC Group AG","JDC.DE","262676218","19.2177","Germany"
"8680","Nam Tai Property","NTPIF","262332256","4.3","China"
"8681","Somany Ceramics","SOMANYCERA.NS","262130719","6.39144","India"
"8682","Al Ramz Corporation Investment and Development","ALRAMZ.AE","262042949","0.476515","United Arab Emirates"
"8683","TriSalus Life Sciences","TLSI","261692048","4.25","United States"
"8684","Automatic Bank Services","SHVA.TA","261491592","6.50928","Israel"
"8685","Compagnie Du Mont-Blanc","MLCMB.PA","261377733","290.249","France"
"8686","Virginia National Bankshares","VABK","261335824","48.17","United States"
"8687","Slam Corp","SLMWF","261266432","11.14","United States"
"8688","Swarmer","SWMR","260888400","16.37","United States"
"8689","Jumbo Interactive Limited","JIN.AX","260549962","4.12076","Australia"
"8690","Martifer SGPS","MAR.LS","259427148","2.65306","Portugal"
"8691","Skel fjárfestingafélag","SKEL.IC","259090970","0.138935","Iceland"
"8692","Kingstone Companies","KINS","258688512","17.87","United States"
"8693","AC Immune","ACIU","258510000","2.6","Switzerland"
"8694","Race Oncology","RAC.AX","258381182","1.31781","Australia"
"8695","Omega Flex","OFLX","258313696","25.59","United States"
"8696","Jack in the Box","JACK","258153776","13.46","United States"
"8697","Commerce.com","CMRC","257691456","3.11","United States"
"8698","EnviTec Biogas","ETG.DE","257602041","17.3469","Germany"
"8699","Tristel","TSTL.L","257550203","5.35743","United Kingdom"
"8700","Palladyne AI","PDYN","257547024","5.22","United States"
"8701","Portillo's","PTLO","257441312","3.55","United States"
"8702","Knowit","KNOW.ST","257287802","9.44604","Sweden"
"8703","Richardson Electronics","RELL","257150960","17.3","United States"
"8704","Zentalis Pharmaceuticals","ZNTL","257034240","2.715","United States"
"8705","EVI Industries","EVI","256797936","19.94","United States"
"8706","National Cleaning Company","CLEANING.KW","256223544","1040.31","Kuwait"
"8707","IVE Group","IGL.AX","256205776","1.67341","Australia"
"8708","Sinad Holding Company","4080.SR","256177781","2.0269","Saudi Arabia"
"8709","Vp plc","VP.L","256130932","6.48182","United Kingdom"
"8710","AudioCodes","AUDC","256019632","10.6","Israel"
"8711","Afentra","AET.L","255969929","0.945817","United Kingdom"
"8712","Perma-Pipe International","PPIH","255771536","31.21","United States"
"8713","ChargePoint","CHPT","255615104","9.52","United States"
"8714","Neowiz Games","095660.KQ","255528238","13.0547","South Korea"
"8715","Grammer AG","GMM.DE","255225479","17.1202","Germany"
"8716","Aurora Cannabis","ACB","255139552","4.03","Canada"
"8717","Arabian Shield Cooperative Insurance Company","8070.SR","255102830","3.19616","Saudi Arabia"
"8718","CM.com","CMCOM.AS","254987275","7.68707","Netherlands"
"8719","Bicycle Therapeutics","BCYC","254810976","3.65","United Kingdom"
"8720","Siyaram Silk Mills","SIYSIL.NS","254787216","5.61575","India"
"8721","AB Dynamics","ABDP.L","254651150","11.1249","United Kingdom"
"8722","AFT Pharmaceuticals","AFT.NZ","254457951","2.4265","New Zealand"
"8723","Bodal Chemicals","BODALCHEM.NS","254433755","2.02021","India"
"8724","Eleco","ELCO.L","253986141","3.04249","United Kingdom"
"8725","Pizza Pizza","PZA.TO","253841859","7.5091","Canada"
"8726","Silver Bow Mining","SBMT","253649824","8.59","United States"
"8727","Orient Cement","ORIENTCEM.NS","253538934","1.23401","India"
"8728","AerSale","ASLE","253429120","5.31","United States"
"8729","Kore Potash plc","KP2.L","253333154","0.0489444","United Kingdom"
"8730","Bpost","13B.F","253062432","1.26531","Belgium"
"8731","Indoco Remedies","INDOCO.NS","253031138","2.74516","India"
"8732","MCH Group","MCHN.SW","252980677","8.17707","Switzerland"
"8733","Palisade Bio","PALI","252692320","1.45","United States"
"8734","Ioneer","IONR","252623152","3.15","Australia"
"8735","BRT Apartments","BRT","252581616","13.44","United States"
"8736","Gencor Industries","GENC","252552192","17.23","United States"
"8737","Brockhaus Technologies","BKHT.DE","252307565","24.1497","Germany"
"8738","Fonix Mobile","FNX.L","251820397","2.5795","United Kingdom"
"8739","Oryzon Genomics","ORY.MC","251819493","3.07256","Spain"
"8740","PAMT Corp","PAMT","251725920","12.02","United States"
"8741","Aspo Oyj","ASPO.HE","251676654","8.03085","Finland"
"8742","OpGen","OPGN","251197920","24.75","United States"
"8743","Aviat Networks","AVNW","251038192","19.61","United States"
"8744","Kaldalón","KALD.IC","250967140","0.196176","Iceland"
"8745","Fintel Plc","FNTL.L","250848959","2.40753","United Kingdom"
"8746","Invivyd","IVVD","250574416","0.8501","United States"
"8747","Delegat","DGL.NZ","250528493","2.47729","New Zealand"
"8748","BEST S.A.","BST.WA","249831799","8.77207","Poland"
"8749","Lifecore Biomedical","LFCR","249799552","6.59","United States"
"8750","High Tide","HITI","249599328","2.8","Canada"
"8751","Far East Consortium International","0035.HK","249536167","0.0815734","Hong Kong"
"8752","Prodware","ALPRO.PA","249520944","32.0917","France"
"8753","B&amp;G Foods","BGS","249516304","3.07","United States"
"8754","Onity Group","ONIT","249382432","29.85","United States"
"8755","Stelrad Group","SRAD.L","249327715","1.95778","United Kingdom"
"8756","Silver Mines Limited","SVL.AX","249141835","0.0976154","Australia"
"8757","Microvast","MVST","249062992","0.6477","United States"
"8758","Al-Arabiya Real Estate Company","ARABREC.KW","248471190","643.693","Kuwait"
"8759","Andrew Peller","ADW-A.TO","248190234","5.63535","Canada"
"8760","Australian Finance Group","AFG.AX","248167890","0.918282","Australia"
"8761","National General Insurance Company","NGI.AE","247929577","1.50306","United Arab Emirates"
"8762","Absa Bank","ABSP.JO","247926000","55.3035","South Africa"
"8763","Jassim Transport &amp; Stevedoring Company","JTC.KW","247231788","1362.16","Kuwait"
"8764","SIGA Technologies","SIGA","247163008","3.44","United States"
"8765","LX Hausys","108670.KS","247035818","24.7538","South Korea"
"8766","Eagle Financial Services","EFSI","246804336","45.6","United States"
"8767","Kitex Garments","KITEX.NS","246579319","1.23599","India"
"8768","Raoom trading Company","4144.SR","246537501","19.723","Saudi Arabia"
"8769","AS Tallinna Vesi","TVE1T.TL","246031738","12.3016","Estonia"
"8770","Conduent","CNDT","245722864","1.58","United States"
"8771","Aeluma","ALMU","245637312","12.75","United States"
"8772","Neobo Fastigheter","NEOBO.ST","245590882","1.76113","Sweden"
"8773","Chinese Estates Holdings","0127.HK","245573416","0.128733","Hong Kong"
"8774","The Hackett Group","HCKT","245544592","9.87","United States"
"8775","Akebia Therapeutics","AKBA","245543840","0.8861","United States"
"8776","CAMP4 Therapeutics","CAMP","245365024","3.91","United States"
"8777","Tredegar","TG","245172384","7.04","United States"
"8778","BTG Consulting plc","BTG.L","244897152","1.51463","United Kingdom"
"8779","AB Amber Grid","AMG1L.VS","244719774","1.37188","Lithuania"
"8780","Capital B","ALCPB.PA","244621235","6.36054","France"
"8781","A'ayan Real Estate Company K.S.C.P.","AAYANRE.KW","244574961","588.427","Kuwait"
"8782","Genfit","GNFT","244433360","4.85","France"
"8783","Acme United","ACU","244291200","63.72","United States"
"8784","Hindustan Sanitaryware &amp; Industries","HSIL.NS","244173718","3.77","India"
"8785","Verve Group SE","VER.ST","244098011","1.21978","Sweden"
"8786","A2Z Cust2Mate Solutions","AZ","243906624","5.54","Canada"
"8787","U.S. Gold Corp","USAU","243797776","14.75","United States"
"8788","Entrada Therapeutics","TRDA","243743552","6.26","United States"
"8789","Al Dhafra Insurance","DHAFRA.AE","243676661","2.44","United Arab Emirates"
"8790","Blend Labs","BLND","243608704","1.03","United States"
"8791","Bank Ochrony Srodowiska","BOS.WA","243539033","2.62124","Poland"
"8792","Webzen","069080.KQ","243282117","8.59751","South Korea"
"8793","Instabank ASA","INSTA.OL","243040478","0.52287","Norway"
"8794","RideNow Group","RDNW","243039072","6.23","United States"
"8795","Delta Corp","DELTACORP.NS","242885515","0.907064","India"
"8796","Treatt plc","TET.L","242795520","4.11273","United Kingdom"
"8797","Third Harmonic Bio","THRD","242787568","5.38","United States"
"8798","Coronado Global Resources","CRN.AX","242275356","0.128992","Australia"
"8799","eVISO S.p.A.","EVISO.MI","242262069","10.8844","Italy"
"8800","APB Apranga","APG1L.VS","241980672","4.37642","Lithuania"
"8801","Pyxis Oncology","PYXS","241883344","2.9","United States"
"8802","E. W. Scripps Company","SSP","241866064","2.61","United States"
"8803","Prim, S.A.","PRM.MC","241578296","14.229","Spain"
"8804","Midwich Group","MIDW.L","241104951","2.3361","United Kingdom"
"8805","Immersion Corporation","IMMR","241075856","7.26","United States"
"8806","Corporate Travel Management","CTD.AX","240781428","1.64552","Australia"
"8807","Vanquis Banking Group","VANQ.L","240741863","0.961691","United Kingdom"
"8808","Manazel","MANAZEL.AE","240701408","0.09","United Arab Emirates"
"8809","Sharjah Cement and Industrial Development","SCIDC.AE","240154652","0.39","United Arab Emirates"
"8810","MacroGenics","MGNX","240149712","3.77","United States"
"8811","Lineage Cell Therapeutics","LCTX","239629808","0.9475","United States"
"8812","Dustin Group","DUST.ST","239341641","0.176313","Sweden"
"8813","Richmond Mutual Bancorporation","RMBI","239281632","14.92","United States"
"8814","Hindustan Oil Exploration Company","HINDOILEXP.NS","239272453","1.80934","India"
"8815","Yatsen Holding","YSG","239191408","2.55","China"
"8816","Herfy Food Services Company","6002.SR","239115307","3.6969","Saudi Arabia"
"8817","Qoria Limited","QOR.AX","239024705","0.169663","Australia"
"8818","CLS Holdings plc","CLI.L","238982384","0.59527","United Kingdom"
"8819","Mitsubishi Steel Mfg.","5632.T","238965519","15.8034","Japan"
"8820","FuRyu","6238.T","238948141","9.02142","Japan"
"8821","Munshaat Real Estate Projects Company","MUNSHAAT.KW","238673609","741.222","Kuwait"
"8822","Wawel","WWL.WA","238042392","184.265","Poland"
"8823","Gentrack Group","GTK.NZ","237978195","2.11613","New Zealand"
"8824","Utah Medical Products","UTMD","237877648","74.95","United States"
"8825","Alliance Entertainment","AENT","237461328","4.66","United States"
"8826","Adgar Investments and Development","ADGR.TA","237346191","1.25627","Israel"
"8827","Al Imtiaz Investment Group Company","ALIMTIAZ.KW","236765676","229.519","Kuwait"
"8828","Apollo Pipes","APOLLOPIPE.NS","236573310","5.38654","India"
"8829","Infinity Natural Resources","INR","236567328","12.69","United States"
"8830","Sol-Gel Technologies","SLGL","236546432","72.25","Israel"
"8831","Integrated Wind Solutions","IWS.OL","236379815","5.91614","Norway"
"8832","Laboratorio Reig Jofre","RJF.MC","236343920","2.87982","Spain"
"8833","Torrid Holding","CURV","236335040","2.37","United States"
"8834","Vátryggingafélag Íslands","SKAGI.IC","236255413","0.120289","Iceland"
"8835","Teixeira Duarte","TDSA.LS","236190468","0.562358","Portugal"
"8836","Lyell Immunopharma","LYEL","235984496","9.63","United States"
"8837","029 Group","Z29.DE","235827657","47.1655","Germany"
"8838","Saudi Advanced Industries Company","2120.SR","235717145","3.99521","Saudi Arabia"
"8839","GDI Property Group","GDI.AX","235245464","0.435783","Australia"
"8840","Niagen Bioscience","NAGE","234950768","2.95","United States"
"8841","Najran Cement Company","3002.SR","234775870","1.42496","Saudi Arabia"
"8842","Wayi International Digital Entertainment","3086.TWO","234718627","0.860688","Taiwan"
"8843","Vuzix","VUZI","233827424","2.77","United States"
"8844","Kurabo Industries","3106.T","233807995","14.8817","Japan"
"8845","Síminn hf.","SIMINN.IC","233805973","0.102329","Iceland"
"8846","BitFuFu","FUFU","233375296","1.4","Singapore"
"8847","ProQR Therapeutics","PRQR","232846416","1.65","Netherlands"
"8848","Sionna Therapeutics","SION","232843872","5.15","United States"
"8849","Solar A/S","SOLAR-B.CO","232427075","29.2391","Denmark"
"8850","Prakash Industries","PRAKASH.NS","232351118","1.29746","India"
"8851","Ecoener","ENER.MC","232314169","4.08163","Spain"
"8852","ZE PAK SA","ZEP.WA","232146882","4.5677","Poland"
"8853","Peoples Bancorp of North Carolina","PEBK","231743792","43.55","United States"
"8854","Myer Holdings","MYR.AX","231699404","0.133873","Australia"
"8855","Atrys Health","ATRY.MC","231542850","3.04989","Spain"
"8856","Community Bancorp","CMTV","231457280","41.325","United States"
"8857","Angi Inc.","ANGI","231362640","5.72","United States"
"8858","Draganfly","DPRO","231096288","6.2","Canada"
"8859","TerrAscend","TSND.TO","231012424","0.619889","Canada"
"8860","Rane Holdings","RANEHOLDIN.NS","230426387","16.1388","India"
"8861","Transgene SA","TNG.PA","229986641","0.826531","France"
"8862","KinderCare Learning Companies","KLC","229923056","1.94","United States"
"8863","Global Water Resources","GWRS","229786912","7.98","United States"
"8864","Cosmo First","COSMOFIRST.NS","229196072","8.82944","India"
"8865","Security National Financial Corporation","SNFCA","229188688","8.8","United States"
"8866","Turtle Beach Corp","TBCH","229065216","12.79","United States"
"8867","Ascom Holding","ASCN.SW","228929225","6.9541","Switzerland"
"8868","Salalah Port Services Company","SPSI.OM","228883969","1.27273","Oman"
"8869","StarragTornos Group","STGN.SW","228601663","41.8445","Switzerland"
"8870","Ayyan Investment Company","2140.SR","228371711","2.26928","Saudi Arabia"
"8871","Imperial Petroleum","IMPP","228335392","5.005","Greece"
"8872","Bonei Hatichon Civil Engineering &amp; Infrastructures","BOTI.TA","228143091","13.9694","Israel"
"8873","First Internet Bancorp","INBK","228033616","26.11","United States"
"8874","Ares Commercial Real Estate","ACRE","228027376","4.11","United States"
"8875","BTB Real Estate Investment Trust","BTB-UN.TO","227970574","2.55704","Canada"
"8876","Sporting Clube de Portugal","SCP.LS","227869017","1.12812","Portugal"
"8877","Jin Air","272450.KS","227794778","4.42031","South Korea"
"8878","Amlak International Finance Company","1182.SR","227766894","2.23465","Saudi Arabia"
"8879","Bang &amp; Olufsen A/S","BO.CO","227594188","1.59595","Denmark"
"8880","technotrans","TTR1.DE","227514351","32.9365","Germany"
"8881","AstroNova, Inc.","ALOT","227316416","28.99","United States"
"8882","Acadian Timber","ADN.TO","227015810","12.0878","Canada"
"8883","OP Bancorp (Open Bank)","OPBK","226826416","15.19","United States"
"8884","Enter Air","ENT.WA","226289309","12.8986","Poland"
"8885","SmartRent","SMRT","226101904","1.18","United States"
"8886","Dave & Buster's","PLAY","226050864","6.49","United States"
"8887","Teract S.A.","TRACT.PA","226045906","3.23688","France"
"8888","Smiths News","SNWS.L","226039053","0.933912","United Kingdom"
"8889","Meridian Corporation","MRBK","225936176","18.94","United States"
"8890","FreightCar America","RAIL","225931920","6.89","United States"
"8891","Powersoft","PWS.MI","225774106","17.5737","Italy"
"8892","Koskisen Oyj","KOSKI.HE","225646414","9.36508","Finland"
"8893","Etteplan","ETTE.HE","225588419","8.93424","Finland"
"8894","Vecima Networks","VCM.TO","225571267","9.2772","Canada"
"8895","EaseMyTrip","EASEMYTRIP.NS","225456093","0.0619921","India"
"8896","LoveSac","LOVE","225294016","15.62","United States"
"8897","Icelandair","ICEAIR.IC","224913738","0.00546966","Iceland"
"8898","Salam International Investment","SIIS.QA","224860565","0.196703","Qatar"
"8899","Synthomer","SYNT.L","224675447","1.37044","United Kingdom"
"8900","Nature's Sunshine Products","NATR","224518832","12.76","United States"
"8901","Geojit Financial Services","GEOJITFSL.NS","224449291","0.804126","India"
"8902","Delta Plus Group","ALDLT.PA","224340328","31.2925","France"
"8903","RGC Resources","RGCO","224333040","21.53","United States"
"8904","Stille AB","STIL.ST","224330244","24.966","Sweden"
"8905","Riber S.A.","ALRIB.PA","224304011","10.6689","France"
"8906","Pro-Dex","PDEX","224297440","70.02","United States"
"8907","AFC Energy","AFC.L","223969920","0.197071","United Kingdom"
"8908","Squirrel Media","SQRL.MC","223955476","2.3356","Spain"
"8909","Nu Skin","NUS","223425744","4.59","United States"
"8910","enCore Energy","EU","223423120","1.15","Canada"
"8911","SEACOR Marine","SMHI","223303152","8.23","United States"
"8912","Streamwide","ALSTW.PA","223158995","82.5397","France"
"8913","Oman Oil Marketing Company (oomco)","OOMS.OM","222818187","3.63636","Oman"
"8914","AIAI Holdings Corporation","AIAI","222809680","3.145","United States"
"8915","Archer Limited","ARCH.OL","222806270","2.23939","Norway"
"8916","GrafTech","EAF","222709408","8.55","United States"
"8917","Repco Home Finance","REPCOHOME.NS","222627962","3.55855","India"
"8918","Compugen","CGEN","222601728","2.35","Israel"
"8919","FNM S.p.A.","FNM.MI","222382142","0.511338","Italy"
"8920","Genel Energy","GENL.L","222363663","0.806921","United Kingdom"
"8921","BrainChip","BRN.AX","222340263","0.0920374","Australia"
"8922","Lightbridge Corporation","LTBR","221992608","6.3","United States"
"8923","Daikoku Denki","6430.T","221960396","15.1846","Japan"
"8924","Computer Modelling Group","CMG.TO","221959368","2.84585","Canada"
"8925","FutureFuel","FF","221948400","5.06","United States"
"8926","Keros Therapeutics","KROS","221866224","11.19","United States"
"8927","Gulf Hotels Group","GHG.BH","221798669","0.774536","Bahrain"
"8928","Appen","APX.AX","221668379","0.826245","Australia"
"8929","CF Bankshares","CFBK","221579200","34.13","United States"
"8930","KAMCO Investment Company","KAMCO.KW","221470097","646.944","Kuwait"
"8931","Crest Nicholson Holdings plc","CRST.L","221453287","0.862479","United Kingdom"
"8932","Kogan.com Ltd","KGN.AX","221155536","2.31488","Australia"
"8933","Asure Software","ASUR","220926864","7.65","United States"
"8934","Forrester Research","FORR","220662016","11.59","United States"
"8935","Kuwait Financial Centre "Markaz”","MARKAZ.KW","220420786","455.137","Kuwait"
"8936","Gamania Digital","6180.TWO","220419408","1.30046","Taiwan"
"8937","Nelco","NELCO.NS","220326640","9.65566","India"
"8938","Kolibri Global Energy","KGEI","220290720","6.13","United States"
"8939","Al Eid Food Company","ALEID.KW","220168570","704.731","Kuwait"
"8940","Limoneira","LMNR","219759936","12.12","United States"
"8941","American Well","AMWL","219549472","13.14","United States"
"8942","centrotherm international","CTNK.F","219541689","10.3741","Germany"
"8943","A'Saffa Foods","SPFI.OM","219428577","1.82857","Oman"
"8944","Chicago Atlantic BDC","LIEN","219305856","9.61","United States"
"8945","Resimac Group Limited","RMC.AX","219248053","0.554316","Australia"
"8946","Kafrit Industries","KAFR.TA","219226418","9.08173","Israel"
"8947","Cartesian Therapeutics","RNAC","219048736","7.24","United States"
"8948","MBIA","MBI","218860544","4.29","United States"
"8949","Anavex Life Sciences","AVXL","218764528","2.36","United States"
"8950","Healius Limited","HLS.AX","218734652","0.301213","Australia"
"8951","Josef Manner &amp; Comp","MAN.VI","218571421","115.646","Austria"
"8952","QumulusAI, Inc.","QMLS","218484112","6.53","United States"
"8953","Helios Underwriting","HUW.L","218366944","3.1417","United Kingdom"
"8954","PennantPark Investment","PNNT","218088960","3.34","United States"
"8955","Xponential Fitness","XPOF","217874800","4.4","United States"
"8956","Frauenthal Holding","FKA.VI","217758614","25.1701","Austria"
"8957","Spok Holdings","SPOK","217757792","10.41","United States"
"8958","TON Strategy Co.","TONX","217534352","3.95","United States"
"8959","Volati AB","VOLO.ST","217089624","2.3515","Sweden"
"8960","Exco Technologies Limited","XTC.TO","217062339","5.79032","Canada"
"8961","Homeland Interactive Technology","3798.HK","217039222","0.172069","China"
"8962","Hudson Technologies","HDSN","216756032","5.15","United States"
"8963","Protalix BioTherapeutics","PLX","216737712","2.69","Israel"
"8964","Stellus Capital Investment Corporation","SCM","216447504","7.6","United States"
"8965","National CineMedia","NCMI","216362000","2.3","United States"
"8966","TAKKT AG","TTK.DE","216361934","3.37868","Germany"
"8967","Lubelski Wegiel Bogdanka","LWB.WA","216273732","6.35845","Poland"
"8968","Immobel","IMMO.BR","216265009","21.1451","Belgium"
"8969","CARGO Therapeutics","CRGX","216188416","4.47","United States"
"8970","MJ Gleeson plc","GLE.L","216070991","3.7039","United Kingdom"
"8971","One Stop Systems","OSS","215732112","8.65","United States"
"8972","Adagene","ADAG","215530144","3.21","China"
"8973","Celtic","CCP.L","215208385","2.26202","United Kingdom"
"8974","Gati","GATI.NS","215137993","1.65","India"
"8975","Modiv Industrial","MDV","215101808","18.05","United States"
"8976","Al-Maha Petroleum","MHAS.OM","215064940","3.11688","Oman"
"8977","Electreon Wireless","ELWS.TA","214985517","14.2299","Israel"
"8978","Orrön Energy","ORRON.ST","214565989","0.75048","Sweden"
"8979","Smart Sand","SND","214539248","5.06","United States"
"8980","India Glycols","INDIAGLYCO.NS","214530340","3.20067","India"
"8981","MTI Ltd.","9438.T","214382020","3.85994","Japan"
"8982","Iberpapel Gestión","IBG.MC","214352610","19.6712","Spain"
"8983","AIRO Group Holdings","AIRO","214264672","6.79","United States"
"8984","Al Khaleej Training and Education Company","4290.SR","213983225","3.29205","Saudi Arabia"
"8985","Feintool International","FTON.SW","213569214","14.5077","Switzerland"
"8986","Hong Kong Ferry","0050.HK","213427382","0.599054","Hong Kong"
"8987","Oriola","OKDBV.HE","213327213","1.17525","Finland"
"8988","Liontrust Asset Management PLC","LIO.L","213205083","3.44595","United Kingdom"
"8989","Olimpo Real Estate","YORE.MC","212916056","1.08277","Spain"
"8990","Sovereign Metals","SVM.AX","212677410","0.324223","Australia"
"8991","Whitehawk Therapeutics","WHWK","212643600","3.73","United States"
"8992","Chargeurs","CRI.PA","212586369","8.79819","France"
"8993","HMH Holding","HMH","212302976","17.77","United States"
"8994","GreenX Metals","GRX.AX","212278693","0.679821","Australia"
"8995","Eagle Nice","2368.HK","212233703","0.369629","Hong Kong"
"8996","DHI Group","DHX","211910064","4.88","United States"
"8997","Scientific and Medical Equipment House Company","4014.SR","211905718","7.06352","Saudi Arabia"
"8998","Diaceutics PLC","DXRX.L","211680368","2.49352","United Kingdom"
"8999","Eleving Group","OT8.F","211562061","1.81406","Luxembourg"
"9000","AB KN Energies","KNE1L.VS","211331422","0.555556","Lithuania"
"9001","Zumiez","ZUMZ","211255840","13.78","United States"
"9002","Econocom Group","ECONB.BR","210834134","1.43991","Belgium"
"9003","Omaxe","OMAXE.NS","210729783","1.14743","India"
"9004","Nobia AB","NOBI.ST","210618853","1.39089","Sweden"
"9005","RCI Hospitality Holdings","RICK","210263216","27.48","United States"
"9006","Netfonds AG","NF4.DE","210017009","90.1361","Germany"
"9007","KCP Limited","KCP.NS","209916621","1.62826","India"
"9008","Digital Bros","DIB.MI","209881481","14.6258","Italy"
"9009","Ohio Valley Banc Corp","OVBC","209780912","44.53","United States"
"9010","Quantum-Si","QSI","209712672","0.9581","United States"
"9011","BRCK Group","BRCK.L","209538371","0.648182","United Kingdom"
"9012","Grupo Casas Bahia S.A.","BHIA3.SA","209412476","0.206572","Brazil"
"9013","Foghorn Therapeutics","FHTX","209036304","3.52","United States"
"9014","Profound Medical","PROF","208966416","5.72","Canada"
"9015","Alector","ALEC","208798448","1.87","United States"
"9016","AB Vilkyskiu pienine","VLP1L.VS","208528555","17.4603","Lithuania"
"9017","GoldMining Inc.","GLDG","208247792","0.9695","Canada"
"9018","Warpaint London PLC","W7L.L","207954858","2.61257","United Kingdom"
"9019","Saudi Arabian Refineries Company","2030.SR","207750704","13.85","Saudi Arabia"
"9020","Greenland Energy Company","GLND","207718416","4.75","United States"
"9021","Deep Value Driller","DVD.OL","206966273","2.21335","Norway"
"9022","Khaleeji Bank","KHALEEJI.BH","206897634","0.981432","Bahrain"
"9023","Arab Insurance Group","ARIG.BH","206799998","0.069","Bahrain"
"9024","Aumann AG","AAG.DE","206497027","15.9864","Germany"
"9025","Nova Minerals","NVA","206177664","5.4","Australia"
"9026","Ajial Real Estate Entertainment Company","AREEC.KW","206059238","985.046","Kuwait"
"9027","Rare Earths Americas","REA","205944288","10.04","United States"
"9028","Rakon Limited","RAK.NZ","205791164","0.895488","New Zealand"
"9029","Arwana Citramulia Tbk","ARNA.JK","205497659","0.0292316","Indonesia"
"9030","Neostellar Capital Corp.","NSLR","205432208","7.76","United States"
"9031","Median Technologies SA","ALMDT.PA","205288175","4.18934","France"
"9032","Ready Capital","RC","205233632","1.24","United States"
"9033","Spandana Sphoorty Financial","SPANDANA.NS","205160089","2.31454","India"
"9034","Smart Parking Limited","SPZ.AX","205120060","0.488077","Australia"
"9035","Quicklogic","QUIK","204975504","11.19","United States"
"9036","Greenpanel Industries","GREENPANEL.NS","204855962","1.67056","India"
"9037","KlaraBo Sverige","KLARA-B.ST","204528971","1.36087","Sweden"
"9038","Expensify","EXFY","204258128","2.24","United States"
"9039","APM Terminals Bahrain","APMTB.BH","204111404","2.49337","Bahrain"
"9040","Superior Group of Companies","SGC","204098576","12.8","United States"
"9041","TROOPS, Inc.","TROO","204007472","1.67","Hong Kong"
"9042","Monash IVF Group","MVF.AX","203755497","0.52294","Australia"
"9043","Banco de Brasília","BSLI3.SA","203678324","0.418935","Brazil"
"9044","TOYA S.A.","TOA.WA","203676704","2.751","Poland"
"9045","ActiveOps Plc","AOM.L","203552466","2.84407","United Kingdom"
"9046","Vista Alegre Atlantis","VAF.LS","203384864","1.21315","Portugal"
"9047","Eledon Pharmaceuticals","ELDN","203152880","2.5","United States"
"9048","Sandnes Sparebank","SADG.OL","203079021","9.64521","Norway"
"9049","Sudatel Telecommunications Group","SUDATEL.AE","203057081","0.15","Sudan"
"9050","Taylor Devices","TAYD","203014704","62.95","United States"
"9051","Züblin Immobilien","ZUBN.SW","202745675","61.1481","Switzerland"
"9052","Al Khaleej Takaful Insurance Company","AKHI.QA","202680328","0.793956","Qatar"
"9053","Pantheon Resources","PANR.L","202497172","0.138896","United Kingdom"
"9054","Polaris Renewable Energy","PIF.TO","202386669","9.68576","Canada"
"9055","Deoleo","OLE.MC","202380946","0.404762","Spain"
"9056","Accsys Technologies","AXS.L","202018777","0.820149","United Kingdom"
"9057","Al Obeikan Glass Company","4145.SR","201827145","6.3071","Saudi Arabia"
"9058","Bergbahnen Engelberg-Trübsee-Titlis","TIBN.SW","201429191","59.9492","Switzerland"
"9059","cBrain","CBRAIN.CO","201387021","10.2974","Denmark"
"9060","Kaltura","KLTR","201367616","1.32","United States"
"9061","Cantabil Retail India","CANTABIL.NS","201243689","2.40613","India"
"9062","Bahrain Islamic Bank","BISB.BH","200392995","2.2679","Bahrain"
"9063","Digital Domain","0547.HK","200353312","0.0251093","Hong Kong"
"9064","Gofore Oyj","GOFORE.HE","200293744","12.3356","Finland"
"9065","Rhinebeck Bancorp","RBKB","200140368","12.8","United States"
"9066","YAKUODO HOLDINGS","7679.T","199923079","10.2783","Japan"
"9067","Burning Rock Biotech","BNR","199747744","18.94","China"
"9068","Motorcar Parts of America","MPAA","199745344","10.55","United States"
"9069","Roche Bobois","RBO.PA","199714878","19.898","France"
"9070","Groupe SFPI","SFPI.PA","199673880","2.16553","France"
"9071","Newron Pharmaceuticals","NWRN.SW","199563477","9.75972","Italy"
"9072","Lifetime Brands","LCUT","199543104","8.68","United States"
"9073","AlphaPolis","9467.T","199132941","6.8522","Japan"
"9074","Reach plc","RCH.L","198678029","0.630324","United Kingdom"
"9075","Honda Siel Power Products","HONDAPOWER.NS","198676520","19.5874","India"
"9076","ADM Hamburg","OEL.F","198661218","265.306","Germany"
"9077","RxSight","RXST","198399824","4.77","United States"
"9078","SES AI","SES","198378864","0.5343","United States"
"9079","Valens Semiconductor","VLN","198152512","1.83","Israel"
"9080","Compass Therapeutics","CMPX","198096720","1.1","United States"
"9081","BRC Group Holdings","RILY","197782800","4.92","United States"
"9082","Mechel PAO","MTLR.ME","197355655","0.48","Russia"
"9083","HMS Bergbau","HMU.DE","197270125","43.424","Germany"
"9084","Zumtobel Group","ZAG.VI","196807939","4.64853","Austria"
"9085","GDEV Inc.","GDEV","196780736","10.86","Cyprus"
"9086","Knights Group","KGH.L","196734539","2.28848","United Kingdom"
"9087","Embention","ALUAV.PA","196675331","34.0136","Spain"
"9088","Americanas","AMER3.SA","196387072","0.980733","Brazil"
"9089","Kongsberg Automotive ASA","KOA.OL","196342987","0.210398","Norway"
"9090","Eagle Eye Solutions Group","EYE.L","195916845","6.48182","United Kingdom"
"9091","ÖKOWORLD","VVV3.DE","194979785","30.2721","Germany"
"9092","WildBrain","WILD.TO","194475665","0.916048","Canada"
"9093","Hester Biosciences","HESTERBIO.NS","194457807","22.8589","India"
"9094","Akwel SA","AKW.PA","194416665","7.32426","France"
"9095","Better Home & Finance Holding Company","BETR","194355472","10.23","United States"
"9096","Landmark Bancorp","LARK","194302016","31.85","United States"
"9097","Rhythm Co.,Ltd.","7769.T","194294313","24.4038","Japan"
"9098","GCT Semiconductor","GCTS","194056112","2.11","United States"
"9099","Howa Machinery","6203.T","193943284","15.7524","Japan"
"9100","Alta Equipment Group","ALTG","193714544","5.93","United States"
"9101","American Resources Corp","AREC","193618000","1.81","United States"
"9102","Fiducian Group Limited","FID.AX","193552870","6.11491","Australia"
"9103","Kuwait Portland Cement","PCEM.KW","193535259","1931.08","Kuwait"
"9104","Core Molding Technologies","CMT","192759856","22.51","United States"
"9105","Perfect Corp.","PERF","192493984","1.89","Taiwan"
"9106","Nanexa AB","NANEXA.ST","192486511","1.00759","Sweden"
"9107","Exacompta Clairefontaine","ALEXA.PA","192428565","170.068","France"
"9108","Gefran","GE.MI","192413889","13.5488","Italy"
"9109","BMMI Group","BMMI.BH","192260295","0.188329","Bahrain"
"9110","Global Financial Investments Holding SAOG","GFIC.OM","192207797","0.961039","Oman"
"9111","AN2 Therapeutics","ANTX","192077440","5.09","United States"
"9112","Oramed Pharmaceuticals","ORMP","191943312","4.69","United States"
"9113","Winton Land","WIN.NZ","191649865","0.646126","New Zealand"
"9114","Groupe Partouche","PARP.PA","191400538","19.898","France"
"9115","Stoneridge","SRI","191388480","6.71","United States"
"9116","Fabasoft","FAA.DE","190859622","18.0272","Austria"
"9117","PTC Financial Services","PFS.NS","190784508","0.297041","India"
"9118","Arise AB","ARISE.ST","190647366","4.67444","Sweden"
"9119","Crexendo","CXDO","190278224","5.87","United States"
"9120","Franklin Covey","FC","190188816","16.84","United States"
"9121","Marvelous","7844.T","189879846","3.3942","Japan"
"9122","TPG Mortgage Investment Trust","MITT","189866752","5.97","United States"
"9123","Hong Leong Capital","5274.KL","189785766","0.804908","Malaysia"
"9124","Camellia Plc","CAM.L","189761853","75.0701","United Kingdom"
"9125","Eurocell","ECEL.L","189738741","1.91809","United Kingdom"
"9126","Protara Therapeutics","TARA","189696512","3.21","United States"
"9127","HKR International","0480.HK","189314121","0.127458","Hong Kong"
"9128","Oriental Aromatics","OAL.NS","189200541","5.622","India"
"9129","Beeks Financial Cloud Group","BKS.L","188893574","2.74485","United Kingdom"
"9130","Praemium Limited","PPS.AX","188639793","0.386975","Australia"
"9131","Solvar Limited","SVR.AX","188472207","1.00753","Australia"
"9132","Mobico Group","MCG.L","188261012","0.309011","United Kingdom"
"9133","Focusrite","TUNE.L","188117681","3.20123","United Kingdom"
"9134","The Tourism Enterprise company (SHAMS)","4170.SR","188048062","3.2521","Saudi Arabia"
"9135","Kawai Musical Instruments Manufacturing","7952.T","187977928","21.8518","Japan"
"9136","I.g. Petrochemicals","IGPL.NS","187871667","6.10075","India"
"9137","Nkarta","NKTX","187656944","2.62","United States"
"9138","Rajesh Exports","RAJESHEXPO.NS","187652186","0.635549","India"
"9139","Red Hill Minerals Limited","RHI.AX","187644384","2.92149","Australia"
"9140","Aptitude Software Group","APTD.L","187614861","3.50548","United Kingdom"
"9141","Al Hassan Ghazi Ibrahim Shaker","1214.SR","187377004","2.76735","Saudi Arabia"
"9142","Tharimmune","THAR","187371472","4.74","United States"
"9143","PR TIMES Corporation","3922.T","187189241","13.8575","Japan"
"9144","First Investment Company K.S.C.P.","ALOLA.KW","187032710","419.376","Kuwait"
"9145","China Yongda Automobiles Services","3669.HK","187027359","0.0987802","China"
"9146","Deutsche Konsum REIT-AG","DKG.DE","186949109","1.70068","Germany"
"9147","Nynomic AG","M7U.DE","186935812","28.458","Germany"
"9148","Huhtamaki India","HUHTAMAKI.NS","186798355","2.47343","India"
"9149","ALX Oncology","ALXO","186673936","1.35","United States"
"9150","Tele Columbus","TC1.HM","186227767","0.31746","Germany"
"9151","Melbourne Enterprises","0158.HK","186089200","7.44357","Hong Kong"
"9152","DeFi Technologies","DEFI.NE","185898513","0.479005","Canada"
"9153","WALLIX Group","ALLIX.PA","185831558","26.1905","France"
"9154","M&amp;C Saatchi","SAA.L","185564065","1.56093","United Kingdom"
"9155","Reliance Infrastructure","RELINFRA.NS","185420895","0.454261","India"
"9156","Vidhi Specialty Food","VIDHIING.NS","185329356","3.71067","India"
"9157","Ceragon Networks","CRNT","185299440","2.03","Israel"
"9158","Victory Supermarket Chain","VCTR.TA","185253527","13.0576","Israel"
"9159","Sidus Space","SIDU","185242352","1.83","United States"
"9160","SB Financial Group","SBFG","185213632","29.62","United States"
"9161","Future Care Trading Company","9544.SR","185111204","0.370222","Saudi Arabia"
"9162","United Security Bancshares","UBFO","185027760","10.51","United States"
"9163","Visiativ SA","ALVIV.PA","184832369","40.1999","France"
"9164","Shell Oman Marketing Company","SOMS.OM","184818186","1.94545","Oman"
"9165","Eurocash","EUR.WA","184737679","1.32749","Poland"
"9166","Octave Specialty Group","OSG","184711104","4.1","United States"
"9167","QLM Life &amp; Medical Insurance Company","QLMI.QA","184615379","0.527472","Qatar"
"9168","Catering International &amp; Services","ALCIS.PA","184245509","23.5828","France"
"9169","Al Wathba National Insurance","AWNIC.AE","183744485","0.89","United Arab Emirates"
"9170","Citizens Inc","CIA","183328048","3.62","United States"
"9171","Journey Medical","DERM","183176320","6.49","United States"
"9172","Steyr Motors AG","4X0.DE","182781980","34.8073","Germany"
"9173","XRF Scientific Limited","XRF.AX","182533744","1.26203","Australia"
"9174","Somec S.p.A.","SOM.MI","182435441","25.0567","Italy"
"9175","Coherus BioSciences","CHRS","182311120","1.18","United States"
"9176","Tiny Ltd.","TINY.V","182238623","6.19559","Canada"
"9177","Vente-Unique.com","ALVU.PA","182225101","18.8209","France"
"9178","Benchmark Holdings","BMK.L","182093816","0.295906","United Kingdom"
"9179","Claros Mortgage Trust","CMTG","181998624","1.29","United States"
"9180","Emilia Development","EMDV.TA","181885368","6.48974","Israel"
"9181","Springfield Properties","SPR.L","181703966","1.52124","United Kingdom"
"9182","DeFi Development","DFDV","181697808","5.57","United States"
"9183","Burgan Company for Well Drilling","ABAR.KW","181642684","711.964","Kuwait"
"9184","Healwell AI","AIDX.TO","181350864","0.542402","Canada"
"9185","Westwood Holdings Group","WHG","181319888","19","United States"
"9186","Ontex Group","ONTEX.BR","181218207","2.26531","Belgium"
"9187","Allgeier","AEIN.DE","181154643","16.2132","Germany"
"9188","Air Busan","298690.KS","180809427","1.11024","South Korea"
"9189","Al Safat Investment Company","ALSAFAT.KW","180557079","598.179","Kuwait"
"9190","Hinduja Global Solutions","HGS.NS","180521762","3.8805","India"
"9191","NoHo Partners","NOHO.HE","180380602","8.57143","Finland"
"9192","NRC Group ASA","NRC.OL","180132435","1.04366","Norway"
"9193","Nucleus Software Exports","NUCLEUS.NS","180119076","6.84205","India"
"9194","Lindsay Australia","LAU.AX","180035794","0.491563","Australia"
"9195","Frontier Energy Limited","FHE.AX","179972617","0.161763","Australia"
"9196","Privatization Holding Company - K.P.S.C.","KPPC.KW","179963425","451.886","Kuwait"
"9197","Orogen Royalties","OGN.V","179911329","3.03","Canada"
"9198","Merlin, Inc.","MRLN","179900656","1.78","United States"
"9199","Neuronetics","STIM","179825440","2.36","United States"
"9200","BV Financial","BVFL","179746208","21.22","United States"
"9201","Hanover Bancorp","HNVR","179701648","25.47","United States"
"9202","Polymetals Resources","POL.AX","179567574","0.582206","Australia"
"9203","Rico Auto Industries","RICOAUTO.NS","179501390","1.32684","India"
"9204","EuroGroup Laminations","EGLA.MI","179445182","1.10317","Italy"
"9205","Verkkokauppa.com","VERK.HE","179180185","4.07596","Finland"
"9206","ECB Bancorp","ECBK","179122896","20.5","United States"
"9207","Lafinca Global Assets","YLFG.MC","179115350","4.73923","Spain"
"9208","Arnarlax (Icelandic Salmon)","ISLAX.OL","178982444","5.78074","Iceland"
"9209","Innate Pharma","IPHA","178720560","1.6","France"
"9210","Brouwerij Handelsmaatschappij","COBH.BR","178571423","2380.95","Belgium"
"9211","Comstock Inc.","LODE","178395744","2.35","United States"
"9212","Organogenesis","ORGO","178214240","1.385","United States"
"9213","MediWound","MDWD","178161840","13.8","Israel"
"9214","Seef Properties","SEEF.BH","178143234","1.313","Bahrain"
"9215","Sparta AG","SPT6.F","178000103","28.3447","Germany"
"9216","Reit Azorim - H.F Living","AZRT.TA","177996728","1.75057","Israel"
"9217","Toro Corp.","TORO","177980544","5.15","Cyprus"
"9218","Aljazira Takaful Taawuni Company","8012.SR","177722728","2.69277","Saudi Arabia"
"9219","Deezer","DEEZR.PA","177657717","1.43424","France"
"9220","Baozun","BZUN","177338240","3.05","China"
"9221","Specialities Group Holding Company","SPEC.KW","177126052","868.01","Kuwait"
"9222","MainStreet Bancshares","MNSB","177101168","24.87","United States"
"9223","Wendt India","WENDT.NS","176557609","88.2788","India"
"9224","Cegedim SA","ALCGM.PA","176437418","12.8571","France"
"9225","Hamat Group","HAMAT.TA","176358173","4.81276","Israel"
"9226","Private Equity Holding","PEHN.SW","175932841","72.6584","Switzerland"
"9227","PLAID,Inc.","4165.T","175894679","4.32569","Japan"
"9228","Solidarity Bahrain","SOLID.BH","175862064","0.387268","Bahrain"
"9229","Epsilon Energy","EPSN","175645936","5.8","United States"
"9230","Schaffer Corporation","SFC.AX","175523821","12.9828","Australia"
"9231","Autosports Group","ASG.AX","175148877","0.820667","Australia"
"9232","CuriosityStream","CURI","175047184","2.95","United States"
"9233","Angel Oak Mortgage REIT","AOMR","174808016","7.53","United States"
"9234","Real Matters","REAL.TO","174786447","2.35276","Canada"
"9235","Hathway","HATHWAY.NS","174649809","0.0986664","India"
"9236","Byggma ASA","BMA.OL","174532758","2.49978","Norway"
"9237","NusaTrip","NUTR","174412512","9","Indonesia"
"9238","Haffner Energy","ALHAF.PA","174210371","0.930839","France"
"9239","Astec Lifesciences","ASTEC.NS","174116257","7.81413","India"
"9240","Arbuthnot Banking Group","ARBB.L","173786182","10.6487","United Kingdom"
"9241","Al Buhaira National Insurance Company","ABNIC.AE","173587479","0.69","United Arab Emirates"
"9242","Quanterix","QTRX","173565552","3.67","United States"
"9243","Nautilus Biotechnology","NAUT","173462640","1.365","United States"
"9244","Solana Company","HSDT","172911888","2.86","United States"
"9245","Abdullah Saad Mohammed Abo Moati for Bookstores Company","4191.SR","172592893","8.62964","Saudi Arabia"
"9246","PEDEVCO","PED","172530320","12.98","United States"
"9247","Finance House","FH.AE","172338652","0.57","United Arab Emirates"
"9248","Prosafe SE","PRS.OL","172214230","0.488498","Norway"
"9249","Amplify Energy","AMPY","172044256","4.15","United States"
"9250","Entech SA","ALESE.PA","171848539","11.678","France"
"9251","Medical Facilities Corporation","DR.TO","171651096","10.5874","Canada"
"9252","Chubb Arabia Cooperative Insurance Company","8240.SR","171527504","4.28819","Saudi Arabia"
"9253","Ateme SA","ATEME.PA","171473681","14.6258","France"
"9254","Mengly J. Quach Education","MJQE.KH","171443016","0.53","Cambodia"
"9255","Jeld-Wen","JELD","171441120","1.99","United States"
"9256","Accelya","ACCELYA.NS","171065702","11.4607","India"
"9257","KFIC Invest (K.S.C.P)","KFIC.KW","171028353","572.172","Kuwait"
"9258","Renaissance Services","RNSS.OM","170706446","0.722078","Oman"
"9259","Basic Chemical Industries Company","1210.SR","170661864","6.20589","Saudi Arabia"
"9260","Precision BioSciences","DTIL","170577600","6.18","United States"
"9261","X-Legend Entertainment","4994.TW","170572093","2.5695","Taiwan"
"9262","Sabaf S.p.A.","SAB.MI","170400430","13.8322","Italy"
"9263","RADCOM","RDCM","170396688","10.18","Israel"
"9264","Roularta Media Group","ROU.BR","169986153","13.7188","Belgium"
"9265","Nihon Falcom","3723.T","169659162","17.1943","Japan"
"9266","Westag AG","WUG3.F","169444511","37.415","Germany"
"9267","ALIA MENTIS","ALMS.MI","169370298","5.50453","Italy"
"9268","Sport Lisboa e Benfica","SLBEN.LS","168979586","7.34694","Portugal"
"9269","Marti Technologies","MRT","168449840","1.96","Turkey"
"9270","Belpointe PREP, LLC","OZ","168308208","41.52","United States"
"9271","Micro Systemation","MSAB-B.ST","168169931","9.10582","Sweden"
"9272","Hexaom","ALHEX.PA","167811641","24.4898","France"
"9273","Tabuk Cement Company","3090.SR","167558925","1.86177","Saudi Arabia"
"9274","Dollar Industries","DOLLAR.NS","167317860","2.95009","India"
"9275","Bahrain Kuwait Insurance Company (GIG Bahrain)","BKIC.BH","167108752","1.03448","Bahrain"
"9276","Domo, Inc.","DOMO","166978368","3.55","United States"
"9277","Tingo Group","TIO","166947568","0.69","United States"
"9278","1-800-Flowers.com, Inc.","FLWS","166881248","2.6","United States"
"9279","Koenig &amp; Bauer","SKB.DE","166746661","10.0907","Germany"
"9280","Allianz Saudi Fransi Cooperative Insurance","8040.SR","166526589","2.79931","Saudi Arabia"
"9281","Gévelot SA","ALGEV.PA","166433047","223.356","France"
"9282","Unisys","UIS","166248368","2.28","United States"
"9283","Atland SAS","ATLD.PA","166141400","38.322","France"
"9284","Latécoère S.A.","LAT.PA","165991251","0.0130385","France"
"9285","Archosaur Games","9990.HK","165770552","0.20712","China"
"9286","Banan Real Estate Company","4324.SR","165667869","0.828339","Saudi Arabia"
"9287","Mayne Pharma Group","MYX.AX","165586094","2.02203","Australia"
"9288","Tonix Pharmaceuticals","TNXP","165507376","9.65","United States"
"9289","Sangoma Technologies","SANG","165171456","4.93","Canada"
"9290","Easy Software","ESY.HM","165156131","21.8821","Germany"
"9291","Atomera","ATOM","165071696","4.23","United States"
"9292","Analogue Holdings (ATAL)","1977.HK","165058580","0.117899","Hong Kong"
"9293","Emirates Reem Investments Company","ERC.AE","164616561","0.514636","United Arab Emirates"
"9294","Al Anwar Investments SAOG","AAIC.OM","164537565","0.535065","Oman"
"9295","Italian Wine Brands","IWB.MI","164409790","17.7097","Italy"
"9296","UmweltBank","UBK.DE","164224430","3.95692","Germany"
"9297","Miyakoshi Holdings","6620.T","163897381","4.09601","Japan"
"9298","Platinum Group Metals","PLG","163692944","1.28","Canada"
"9299","Seven Hills Realty Trust","SEVN","163580688","7.22","United States"
"9300","Abu Dhabi National Takaful","TKFL.AE","163535369","1.56","United Arab Emirates"
"9301","Macfarlane Group","MACF.L","163303119","1.05826","United Kingdom"
"9302","Smartbroker Holding","SB1.DE","163246181","9.72789","Germany"
"9303","SITE Centers","SITC","163198304","3.11","United States"
"9304","Easy Lease Motorcycle Rental","EASYLEASE.AE","163190848","5.44","United Arab Emirates"
"9305","OPTiM","3694.T","163073793","2.99225","Japan"
"9306","KORE Group","KORE","163005168","9.25","United States"
"9307","Ten Square Games","TEN.WA","162956611","25.5636","Poland"
"9308","Injazzat Real Estate Development Company","INJAZZAT.KW","162935518","471.391","Kuwait"
"9309","Hyderabad Industries Limited","HIL.NS","162818595","21.5914","India"
"9310","Gesco SE","GSC1.DE","162721083","15.6463","Germany"
"9311","Pharos Energy","PHAR.L","162697585","0.392878","United Kingdom"
"9312","Capacit'e Infraprojects","CAPACITE.NS","162693974","1.923","India"
"9313","Voyager Therapeutics","VYGR","162671392","2.64","United States"
"9314","Umm Al-Qura Cement Company","3005.SR","162604886","2.95645","Saudi Arabia"
"9315","Bastide Le Confort Médical","BLC.PA","162428856","22.2222","France"
"9316","Acumen Pharmaceuticals","ABOS","162352304","2.245","United States"
"9317","Quipt Home Medical","QIPT","162297152","3.65","United States"
"9318","Castings P.L.C.","CGS.L","162183843","3.73036","United Kingdom"
"9319","OneWater Marine","ONEW","162156464","9.73","United States"
"9320","PepGen","PEPG","162067264","2.34","United States"
"9321","Dominion Hosting","DHH.MI","161998199","29.0249","Italy"
"9322","Leclanché","LECN.SW","161984771","0.101194","Switzerland"
"9323","EDAP TMS","EDAP","161922176","4.32","France"
"9324","Allcargo Logistics","ALLCARGO.NS","161824983","0.108043","India"
"9325","Magnora ASA","MGN.OL","161551708","2.27063","Norway"
"9326","Quercus TFI","QRS.WA","161425235","3.1922","Poland"
"9327","Aimia","AIM.TO","161406513","1.83149","Canada"
"9328","Naturhouse Health","NTH.MC","161224484","2.68707","Spain"
"9329","ReconAfrica","0XD.F","161055831","0.387188","Canada"
"9330","Rokiskio Suris AB","RSU1L.VS","161018081","5.12472","Lithuania"
"9331","Jacktel AS","JACK.OL","160885127","0.622862","Norway"
"9332","Ellington Credit Company","EARN","160794464","4.28","United States"
"9333","Lang &amp; Schwarz","LUS1.DE","160510199","17.0068","Germany"
"9334","Lee Enterprises","LEE","160502720","7.2","United States"
"9335","Siljansvik AB","SIVI.ST","160439500","11.6675","Sweden"
"9336","Fitaihi Holding Group","4180.SR","160407510","0.5833","Saudi Arabia"
"9337","Emirates Investment Bank","EIBANK.AE","160381216","16.0381","United Arab Emirates"
"9338","Texwinca Holdings","0321.HK","160258934","0.115987","Hong Kong"
"9339","Minerva Neurosciences","NERV","159954320","3.35","United States"
"9340","Hawesko","HAW.DE","159908639","17.8005","Germany"
"9341","Banque nationale de Belgique","BNB.BR","159637183","399.093","Belgium"
"9342","Cadence Capital Limited","CDM.AX","159338185","0.533398","Australia"
"9343","Atlantic Lithium Limited","A11.AX","159272364","0.198717","Australia"
"9344","Bank of Innovation","4393.T","159235449","40.0669","Japan"
"9345","Intred","ITD.MI","159086761","10.2268","Italy"
"9346","Masi Agricola","MASI.MI","158933147","4.94331","Italy"
"9347","Gulf Union Alahlia Cooperative Insurance","8120.SR","158911722","3.46251","Saudi Arabia"
"9348","Bitcoin Group","ADE.DE","158730153","31.746","Germany"
"9349","T’way Air","091810.KS","158431447","1.91915","South Korea"
"9350","ACRES Commercial Realty","ACR","158292144","10.1","United States"
"9351","Solocal Group","LOCAL.PA","158182888","4.41043","France"
"9352","Shalby","SHALBY.NS","157884236","1.46843","India"
"9353","James River Group","JRVR","157709232","3.41","Bermuda"
"9354","OptimizeRx","OPRX","157468560","8.36","United States"
"9355","ADC Therapeutics","ADCT","157031264","1.23","Switzerland"
"9356","Helloworld Travel","HLO.AX","156923871","0.958723","Australia"
"9357","FinWise Bancorp","FINW","156318976","11.26","United States"
"9358","Bassett Furniture","BSET","156281744","18.05","United States"
"9359","Mercia Asset Management","MERC.L","155672864","0.37039","United Kingdom"
"9360","Installux S.A.","ALLUX.PA","155228330","555.556","France"
"9361","SpiceJet","SPICEJET.BO","155026766","0.101584","India"
"9362","Digia Oyj","DIGIA.HE","154959052","5.80499","Finland"
"9363","Bahrain National Holding","BNH.BH","154895887","1.11406","Bahrain"
"9364","Asian Granito India","ASIANTILES.NS","154600832","0.521463","India"
"9365","Lucid Diagnostics","LUCD","154477536","0.809","United States"
"9366","Umm Al Qaiwain General Investment","QIC.AE","154190490","0.42","United Arab Emirates"
"9367","Texaf","TEXF.BR","153812476","41.9501","Belgium"
"9368","Adairs Limited","ADH.AX","153806337","0.861107","Australia"
"9369","Société Marseillaise du Tunnel Prado-Carénage","ALTPC.PA","153548748","26.3039","France"
"9370","SIG plc","SHI.L","153418427","0.13215","United Kingdom"
"9371","Motorpoint Group","MOTR.L","153208246","1.86518","United Kingdom"
"9372","Owlet, Inc.","OWLT","153121568","5.24","United States"
"9373","SKYX Platforms","SKYX","153037024","1.13","United States"
"9374","Serviceware","SJJ.DE","152976195","14.5692","Germany"
"9375","Varia US Properties","VARN.SW","152975678","15.1072","Switzerland"
"9376","Avantium N.V.","AVTX.AS","152897900","6.06576","Netherlands"
"9377","Elme Communities","ELME","152835552","1.72","United States"
"9378","Kudelski SA","KUD.SW","152536831","1.55868","Switzerland"
"9379","Streamex Corp.","STEX","152371760","0.6756","United States"
"9380","Severfield","SFR.L","152336221","0.5159","United Kingdom"
"9381","Outlook Therapeutics","OTLK","152325136","0.6257","United States"
"9382","Masterflex","MZX.DE","152126707","15.8163","Germany"
"9383","Grigeo AB","GRG1L.VS","152095460","1.14512","Lithuania"
"9384","Almawave","AIW.MI","152021175","5.07032","Italy"
"9385","Mahanagar Telephone Nigam","MTNL.NS","151953529","0.241196","India"
"9386","Biesse","BSS.MI","151886535","5.71429","Italy"
"9387","FDM Group","FDM.L","151875139","1.38896","United Kingdom"
"9388","Assertio Holdings","ASRT","151861232","23.5","United States"
"9389","Zahrat Al Waha For Trading Company","3007.SR","151618058","0.673858","Saudi Arabia"
"9390","Kuwait Business Town Real Estate Company","KBT.KW","151411877","253.251","Kuwait"
"9391","WhiteHorse Finance","WHF","151409136","7.05","United States"
"9392","Fountaine Pajot","ALFPC.PA","151194553","90.7029","France"
"9393","Nekkar ASA","NKR.OL","151184786","1.48424","Norway"
"9394","CBo Territoria","CBOT.PA","150933147","4.30839","France"
"9395","OrganiGram Holdings","OGI","150876960","1.07","Canada"
"9396","T&amp;G Global","TGG.NZ","150750077","1.23018","New Zealand"
"9397","Quirin Privatbank","QB7.DE","150616258","3.46939","Germany"
"9398","Niu Technologies","NIU","150597280","1.92","China"
"9399","Hyosung Chemical Corporation","298000.KS","150448060","39.9302","South Korea"
"9400","DUG Technology","DUG.AX","150378598","1.10863","Australia"
"9401","BICO Group","BICO.ST","150067535","2.12636","Sweden"
"9402","Trifast","TRI.L","150056101","1.11117","United Kingdom"
"9403","NeoVolta","NEOV","149893648","2.54","United States"
"9404","Duluth Holdings","DLTH","149739696","3.94","United States"
"9405","MAX Automation","MXHN.DE","149635115","3.62812","Germany"
"9406","Morabaha Marina Financing Company","4082.SR","149519686","2.14143","Saudi Arabia"
"9407","NSE SA","ALNSE.PA","149448430","45.3515","France"
"9408","Molecular Partners","MOLN","149390432","3.9","Switzerland"
"9409","Emak S.p.A.","EM.MI","149360113","0.917234","Italy"
"9410","Nusantara Pelabuhan Handal","PORT.JK","148844371","0.0528953","Indonesia"
"9411","Foxtons Group","FOXT.L","148650566","0.502672","United Kingdom"
"9412","Freelance.com SA","ALFRE.PA","148607913","2.63039","France"
"9413","Humm Group","HUM.AX","148566376","0.294241","Australia"
"9414","Shutterstock","SSTK","148529696","4.02","United States"
"9415","ReposiTrak","TRAK","148521824","8.16","United States"
"9416","L'azurde Company for Jewelry","4011.SR","148401915","2.5809","Saudi Arabia"
"9417","Surf Air Mobility","SRFM","148373088","1.2","United States"
"9418","Al-Enma'a Real Estate Company","ERESCO.KW","148338248","423.177","Kuwait"
"9419","Cellectis","CLLS","148056896","1.47","France"
"9420","Jain Irrigation Systems","JISLDVREQS.NS","148031816","0.201813","India"
"9421","Xaar","XAR.L","148000151","1.75935","United Kingdom"
"9422","Humacyte","HUMA","147983056","0.5327","United States"
"9423","Codexis","CDXS","147832784","1.35","United States"
"9424","National International Holding Company (Kuwait)","NIH.KW","147760992","578.674","Kuwait"
"9425","Empire Energy Group","EEG.AX","147437477","0.119432","Australia"
"9426","eGain","EGAN","147345360","5.63","United States"
"9427","Mazaya Real Estate Development Q.P.S.C.","MRDS.QA","146703284","0.146703","Qatar"
"9428","Sokouk Holding Company K.S.C.P.","SOKOUK.KW","146628144","256.502","Kuwait"
"9429","Daldrup &amp; Söhne","4DS.DE","146607868","24.4898","Germany"
"9430","Tillys","TLYS","146512992","4.79","United States"
"9431","Nykode Therapeutics","NYKD.OL","146409088","0.373925","Norway"
"9432","Qrf","QRF.BR","146192249","11.2472","Belgium"
"9433","BP Castrol K.K.","5015.T","146178963","6.36731","Japan"
"9434","Sloman Neptun","NEP.HM","146178054","73.1292","Germany"
"9435","Admicom Oyj","ADMCM.HE","146150898","29.8753","Finland"
"9436","Quartix Technologies","QTX.L","145822215","3.00942","United Kingdom"
"9437","China Automotive Systems","CAAS","145724496","4.83","China"
"9438","Datavault AI","DVLT","145593392","0.1533","United States"
"9439","inTEST Corporation","INTT","145572672","11.35","United States"
"9440","GTL Infrastructure","GTLINFRA.NS","145470504","0.0113565","India"
"9441","Stratus Properties","STRS","145365376","18.21","United States"
"9442","Fasadgruppen Group","FG.ST","144996622","1.66106","Sweden"
"9443","JANOME Corporation","6445.T","144949272","8.79174","Japan"
"9444","Naikai Zosen Corporation","7018.T","144889663","85.493","Japan"
"9445","Synlait Milk","SML.NZ","144664064","0.239828","New Zealand"
"9446","Red Robin","RRGB","144613712","7.65","United States"
"9447","Keyrus","ALKEY.PA","144602009","9.09297","France"
"9448","Lake Shore Bancorp","LSBK","144509696","18.4","United States"
"9449","Wataniya Insurance Company","8300.SR","144466643","3.61167","Saudi Arabia"
"9450","Atrium Therapeutics","RNA","144029520","8.42","United States"
"9451","Lanvin Group","LANV","143969072","1.03","China"
"9452","Mega Uranium","MGA.TO","143747150","0.373466","Canada"
"9453","ALM Equity","ALM.ST","143744609","4.42283","Sweden"
"9454","Inclusio","INCLU.BR","143557855","18.424","Belgium"
"9455","Heliad AG","A7A.DE","143554807","15.9297","Germany"
"9456","Al-Mazaya Holding Company","MAZAYA.KW","143537338","276.008","Kuwait"
"9457","Hurco Companies","HURC","142997184","22.08","United States"
"9458","Jay Bharat Maruti","JAYBARMARU.NS","142953606","1.32059","India"
"9459","Al Ain Alahlia Insurance","ALAIN.AE","142934927","9.53","United Arab Emirates"
"9460","Orion Properties","ONL","142611776","2.5","United States"
"9461","Inogen","INGN","142510864","5.37","United States"
"9462","Banca Sistema S.p.A.","BST.MI","142423687","1.77098","Italy"
"9463","Novolog","NVLG.TA","142332303","0.278605","Israel"
"9464","The Eastern Company","EML","142315248","23.65","United States"
"9465","Carlo Gavazzi Holding","GAV.SW","142305609","200.23","Switzerland"
"9466","Dexelance","DEX.MI","142176449","2.39229","Italy"
"9467","Sintana Energy","SEI.V","142120518","0.253591","Canada"
"9468","LGI Limited","LGI.AX","142084324","1.37359","Australia"
"9469","Magnachip Semiconductor","MX","142024336","3.89","Luxembourg"
"9470","Beyond Meat","BYND","141506320","8.23","United States"
"9471","Jagran Prakashan","JAGRAN.NS","141300665","0.649198","India"
"9472","EKF Diagnostics","EKF.L","140965302","0.329383","United Kingdom"
"9473","UBM Development","UBS.VI","140833329","19.161","Austria"
"9474","Korro Bio","KRRO","140777184","9.56","United States"
"9475","Global Cord Blood","CORBF","140610448","1.05","Hong Kong"
"9476","Oman Refreshment Company (Pepsi Oman)","ORCI.OM","140259744","2.8052","Oman"
"9477","Nicolás Correa","NEA.MC","140243696","11.4512","Spain"
"9478","Affinity Bancshares","AFBI","140182352","23","United States"
"9479","Enigmatig","EGG","140026000","5","Singapore"
"9480","NCS Multistage","NCSM","140018304","53.35","United States"
"9481","Userjoy Technology","3546.TWO","139907852","2.28051","Taiwan"
"9482","IG Port, Inc.","3791.T","139900393","6.96066","Japan"
"9483","The Saudi Arabian Amiantit Company","2160.SR","139897850","3.1429","Saudi Arabia"
"9484","The Kuwait Company for Process Plant Construction and Contracting","KCPC.KW","139554477","1046.81","Kuwait"
"9485","Naseej International Trading Company","1213.SR","139547039","3.24943","Saudi Arabia"
"9486","Nyxoah","NYXH","139521104","1.37","Belgium"
"9487","Gobarto","GOB.WA","139248604","5.0089","Poland"
"9488","LifeMD","LFMD","138976816","2.88","United States"
"9489","First Guaranty Bancshares","FGBI","138928384","8.4","United States"
"9490","KORU Medical Systems","KRMD","138746576","3.005","United States"
"9491","Saudi Company for Hardware (SACO)","4008.SR","138392328","4.67439","Saudi Arabia"
"9492","Baazeem Trading Company","4051.SR","138343994","1.36636","Saudi Arabia"
"9493","Polytec Holding","PYT.VI","138157946","6.28118","Austria"
"9494","Douglas Elliman","DOUG","138153520","1.52","United States"
"9495","Global Atomic","GLO.TO","138145601","0.281768","Canada"
"9496","Skillz","SKLZ","137970800","8.84","United States"
"9497","Hooker Furnishings","HOFT","137929344","12.9","United States"
"9498","Precia S.A.","ALPM.PA","137918617","25.5102","France"
"9499","Oxford Square Capital","OXSQ","137865952","1.28","United States"
"9500","Liva Insurance Company","8280.SR","137754698","3.44387","Saudi Arabia"
"9501","DouYu","DOYU","137615600","4.56","China"
"9502","Al Jouf Cement Company","3091.SR","137232120","1.26249","Saudi Arabia"
"9503","Mammoth Energy Services","TUSK","137163616","2.85","United States"
"9504","Coast Investment &amp; Development Company","COAST.KW","136817078","294.213","Kuwait"
"9505","Clipper Realty","CLPR","136769376","3.22","United States"
"9506","Navkar Corp","NAVKARCORP.NS","136640291","0.907793","India"
"9507","Björn Borg","BORG.ST","136174601","5.40345","Sweden"
"9508","Audinate Group","AD8.AX","136118127","1.61414","Australia"
"9509","Dhofar Food & Investment SAOG","DFIN.OM","136063340","0.688312","Oman"
"9510","Schloss Wachenheim","SWA.DE","136040812","17.1769","Germany"
"9511","Tijara &amp; Real Estate Investment Company","TIJARA.KW","135923281","367.36","Kuwait"
"9512","Byggmästare Anders J Ahlström","AJA-B.ST","135881959","4.68299","Sweden"
"9513","SRP Groupe (Showroomprive.com)","SRP.PA","135862853","1.17347","France"
"9514","Spruce Biosciences","SPRB","135854592","47.27","United States"
"9515","VIGO Photonics","VGO.WA","135767018","134.955","Poland"
"9516","1stdibs.com","DIBS","135469632","4.03","United States"
"9517","Southern Petrochemical Industries Corp","SPIC.NS","135364164","0.664722","India"
"9518","Warba Insurance and Reinsurance Company","WINSRE.KW","135326688","555.917","Kuwait"
"9519","Gulf Cement","GCEM.AE","135265784","0.33","United Arab Emirates"
"9520","accesso Technology Group","ACSO.L","134974593","4.16689","United Kingdom"
"9521","India Motor Parts and Accessories","IMPAL.NS","134864081","10.8064","India"
"9522","Duro Felguera","MDF.MC","134665646","0.269841","Spain"
"9523","AL KHALEEJ Investment","KICO.AE","134377131","1.28","United Arab Emirates"
"9524","Igarashi Motors India","IGARASHI.NS","134239535","4.26495","India"
"9525","Buligo Capital","BLGO.TA","134137025","2.3875","Israel"
"9526","Payton Industries","PAYT.TA","134022758","16.2097","Israel"
"9527","Bulten AB","BULTEN.ST","133778996","6.37407","Sweden"
"9528","Heidelberg Pharma","HPHA.DE","133669465","2.85714","Germany"
"9529","NET Power","NPWR","133605824","1.51","United States"
"9530","Bahrain Duty Free Shop Complex","DUTYF.BH","133592216","1.29973","Bahrain"
"9531","Armata Pharmaceuticals","ARMP","133483304","3.59","United States"
"9532","Mpac Group","MPAC.L","133268249","4.43145","United Kingdom"
"9533","Exascale Labs Holdings","XLAB","133173008","2.07","United States"
"9534","Tenaya Therapeutics","TNYA","132990824","0.5931","United States"
"9535","CVC Limited","CVC.AX","132966354","1.14001","Australia"
"9536","National Building and Marketing Company","9510.SR","132960442","11.08","Saudi Arabia"
"9537","Veritone","VERI","132603344","1.32","United States"
"9538","Kelly Partners Group","KPG.AX","132585978","2.92846","Australia"
"9539","MPH Health Care AG","93M1.DE","132519016","30.9524","Germany"
"9540","Aemetis","AMTX","132070360","1.83","United States"
"9541","Health Catalyst","HCAT","131698672","1.75","United States"
"9542","Ascend Wellness (AWH)","AAWH","131681888","0.648","United States"
"9543","KVH Industries","KVHI","131521976","7.25","United States"
"9544","Clarus","CLAR","131328376","3.43","United States"
"9545","Yonghe Medical Group","2279.HK","131311359","0.262564","China"
"9546","Vince Holding","VNCE","131259760","10.14","United States"
"9547","Black Rifle Coffee Company (BRCC)","BRCC","131195968","9.21","United States"
"9548","Piquadro","PQ.MI","131175451","2.76644","Italy"
"9549","Kuke Music Holding","KUKE","131017104","1.39","China"
"9550","Finbar Group Limited","FRI.AX","130919644","0.481104","Australia"
"9551","enGene","ENGN","130681816","1.95","Canada"
"9552","flyExclusive","FLYX","130664632","1.28","United States"
"9553","Prime Office A/S","PRIMOF.CO","130534407","34.5774","Denmark"
"9554","Team Inc","TISI","130392296","28.45","United States"
"9555","Al Argan International Real Estate Company","ARGAN.KW","130303151","406.372","Kuwait"
"9556","Eidesvik Offshore","EIOF.OL","129990062","1.78109","Norway"
"9557","RGP (Resources Connection)","RGP","129852464","3.77","United States"
"9558","Medifast","MED","129807960","11.61","United States"
"9559","AirSculpt Technologies","AIRS","129771368","1.8","United States"
"9560","Ryde Group","RYDE","129690856","0.7196","Singapore"
"9561","Team Internet Group","TIG.L","129543777","0.535743","United Kingdom"
"9562","Bahrain Commercial Facilities Company","BCFC.BH","129445126","0.938992","Bahrain"
"9563","LEWAG Holding","KGR.F","129251696","27.2109","Germany"
"9564","Shimmick","SHIM","128967768","3.12","United States"
"9565","Fenix Resources","FEX.AX","128966912","0.167341","Australia"
"9566","Leifheit","LEI.DE","128927814","14.1156","Germany"
"9567","Cereno Scientific","CRNO-B.ST","128912015","0.413064","Sweden"
"9568","Pine Cliff Energy","PNE.TO","128898498","0.359254","Canada"
"9569","SDI Group","SDI.L","128648354","1.23022","United Kingdom"
"9570","S.S. Lazio","SSL.MI","128642481","1.89909","Italy"
"9571","Corbus Pharmaceuticals","CRBP","128232768","6.63","United States"
"9572","Reworld Media","ALREW.PA","128191811","2.23874","France"
"9573","Tracsis","TRCS.L","128133417","4.29917","United Kingdom"
"9574","Aquafil","ECNL.MI","128115297","1.48526","Italy"
"9575","Alligator Energy","AGE.AX","128071763","0.0264956","Australia"
"9576","Buruj Cooperative Insurance Company","8270.SR","128062926","4.26876","Saudi Arabia"
"9577","VIB Vermögen","VIH1.F","127796077","3.86621","Germany"
"9578","Laiqon AG","LQAG.DE","127759397","5.2381","Germany"
"9579","Neumora Therapeutics","NMRA","127318272","0.6776","United States"
"9580","Valsoia S.p.A.","VLS.MI","127275678","11.7914","Italy"
"9581","South Port NZ","SPN.NZ","127169909","4.84736","New Zealand"
"9582","Cavotec","CCC.ST","127049449","1.19076","Switzerland"
"9583","Ambra","AMB.WA","127042622","5.04005","Poland"
"9584","5E Advanced Materials","FEAM","127024480","3.05","United States"
"9585","Annehem Fastigheter","ANNE-B.ST","126987150","1.60102","Sweden"
"9586","Surteco Group","SUR.DE","126577393","8.16326","Germany"
"9587","FirstFarms A/S","FFARMS.CO","126510437","10.3429","Denmark"
"9588","NRx Pharmaceuticals","NRXP","126423648","2.92","United States"
"9589","AB Zemaitijos pienas","ZMP1L.VS","126352159","3.0839","Lithuania"
"9590","Blossom Gold Inc.","BGAU.TO","126092161","0.95801","Canada"
"9591","CI Games","CI7.F","126035189","0.575964","Poland"
"9592","lastminute.com","LMN.SW","125912419","11.8699","Netherlands"
"9593","The Securities House","SECH.KW","125823020","321.521","Kuwait"
"9594","Enad Global 7","EG7.ST","125720138","1.41891","Sweden"
"9595","RAK Co. for White Cement &amp; Construction Materials","RAKWCT.AE","125427379","0.25","United Arab Emirates"
"9596","Al Omaniya Financial Services","AOFS.OM","125347539","0.397403","Oman"
"9597","Genovis AB","GENO.ST","125282790","1.85719","Sweden"
"9598","Stereotaxis","STXS","125252720","1.25","United States"
"9599","La Française de l'Energie","FDE.PA","124816558","23.6395","France"
"9600","Klil Industries","KLIL.TA","124807321","56.1706","Israel"
"9601","BHM Capital Financial Services","BHMCAPITAL.AE","124754258","0.271205","United Arab Emirates"
"9602","Carnarvon Energy","CVN.AX","124744584","0.0697253","Australia"
"9603","Smith-Midland Corporation","SMID","124658240","23.5","United States"
"9604","HT5 AG","HT5.SW","124427779","3.90969","Switzerland"
"9605","Orion Energy Systems","OESX","124416520","30.425","United States"
"9606","Scott Technology","SCT.NZ","124333184","1.47847","New Zealand"
"9607","Solid State Group","SOLI.L","124320135","2.18266","United Kingdom"
"9608","Wheels Up","UP","124063376","3.42","United States"
"9609","Bisalloy Steel Group","BIS.AX","123959711","2.56589","Australia"
"9610","Altea Green Power S.p.A.","AGP.MI","123844767","6.79138","Italy"
"9611","Unifi","UFI","123801648","6.66","United States"
"9612","ReadyTech Holdings","RDY.AX","123633029","1.00056","Australia"
"9613","Al Mahhar Holding Company","MHAR.QA","123460709","0.596429","Qatar"
"9614","United Wire Factories Company","1301.SR","123403918","4.39473","Saudi Arabia"
"9615","PLBY Group (Playboy)","PLBY","123401912","1.03","United States"
"9616","Excel Industries","EXCELINDUS.NS","123231546","9.80308","India"
"9617","Magyar Bancorp","MGYR","122975040","19.05","United States"
"9618","Vera Bradley","VRA","122500592","4.27","United States"
"9619","Wafrah for Industry and Development Company","2100.SR","122461297","5.28965","Saudi Arabia"
"9620","Detection Technology","DETEC.HE","122296413","8.34467","Finland"
"9621","CALIDA Holding","CALN.SW","122166383","17.4812","Switzerland"
"9622","Saudi Printing and Packaging Company","4270.SR","122081771","1.87242","Saudi Arabia"
"9623","UNITED","2497.T","122066455","3.26022","Japan"
"9624","MotorK","MTRK.AS","121995334","2.49433","Italy"
"9625","Braemar Hotels &amp; Resorts","BHR","121886032","1.66","United States"
"9626","MaxCyte","MXCT","121783320","1.18","United States"
"9627","Legacy Education","LGCY","121725760","9.5","United States"
"9628","Television Broadcasts (TVB)","0511.HK","121714695","0.260652","Hong Kong"
"9629","Immunic","IMUX","121572200","8.91","United States"
"9630","The Platform Group","TPG.F","121387090","5.89726","Germany"
"9631","Tiziana Life Sciences","TLSA","121367032","0.9537","United Kingdom"
"9632","LENZ Therapeutics","LENZ","121282528","3.86","United States"
"9633","a.k.a. Brands","AKA","120901648","11","United States"
"9634","LexinFintech Holdings","LX","120723880","0.7326","China"
"9635","Vocento","VOC.MC","120690744","1.00227","Spain"
"9636","Commercial Vehicle Group (CVG)","CVGI","120272736","2.96","United States"
"9637","Fonar Corporation","FONR","120195888","19.09","United States"
"9638","Møns Bank","MNBA.CO","120110826","60.0554","Denmark"
"9639","ALT5 Sigma","ALTS","119560224","0.855","United States"
"9640","Pkp Cargo","PKP.WA","119489435","2.66795","Poland"
"9641","Lai Sun Development Company","0488.HK","119479088","0.0822106","Hong Kong"
"9642","Unibep","UNI.WA","119443542","3.61783","Poland"
"9643","Banca Profilo","PRO.MI","119273057","1.80499","Italy"
"9644","Sound Financial Bancorp","SFBC","119182872","46.41","United States"
"9645","Bike24 Holding","BIKE.DE","119176549","2.69841","Germany"
"9646","Riverview Bancorp","RVSB","119120520","5.97","United States"
"9647","Seer Inc","SEER","119049840","2.15","United States"
"9648","Response Plus Holding","RPM.AE","118720221","0.59","United Arab Emirates"
"9649","vTv Therapeutics","VTVT","118617840","30","United States"
"9650","Syrah Resources Limited","SYR.AX","118184841","0.0508995","Australia"
"9651","Real-Estate Trade Centers Company (Marakez)","MARAKEZ.KW","118132318","828.999","Kuwait"
"9652","Waldencast","WALD","118009112","0.9277","United States"
"9653","Coya Therapeutics","COYA","117992984","5.03","United States"
"9654","Dhampur Sugar Mills","DHAMPURSUG.NS","117953327","1.83424","India"
"9655","Sanok Rubber Company","SNK.WA","117913619","5.24248","Poland"
"9656","Tihama for Advertising, Public Relations and Marketing","4070.SR","117843529","5.14316","Saudi Arabia"
"9657","VivoPower","VIVO","117736288","3.68","United Kingdom"
"9658","Nama Chemicals Company","2210.SR","117396407","4.99134","Saudi Arabia"
"9659","Kulmbacher Brauerei","KUL.MU","117333329","34.9206","Germany"
"9660","GEOX","GEO.MI","117282500","0.320295","Italy"
"9661","MEDIA DO Co., Ltd.","3678.T","117277244","7.72627","Japan"
"9662","KHD Humboldt Wedag International","KWG.DE","117214763","2.35828","Germany"
"9663","Aardvark Therapeutics","AARD","117083928","5.35","United States"
"9664","SIEC (Saudi Industrial Export Company)","4140.SR","117017981","0.601944","Saudi Arabia"
"9665","MRM","MRM.PA","116992105","36.549","France"
"9666","Balaji Telefilms","BALAJITELE.NS","116847368","0.958533","India"
"9667","Fujairah Building Industries","FBI.AE","116636884","0.86","United Arab Emirates"
"9668","Knaus Tabbert AG","KTA.DE","116361783","11.2132","Germany"
"9669","Carbios SAS","ALCRB.PA","116302146","6.89342","France"
"9670","Zain Bahrain","ZAINBH.BH","116159150","0.633952","Bahrain"
"9671","Strickland Metals Limited","STK.AX","116042590","0.0439269","Australia"
"9672","Saudi Industrial Development Company","2130.SR","115860970","3.86203","Saudi Arabia"
"9673","DMC Global","BOOM","115850944","5.64","United States"
"9674","Al-Baha Investment And Development Company","4130.SR","115703045","0.530031","Saudi Arabia"
"9675","KULR Technology Group","KULR","115700800","2.5","United States"
"9676","Malath Cooperative Insurance Company","8020.SR","115594622","2.31189","Saudi Arabia"
"9677","OMER S.p.A.","OMER.MI","115580549","4.03628","Italy"
"9678","Serverworks","4434.T","115457527","15.5738","Japan"
"9679","ZK International Group","ZKIN","115353384","1.9","China"
"9680","Encounter Resources","ENR.AX","115281748","0.20569","Australia"
"9681","FCR Immobilien","FC9.DE","115267180","11.678","Germany"
"9682","4basebio","4BB.L","115220945","7.44087","United Kingdom"
"9683","AFYREN","ALAFY.PA","115103379","2.97052","France"
"9684","Azerion Group","AZRN.AS","115084604","0.941043","Netherlands"
"9685","Captor Therapeutics","CTX.WA","115058830","18.167","Poland"
"9686","Robert Walters","RWA.L","114858545","1.74612","United Kingdom"
"9687","Inovio Pharmaceuticals","INO","114771248","1.11","United States"
"9688","Curatis","CURN.SW","114673255","21.5817","Switzerland"
"9689","Akatsuki Corp.","8737.T","114321614","3.777","Japan"
"9690","Provident Financial Holdings","PROV","114112600","18.305","United States"
"9691","Union Bankshares","UNB","114101176","23.07","United States"
"9692","Bioventix","BVXP.L","114040681","21.8266","United Kingdom"
"9693","Arabia Insurance Cooperative Company","8160.SR","113919295","2.14942","Saudi Arabia"
"9694","Piscines Desjoyaux","ALPDX.PA","113465502","12.6417","France"
"9695","Alan Allman Associates","AAA.PA","113315878","2.49433","France"
"9696","Nabaltec","NTG.DE","113242627","12.8685","Germany"
"9697","Silver One Resources","SVE.V","113186467","0.320617","Canada"
"9698","Monte Carlo Fashions","MONTECARLO.NS","113175297","5.45895","India"
"9699","Fortinova Fastigheter AB","FNOVA-B.ST","113071596","2.24143","Sweden"
"9700","Franchi Umberto Marmi","FUM.MI","112876205","3.45805","Italy"
"9701","Ateam","3662.T","112770333","6.06745","Japan"
"9702","REC Silicon","RECSI.OL","112735706","0.024446","Norway"
"9703","Yellow Pages (Canada)","Y.TO","112693496","9.74916","Canada"
"9704","Bellevue Group","BBN.SW","112615694","8.41686","Switzerland"
"9705","Rani Therapeutics","RANI","112457776","0.8003","United States"
"9706","Devsisters","194480.KQ","112445139","10.2551","South Korea"
"9707","Innoviz Technologies","INVZ","112416184","0.3771","Israel"
"9708","ADLPartner (Dékuple)","DKUPL.PA","112061910","28.1179","France"
"9709","Mayar Holding Company","9568.SR","111836964","0.932215","Saudi Arabia"
"9710","SNGULAR","SNG.MC","111777420","2.12018","Spain"
"9711","Digimarc","DMRC","111702376","4.97","United States"
"9712","NZME Limited","NZM.NZ","111500870","0.592517","New Zealand"
"9713","Edel SE &amp; Co. KGaA","EDL.DE","111438355","5.2381","Germany"
"9714","Apex Frozen Foods","APEX.NS","111400154","3.5648","India"
"9715","Global Fashion Group","GFG.DE","111381194","0.489796","Luxembourg"
"9716","Klingelnberg AG","KLIN.SW","111289628","12.5893","Switzerland"
"9717","Wynnstay Group","WYN.L","111144877","4.8283","United Kingdom"
"9718","Micware Co., Ltd.","MWC","111114312","1.87","Japan"
"9719","Vivani Medical","VANI","110950136","1.23","United States"
"9720","Genelux","GNLX","110851072","2.45","United States"
"9721","Insight Molecular Diagnostics","IMDX","110608080","3.38","United States"
"9722","Dar Al-Thuraya Real Estate","THURAYA.KW","110494151","754.226","Kuwait"
"9723","Norcod AS","NCOD.OL","110162478","1.3905","Norway"
"9724","Methanol Chemicals Company","2001.SR","109868161","7.32454","Saudi Arabia"
"9725","Vaxart","VXRT","109665400","0.45","United States"
"9726","The Joint Corp.","JYNT","109609440","7.75","United States"
"9727","Indel B S.p.A.","INDB.MI","109549847","20.9751","Italy"
"9728","The Pebble Group plc","PEBB.L","109549343","0.806921","United Kingdom"
"9729","AS Harju Elekter","HAE1T.TL","109540586","5.89569","Estonia"
"9730","Apyx Medical","APYX","109522456","2.6","United States"
"9731","Livestock Transport and Trading Company","CATTL.KW","109503657","523.407","Kuwait"
"9732","Kuwait and Middle East Financial Investment Company","KMEFIC.KW","109427831","497.399","Kuwait"
"9733","Asiya Capital Investments Company","ASIYA.KW","109173826","136.541","Kuwait"
"9734","Tamil Nadu Newsprint and Papers Limited","TNPL.NS","109151984","1.5771","India"
"9735","CBAK Energy Technology","CBAT","109034384","1.23","China"
"9736","Firefly AB","FIRE.ST","108797031","18.1286","Sweden"
"9737","Sogeclair","ALSOG.PA","108779389","35.6009","France"
"9738","SoundThinking 
 (ShotSpotter)","SSTI","108704608","8.21","United States"
"9739","Record Financial Group","REC.L","108490917","0.555585","United Kingdom"
"9740","Answear.com","ANR.WA","108320089","5.68368","Poland"
"9741","Lhyfe SA","LHYFE.PA","108228132","2.2449","France"
"9742","Rupa Company","RUPA.NS","108144990","1.35955","India"
"9743","Pathfinder Bancorp","PBHC","108013384","17.2033","United States"
"9744","Gateway Real Estate","GTY.F","108002454","0.384354","Germany"
"9745","Tucows","TCX","107795560","9.64","Canada"
"9746","Cake Box Holdings","CBOX.L","107677657","2.44722","United Kingdom"
"9747","Sadr Logistics Company","1832.SR","107670793","0.615262","Saudi Arabia"
"9748","Foodco National Foodstuff","FNF.AE","107487065","0.38","United Arab Emirates"
"9749","ArcticZymes Technologies ASA","AZT.OL","107453211","2.10398","Norway"
"9750","Filling and Packing Materials Manufacturing Company","2180.SR","107143426","9.31682","Saudi Arabia"
"9751","Softstar Entertainment","6111.TWO","107097046","1.21407","Taiwan"
"9752","Unitech Group","UNITECH.NS","106854556","0.0408418","India"
"9753","Vertical Aerospace","EVTL","106715976","0.6328","United Kingdom"
"9754","IG Design Group","IGR.L","106585049","1.18393","United Kingdom"
"9755","Méliuz","CASH3.SA","106388107","1.02127","Brazil"
"9756","Amaero International Ltd","3DA.AX","106353610","0.11156","Australia"
"9757","Ultralife Corporation","ULBI","106311656","6.38","United States"
"9758","Arctic Paper","ARP.ST","106147427","1.53198","Poland"
"9759","Gaming Realms","GMR.L","106134104","0.396846","United Kingdom"
"9760","Takaful Emarat - Insurance","TAKAFUL-EM.AE","105959884","0.50919","United Arab Emirates"
"9761","Arctic Fish Holding","AFISH.OL","105939779","2.35396","Iceland"
"9762","Rafael Holdings","RFL","105559992","2.03","United States"
"9763","DATA MODUL","DAM.DE","105545575","29.932","Germany"
"9764","Chapel Down Group","CDGP.L","105506653","0.615112","United Kingdom"
"9765","Laramide Resources","LAM.TO","105173831","0.359254","Canada"
"9766","Clere AG","CAG0.HM","105072541","13.4921","Germany"
"9767","OnKure Therapeutics","OKUR","105028248","2.6","United States"
"9768","HilleVax","HLVX","104762376","2.09","United States"
"9769","Oconee Federal Financial","OFED","104747792","18","United States"
"9770","Conexeu Sciences","CNXU","104646848","3.71","United States"
"9771","SergeFerrari Group","SEFER.PA","104076312","9.11002","France"
"9772","INOVEST","INOVEST.BH","104023344","0.119","Bahrain"
"9773","EROAD Limited","ERD.NZ","104015594","0.553016","New Zealand"
"9774","TCM Group A/S","TCM.CO","103965291","10.0396","Denmark"
"9775","GreenTree Hospitality Group","GHG","103924248","1.03","China"
"9776","Dubai National Insurance & Reinsurance Company","DNIR.AE","103784886","0.89857","United Arab Emirates"
"9777","Eurofins-Cerep","ALECR.PA","103510654","20521.5","France"
"9778","Ticketplus","TP","103499520","8.0999","Chile"
"9779","Merkur PrivatBank","MBK.DE","103187498","13.2653","Germany"
"9780","Lakeland Industries","LAKE","103186688","10.39","United States"
"9781","Bloober Team","6BO.SG","103067389","5.34581","Poland"
"9782","NWF Group plc","NWF.L","103005970","2.07683","United Kingdom"
"9783","INNOVATE Corp.","VATE","102996088","7.55","United States"
"9784","Lokum Deweloper","LKD.WA","102773319","5.70963","Poland"
"9785","Dhofar Insurance Company SAOG","DICS.OM","102751525","0.883117","Oman"
"9786","Equillium","EQ","102721088","1.62","United States"
"9787","Virco Manufacturing","VIRC","102464800","6.5","United States"
"9788","Milestone Pharmaceuticals","MIST","102088344","0.82","Canada"
"9789","Fleury Michon","ALFLE.PA","102087489","24.7166","France"
"9790","coly","4175.T","101917637","18.5214","Japan"
"9791","Intercede Group plc","IGP.L","101692959","1.66675","United Kingdom"
"9792","Valiant Gold","VAL.AX","101659492","0.188258","Australia"
"9793","Cherry Hill Mortgage Investment","CHMI","101568376","2.71","United States"
"9794","Wielton","WLT.WA","101514070","1.27818","Poland"
"9795","Ash-Sharqiyah Development","6060.SR","101478229","3.38261","Saudi Arabia"
"9796","Fluent","FLNT","101458744","3.21","United States"
"9797","Miko Group","MIKO.BR","101387752","81.6327","Belgium"
"9798","Amadeus Fire","AAD.DE","101375616","18.6621","Germany"
"9799","AGROB Immobilien","AGR.F","101251509","30.1416","Germany"
"9800","National Gypsum Company","2090.SR","101211881","3.19616","Saudi Arabia"
"9801","Biotalys","BTLS.BR","101193774","2.22676","Belgium"
"9802","Proficient Auto Logistics","PAL","100990520","3.6","United States"
"9803","Bertrandt","BDT.DE","100827443","9.97732","Germany"
"9804","Metatek-Group","MTEK.TO","100560564","2.04281","United Kingdom"
"9805","Caesarstone","CSTE","100446408","2.905","Israel"
"9806","Peninsula Energy","PEN.AX","100421773","0.175708","Australia"
"9807","Drecom","3793.T","100376770","3.5218","Japan"
"9808","Forsys Metals","FSY.TO","99985747","0.408563","Canada"
"9809","AB Kauno Energija","KNR1L.VS","99968722","2.3356","Lithuania"
"9810","Hong Kong Technology Venture Company (HKTV)","1137.HK","99871147","0.126184","Hong Kong"
"9811","OFX Group","OFX.AX","99806975","0.42881","Australia"
"9812","Fury Gold Mines","FURY","99629264","0.524","Canada"
"9813","ReneSola","SOL","99563952","1.94","United States"
"9814","Renascor Resources","RNU.AX","99420797","0.0390462","Australia"
"9815","Guerbet","GBT.PA","99284858","7.91383","France"
"9816","Definitive Healthcare","DH","99272584","0.93","United States"
"9817","Raysut Cement","RCCI.OM","99220782","0.496104","Oman"
"9818","clearvise AG","ABO.DE","99107035","1.31519","Germany"
"9819","Anixa Biosciences","ANIX","99076824","2.85","United States"
"9820","PCC Exol","PCX.WA","98973630","0.568368","Poland"
"9821","Atturra","ATA.AX","98811030","0.268442","Australia"
"9822","National Metal Manufacturing and Casting","2220.SR","98624053","2.78599","Saudi Arabia"
"9823","Braemar","BMS.L","98589197","3.08217","United Kingdom"
"9824","Anaam International","4061.SR","98581702","3.12958","Saudi Arabia"
"9825","SMN Power Company","SMNP.OM","98521467","0.493507","Oman"
"9826","Heidmar Maritime Holdings","HMR","98516632","1.67","Greece"
"9827","Grange Resources","GRR.AX","98448838","0.0850648","Australia"
"9828","Kewaunee Scientific Corporation","KEQU","98441800","34","United States"
"9829","Buzzfeed","BZFD","98334984","1.18","United States"
"9830","Mekdam Holding Group","MKDM.QA","98152815","0.543407","Qatar"
"9831","electroCore","ECOR","98092832","10.88","United States"
"9832","Ras Alkhaima National Insurance","RAKNIC.AE","98063365","0.81","United Arab Emirates"
"9833","Polaryx Therapeutics","PLYX","98000616","2.07","United States"
"9834","Jazan Development and Investment (JAZADCO)","6090.SR","97882543","1.95765","Saudi Arabia"
"9835","CDL Investments New Zealand Limited","CDI.NZ","97552104","0.332938","New Zealand"
"9836","Park Dental Partners","PARK","97483280","20.5","United States"
"9837","Viomi Technology","VIOT","96944384","1.47","China"
"9838","Seritage Growth Properties","SRG","96878328","1.72","United States"
"9839","Hyosung ITX","094280.KS","96854158","8.77432","South Korea"
"9840","Sitowise Group Oyj","SITOWS.HE","96726400","2.69841","Finland"
"9841","CyberStep","3810.T","96682868","1.18031","Japan"
"9842","KLab","3656.T","96552708","1.16117","Japan"
"9843","ORIOR AG","ORON.SW","96493311","14.7715","Switzerland"
"9844","Selvita","SLV.WA","96446635","5.25545","Poland"
"9845","Delfingen Industry","ALDEL.PA","96395970","37.0748","France"
"9846","United Foods Company","UFC.AE","96371682","3.18584","United Arab Emirates"
"9847","Bastei Lübbe","BST.DE","96246364","7.34694","Germany"
"9848","Talga Group","TLG.AX","96186191","0.188258","Australia"
"9849","Broadwind","BWEN","96048928","4.06","United States"
"9850","Fevara","FVA.L","95910790","1.85195","United Kingdom"
"9851","Zomedica Pharmaceuticals","ZOM","95349136","0.0973","United States"
"9852","First Northwest Bancorp","FNWB","95211272","10.01","United States"
"9853","Kalray","ALKAL.PA","94847453","5.12472","France"
"9854","Apex Critical Metals","KL9.F","94815135","0.982993","Canada"
"9855","National Consumer Holding Company","NCCI.KW","94700913","315.67","Kuwait"
"9856","Serko Limited","SKO.NZ","94670307","0.750522","New Zealand"
"9857","Nova Klúbburinn","NOVA.IC","94645068","0.0274542","Iceland"
"9858","Sawaeed Holding","SAWAEED.AE","94614169","1.85","United Arab Emirates"
"9859","U.S. GoldMining","USGO","94600856","6.74","United States"
"9860","MediciNova","MNOV","94504792","1.92","United States"
"9861","Orthex Oyj","ORTHEX.HE","94431997","5.31746","Finland"
"9862","Upexi","UPXI","94417840","1.15","United States"
"9863","GrowGeneration","GRWG","94342720","1.57","United States"
"9864","Iceland Seafood International","ICESEA.IC","94330916","0.030782","Iceland"
"9865","Jubilee Metals Group","JLP.L","93930802","0.0277792","United Kingdom"
"9866","Union Insurance Company","UNION.AE","93928666","0.38","United Arab Emirates"
"9867","CTEK AB","CTEK.ST","93916409","1.34212","Sweden"
"9868","Cullman Bancorp","CULL","93843656","16.99","United States"
"9869","FriendTimes","6820.HK","93773988","0.0452477","China"
"9870","Comet Ridge","COI.AX","93655498","0.0557802","Australia"
"9871","Interlink Electronics","LINK","93575248","5.94","United States"
"9872","Energys Group","ENGS","93447712","2.99","United Kingdom"
"9873","The NAGA Group","N4G.DE","93222617","0.40047","Germany"
"9874","Al Gassim Investment Holding","6020.SR","93168200","3.10561","Saudi Arabia"
"9875","BAIOO Family Interactive","2100.HK","92844281","0.0325019","China"
"9876","Lemonsoft","LEMON.HE","92805085","5.21542","Finland"
"9877","Infant Bacterial Therapeutics AB","IBT-B.ST","92742632","6.8844","Sweden"
"9878","Osoul Investment Company","OSOUL.KW","92476927","731.469","Kuwait"
"9879","Stabilis Solutions","SLNG","92423608","4.97","United States"
"9880","GCL Global Holdings Ltd","GCL","92383880","0.7217","Singapore"
"9881","iDreamSky","1119.HK","92351300","0.0452477","China"
"9882","Ringmetall","HP3A.DE","92282664","3.1746","Germany"
"9883","Michelmersh Brick Holdings plc","MBH.L","92251274","1.00534","United Kingdom"
"9884","Crossject","ALCJ.PA","92250736","1.53061","France"
"9885","Topps Tiles","TPT.L","92207674","0.470924","United Kingdom"
"9886","Dlala Brokerage and Investment Holding Company","DBIS.QA","92055347","0.483516","Qatar"
"9887","Suominen","SUY1V.HE","91811036","0.680272","Finland"
"9888","Apetit Oyj","APETIT.HE","91742491","14.6825","Finland"
"9889","GAM Holding AG","GAM.SW","91723967","0.0824901","Switzerland"
"9890","Sensorion","ALSEN.PA","91568296","8.88435","France"
"9891","Rallybio","RLYB","91482696","17.22","United States"
"9892","Kooth plc","KOO.L","91449665","2.51336","United Kingdom"
"9893","Oman United Insurance","OUIC.OM","91363639","0.87013","Oman"
"9894","Allied Tecnologia","ALLD3.SA","91333713","0.951774","Brazil"
"9895","MediaCo Holding","MDIA","91119528","1.0845","United States"
"9896","Groupe Minoteries SA","GMI.SW","91002831","275.766","Switzerland"
"9897","maison pommery &amp; associes","POMRY.PA","90884931","10.2268","France"
"9898","Zephyr Energy plc","ZPHR.L","90864492","0.0390232","United Kingdom"
"9899","Here Group Limited","HERE","90822304","1.67","China"
"9900","Thinkific Labs","THNC.TO","90668033","1.34544","Canada"
"9901","Speedy Hire","SDY.L","90627029","0.196571","United Kingdom"
"9902","Grupa Kapitałowa Immobile","GKI.WA","90448934","1.20681","Poland"
"9903","Arab Sea Information Systems Company","7201.SR","90291652","0.902916","Saudi Arabia"
"9904","Kuwait Foundry Company K.S.C.P.","KFOUC.KW","90230822","1388.17","Kuwait"
"9905","ACTIA Group","ALATI.PA","90173666","4.4898","France"
"9906","Marpai","MRAI","90148240","3.36","United States"
"9907","Golden Matrix Group","GMGI","89996768","0.6372","United States"
"9908","LACROIX Group SA","LACR.PA","89722183","19.1043","France"
"9909","Alijarah Holding","NLCS.QA","89716841","0.181319","Qatar"
"9910","Gascogne Groupe","ALBI.PA","89623970","2.38095","France"
"9911","Al Manar Financing and Leasing Company","ALMANAR.KW","89623130","367.36","Kuwait"
"9912","Investigator Resources","IVR.AX","89610947","0.0341654","Australia"
"9913","AB Pieno Zvaigzdes","PZV1L.VS","89552414","1.98413","Lithuania"
"9914","PGG Wrightson","PGW.NZ","89451251","1.18503","New Zealand"
"9915","Logistic Properties of the Americas","LPA","89390152","2.82","United States"
"9916","Banqup Group SA","BANQ.BR","89274718","2.40363","Belgium"
"9917","Orosur Mining","OMI.V","89244115","0.221892","Canada"
"9918","Acrivon Therapeutics","ACRV","89134984","2.08","United States"
"9919","PhenixFIN","PFX","89012376","46.09","United States"
"9920","Tabuk Agricultural Development Company","6040.SR","88688405","11.5914","Saudi Arabia"
"9921","Unitronics","UNIT.TA","88438755","6.32042","Israel"
"9922","Siebert Financial","SIEB","88023016","2.15","United States"
"9923","Zevia","ZVIA","88006544","1.22","United States"
"9924","HF Foods Group","HFFG","87852448","1.58","United States"
"9925","Himatsingka Seide","HIMATSEIDE.NS","87775921","0.698062","India"
"9926","Norse Atlantic ASA","NORSE.OL","87658124","0.0296328","Norway"
"9927","R. Stahl AG","RSL2.DE","87619045","13.6054","Germany"
"9928","Yiren Digital","YRD","87418472","0.9992","China"
"9929","SYLA Holdings","8887.T","87413950","2.32873","Japan"
"9930","Kuwait Resorts Company","MUNTAZAHAT.KW","87294736","416.125","Kuwait"
"9931","Endava","DAVA","87190480","1.65","United Kingdom"
"9932","Green Landscaping Group","GREEN.ST","87115407","1.54299","Sweden"
"9933","Peter Warren Automotive Holdings Limited","PWR.AX","87076868","0.505508","Australia"
"9934","Bait Vegag Real Estate Development","BVGG.TA","87027154","1.57669","Israel"
"9935","Bien Sparebank","BIEN.OL","86970332","15.3111","Norway"
"9936","Laox Holdings","8202.T","86903015","0.950631","Japan"
"9937","Al Anwar Ceramic Tiles","AACT.OM","86857145","0.394805","Oman"
"9938","Inspired Entertainment","INSE","86719040","3.29","United States"
"9939","Velo3D","VLDX","86513896","6.15","United States"
"9940","XXL ASA","XXL.OL","86472902","0.988001","Norway"
"9941","Rottneros","RROS.ST","86430003","0.323707","Sweden"
"9942","CGRE AG","CGX.F","86394555","14.3991","Germany"
"9943","Martin Midstream Partners","MMLP","86074312","2.2","United States"
"9944","Townsquare Media","TSQ","86053336","4.72","United States"
"9945","Nilörngruppen","NIL-B.ST","86025956","7.54482","Sweden"
"9946","Smith Douglas Homes","SDHC","86022960","10.25","United States"
"9947","Oncolytics Biotech","ONCY","86005832","0.6745","Canada"
"9948","Pioneer Credit","PNC.AX","85679757","0.446242","Australia"
"9949","the Marygold Companies","MGLD","85623768","1.98","United States"
"9950","Agfa-Gevaert","AGFB.BR","85572569","0.552721","Belgium"
"9951","Arabian International Healthcare Holding","9530.SR","85444144","4.27221","Saudi Arabia"
"9952","Hyperfine","HYPR","85369184","0.805","United States"
"9953","Venu Holding Corporation","VENU","85338472","1.51","United States"
"9954","Wrap Technologies","WRAP","85251544","1.38","United States"
"9955","Mubarrad Holding Company","MUBARRAD.KW","85145789","520.156","Kuwait"
"9956","Al-Etihad Cooperative Insurance","8170.SR","85097885","1.70196","Saudi Arabia"
"9957","CeoTronics","CEK.DE","85047616","10.6576","Germany"
"9958","Devyser Diagnostics","DVYSR.ST","84836415","5.05323","Sweden"
"9959","BCP Investment Corporation","BCIC","84828016","6.85","United States"
"9960","LENSAR","LNSR","84772472","6.9","United States"
"9961","Grand Twins International Cambodia","GTI.KH","84647713","2.12","Cambodia"
"9962","Athos Immobilien","ATH.VI","84647571","48.5261","Austria"
"9963","Creepy Jar","CRJ.WA","84581304","120.94","Poland"
"9964","Vistin Pharma","VISTN.OL","84524388","1.90608","Norway"
"9965","Sterling Tools","STERTOOLS.NS","84260901","2.3184","India"
"9966","OEX S.A.","OEX.WA","84244537","13.2621","Poland"
"9967","Summit State Bank","SSBI","84190240","12.442","United States"
"9968","Cheetah Mobile","CMCM","84114680","2.71","China"
"9969","Taageer Finance","TFCI.OM","84001949","0.296104","Oman"
"9970","Pulmonx","LUNG","83629664","1.98","United States"
"9971","Microbot Medical","MBOT","83620176","1.245","United States"
"9972","Turbogen Ltd","TRBG","83501400","3.57","Israel"
"9973","Cavatina Holding Spólka Akcyjna","CAV.WA","83474600","3.28304","Poland"
"9974","Arq Inc.","ARQ","83406800","1.91","United States"
"9975","Al Fujairah National Insurance Company","AFNIC.AE","83352848","62.62","United Arab Emirates"
"9976","AudioEye","AEYE","83336944","6.63","United States"
"9977","Pharol, SGPS S.A.","PHR.LS","83114065","0.101134","Portugal"
"9978","Quick Heal","QUICKHEAL.NS","82914514","1.52771","India"
"9979","Fractyl Health","GUTS","82773512","0.52","United States"
"9980","Nanoform Finland","NANOFS.ST","82720542","0.964616","Finland"
"9981","Groupe LDLC","ALLDL.PA","82634002","13.5374","France"
"9982","Asetek","ASTK.CO","82564016","0.260469","Denmark"
"9983","Otovo ASA","OTOVO.OL","82401823","1.03116","Norway"
"9984","Ag Growth International","AFN.TO","82352857","4.3618","Canada"
"9985","Noodles &amp; Company","NDLS","82310072","13.795","United States"
"9986","Jushi Holdings","JUSHF","82261016","0.41193","United States"
"9987","Alliance Aviation Services","AQZ.AX","82213290","0.376516","Australia"
"9988","Kuwait Emirates Holding Company","EMIRATES.KW","81949281","464.889","Kuwait"
"9989","mwb fairtrade AG","MWB0.DE","81881530","10.9977","Germany"
"9990","Galfar Engineering and Contracting","GECS.OM","81721818","0.402597","Oman"
"9991","Hily Holding","HH.AE","81688226","0.68","United Arab Emirates"
"9992","Ebixcash India","EBIXFOREX.NS","81507586","7.31","India"
"9993","DelfinGroup AS","DGR1R.RG","81458691","1.79138","Latvia"
"9994","Silvercrest Asset Management Group","SAMG","81350488","10.59","United States"
"9995","Advanced Flower Capital","AFCG","81336896","3.62","United States"
"9996","Kandi Technologies Group","KNDI","81336448","0.81","China"
"9997","Momentus Inc.","MNTS","81264584","3.7","United States"
"9998","Drilling Tools International","DTI","81149112","2.3","United States"
"9999","Abitare In S.p.A.","ABT.MI","81147172","3.1746","Italy"
"10000","Banader Hotels Company","BANADER.BH","81106824","0.695145","Bahrain"
"10001","BioPorto","BIOPOR.CO","81090511","0.163787","Denmark"
"10002","Swvl Holdings","SWVL","80936400","4.27","United Arab Emirates"
"10003","Blink Charging","BLNK","80890296","0.5581","United States"
"10004","SkinHealth Systems","SKIN","80830424","0.6211","United States"
"10005","Atara Biotherapeutics","ATRA","80803568","8.05","United States"
"10006","United Finance Co. SAOG","UFCI.OM","80475521","0.225974","Oman"
"10007","Telomir Pharmaceuticals","TELO","80466704","1.17","United States"
"10008","LUDWIG BECK am Rathauseck - Textilhaus Feldmeier","ECK.DE","80435371","21.7687","Germany"
"10009","Panasonic Manufacturing Malaysia Berhad","3719.KL","80199338","1.32025","Malaysia"
"10010","Hennessy Advisors","HNNA","79834544","10.1","United States"
"10011","Euroapi","EAPI.PA","79823825","0.835601","France"
"10012","Tile Shop Holdings","TTSH","79643480","2","United States"
"10013","Scherzer &amp; Co. AG","PZS.DE","79640560","3.01587","Germany"
"10014","Aldeyra Therapeutics","ALDX","79630880","1.32","United States"
"10015","ALBA SE","ABA.F","79586725","8.08808","Germany"
"10016","Lifevantage","LFVN","79565288","6.32","United States"
"10017","Sera Prognostics","SERA","79293424","2.01","United States"
"10018","Al Madar Kuwait Holding Company","MADAR.KW","79247941","383.615","Kuwait"
"10019","Hoffmann Green Cement Technologies","ALHGR.PA","79111762","4.47846","France"
"10020","Greenland Mines","GRML","79014880","10.375","United States"
"10021","Al Sagr Cooperative Insurance Company","8180.SR","78945268","2.63151","Saudi Arabia"
"10022","Casino Guichard-Perrachon","CO.PA","78926546","0.197279","France"
"10023","Corero Network Security","CNS.L","78759719","0.153778","United Kingdom"
"10024","OQIC Oman Qatar Insurance Company","OQIC.OM","78724914","0.488312","Oman"
"10025","Nankai Tatsumura Construction","1850.T","78679819","2.80723","Japan"
"10026","Takween Advanced Industries","1201.SR","78613233","1.0281","Saudi Arabia"
"10027","InterCure","INCR","78469704","5.23","Israel"
"10028","Victoria PLC","VCP.L","78310907","0.676623","United Kingdom"
"10029","Aptera Motors","SEV","78278440","1.98","United States"
"10030","Sono-Tek Corporation","SOTK","78269280","4.98","United States"
"10031","Moulinvest","ALMOU.PA","78221603","25.8503","France"
"10032","Chegg","CHGG","78163344","0.704","United States"
"10033","Blackboxstocks","BLBX","78138184","18.15","United States"
"10034","Nexstim","NXTMH.HE","78090945","10.7936","Finland"
"10035","Senergy Holding Company K.S.C.P.","SENERGY.KW","78079241","773.732","Kuwait"
"10036","PWO AG","PWO.DE","77947843","24.9433","Germany"
"10037","Arbe Robotics","ARBE","77917040","0.6076","Israel"
"10038","AMC Robotics Corporation","AMCI","77880288","3.26","United States"
"10039","Kokuyo Camlin","KOKUYOCMLN.NS","77866603","0.776308","India"
"10040","Icape Holding","ALICA.PA","77753721","9.86395","France"
"10041","Alithya Group","ALYA.TO","77706360","0.803037","Canada"
"10042","Vitura SA","VTR.PA","77701485","4.55782","France"
"10043","Mashaer Holding Company K.S.C.P.","MASHAER.KW","77700678","484.395","Kuwait"
"10044","Aura Energy","AURA.L","77541003","0.0760622","Australia"
"10045","Warba Capital Holding Company","WARBACAP.KW","77535620","2584.53","Kuwait"
"10046","Quantum Graphite","QGL.AX","77443171","0.219635","Australia"
"10047","SAICO (Saudi Arabian Cooperative Insurance Company)","8100.SR","77187377","2.57291","Saudi Arabia"
"10048","Steel Connect","STCN","77168096","12.18","United States"
"10049","Dolphin Drilling","DDRIL.OL","77107705","0.189567","Norway"
"10050","LanzaTech Global","LNZA","77095168","5.89","United States"
"10051","Verrica Pharmaceuticals","VRCA","76617392","4.46","United States"
"10052","Wiener Privatbank","WPB.VI","76601703","15.3061","Austria"
"10053","Air T, Inc.","AIRT","76580856","28.4","United States"
"10054","High Co.","HCO.PA","76504651","3.86054","France"
"10055","PMV Pharmaceuticals","PMVP","76445016","1.43","United States"
"10056","Creo Medical Group","CREO.L","76312954","0.157085","United Kingdom"
"10057","Water Intelligence plc","WATR.L","76192334","4.53066","United Kingdom"
"10058","Scully Royalty","SRL","76131752","5","China"
"10059","Emperor International","0163.HK","75934900","0.0137655","Hong Kong"
"10060","Llorente &amp; Cuenca","LLYC.MC","75881549","6.51927","Spain"
"10061","Home Federal Bancorp (HFB Bank)","HFBL","75764848","25","United States"
"10062","Aqar Real Estate Investments Company","AQAR.KW","75596504","338.101","Kuwait"
"10063","SelectQuote","SLQT","75467360","0.4274","United States"
"10064","OS Therapies","OSTX","75356424","1.61","United States"
"10065","Premier Miton Group plc","PMI.L","75186450","0.472909","United Kingdom"
"10066","Credit Rating And Collection Company","TAHSSILAT.KW","75097531","455.137","Kuwait"
"10067","Ispire Technology","ISPR","75080808","1.3","United States"
"10068","Elica S.p.A.","ELC.MI","75059630","1.28118","Italy"
"10069","Western Bulk","WEST.OL","74990679","2.29146","Norway"
"10070","Bango","BGO.L","74916431","0.972274","United Kingdom"
"10071","Maytronics","MTRN.TA","74900275","0.682514","Israel"
"10072","Railcare Group AB","RAIL.ST","74566961","3.05195","Sweden"
"10073","Pullup Entertainment","ALPUL.PA","74408138","9.30839","France"
"10074","CMGE Technology Group","0302.HK","74325328","0.0238347","China"
"10075","11 bit studios","11B.WA","74213407","30.7022","Poland"
"10076","EcoSynthetix","ECO.TO","74122475","1.26091","Canada"
"10077","IBU-tec advanced materials AG","IBU.DE","74050451","15.5896","Germany"
"10078","Atlas Lithium","ATLX","74045520","2.46","United States"
"10079","Northern Technologies International","NTIC","74037608","7.8","United States"
"10080","ad pepper media International","APM.DE","74007077","3.03855","Germany"
"10081","Omer-Decugis & Cie","ALODC.PA","73742936","8.68481","France"
"10082","Rapala VMC Corporation","RAP1V.HE","73492886","1.92744","Finland"
"10083","Haulotte Group","PIG.PA","73434973","2.49433","France"
"10084","Usio","USIO","73375696","2.575","United States"
"10085","Fortress Biotech","FBIO","73372184","2.2","United States"
"10086","Lake Resources NL","LKE.AX","73356545","0.0285874","Australia"
"10087","Umbrella Global Energy","UMB.MC","73326515","3.40136","Spain"
"10088","Villars Holding","VILN.SW","73198649","701.405","Switzerland"
"10089","Oman Reinsurance","ORIC.OM","73028381","0.220779","Oman"
"10090","Great Elm Capital","GECC","72921184","5.25","United States"
"10091","Microlise","SAAS.L","72877074","0.62834","United Kingdom"
"10092","Energous","WATT","72791528","13.17","United States"
"10093","Charlotte's Web","CWEB.TO","72619082","0.267679","United States"
"10094","Cantourage Group SE","HIGH.DE","72514283","6.05442","Germany"
"10095","Amana Cooperative Insurance Company","8310.SR","72497001","1.68598","Saudi Arabia"
"10096","Research Solutions","RSSS","72252112","2.14","United States"
"10097","WISeKey International","WKEY","72108248","6.07","Switzerland"
"10098","gumi","3903.T","71873543","1.33344","Japan"
"10099","Comscore","SCOR","71821864","4.73","United States"
"10100","United Homes Group","UHG","71769208","1.22","United States"
"10101","Austin Engineering","ANG.AX","71686859","0.115047","Australia"
"10102","InfraCom Group AB","INFRA.ST","71584761","2.06132","Sweden"
"10103","Kellton Tech Solutions","KELLTONTEC.NS","71378457","0.135237","India"
"10104","OKYO Pharma","OKYO","71372160","1.36","United Kingdom"
"10105","Feiyu Technology International Company","1022.HK","71353101","0.0407862","China"
"10106","Cingulate","CING","71327656","4.905","United States"
"10107","SMJ International","SMJF","71201848","2.57","Singapore"
"10108","McPhy Energy","MCPHY.PA","71172382","2.53774","France"
"10109","Regis Corporation","RGS","71129472","28.45","United States"
"10110","MAIA Biotechnology","MAIA","71003232","1.15","United States"
"10111","Gossamer Bio","GOSS","70827808","11.58","United States"
"10112","Thryv","THRY","70658192","1.59","United States"
"10113","BRAIN Biotech","BNN.DE","70595644","3.23129","Germany"
"10114","FC Porto","FCP.LS","70407848","3.12925","Portugal"
"10115","Saudi Vitrified Clay Pipe Company","2360.SR","70395531","4.69304","Saudi Arabia"
"10116","Kuantum Papers","KUANTUM.NS","70361867","0.806314","India"
"10117","Titanium Oyj","TITAN.HE","70258238","6.78005","Finland"
"10118","WeShop Holdings","WSHP","70185624","5.99","British Virgin Islands"
"10119","Fairwood Holdings","0052.HK","70178489","0.541698","Hong Kong"
"10120","Prevas AB","PREV-B.ST","70140471","5.44348","Sweden"
"10121","CVRx","CVRX","70067400","2.63","United States"
"10122","Spero Therapeutics","SPRO","69881800","1.2","United States"
"10123","Shuaiba Industrial Company","PAPER.KW","69822010","703.583","Kuwait"
"10124","Altisource Portfolio Solutions","ASPS","69777464","6.11","Luxembourg"
"10125","Majestic Gold","MJS.V","69774875","0.0669198","Canada"
"10126","NSTS Bancorp","NSTS","69758568","14.185","United States"
"10127","Fidelity United insurance","FIDELITYUNITED.AE","69716776","0.44","United Arab Emirates"
"10128","Ithmaar Holding","ITHMR.BH","69707365","0.339","Bahrain"
"10129","Smart Good Things Holding","MLSGT.PA","69706554","3.24751","France"
"10130","The InterGroup Corporation","INTG","69535560","32.36","United States"
"10131","Alcadon Group AB","ALCA.ST","69475838","2.83447","Sweden"
"10132","Gold Hydrogen Limited","GHY.AX","69202246","0.383489","Australia"
"10133","Hayah Insurance Company","HAYAH.AE","69162698","0.35","United Arab Emirates"
"10134","Hour Loop","HOUR","68991648","1.96","United States"
"10135","Scana ASA","SCANA.OL","68795741","0.148945","Norway"
"10136","Amar Finance and Leasing Company","AMAR.KW","68546829","351.105","Kuwait"
"10137","AMTD IDEA Group","AMTD","68544008","0.7222","Hong Kong"
"10138","Manazel Holding Company","MANAZEL.KW","68426627","158.973","Kuwait"
"10139","Town Centre Securities","TOWN.L","68344787","1.62707","United Kingdom"
"10140","MHP Hotel AG","CDZ0.F","68309041","1.47392","Germany"
"10141","Ekinops","EKI.PA","68278383","2.52834","France"
"10142","Airtasker","ART.AX","68260006","0.139451","Australia"
"10143","Universal Electronics","UEIC","68161976","5.29","United States"
"10144","Rein Therapeutics","RNTX","68150960","0.79","United States"
"10145","Airgain","AIRG","68121216","5.2","United States"
"10146","Elevate Uranium","EL8.AX","68063866","0.144331","Australia"
"10147","Infas Holding AG","IFS.F","67857141","7.53968","Germany"
"10148","Forian","FORA","67792720","2.17","United States"
"10149","Widam Food Company","WDAM.QA","67747251","0.376374","Qatar"
"10150","SolarBank","SUUN","67617776","1.44","Canada"
"10151","Great Elm Group","GEG","67574352","2.155","United States"
"10152","National Hotels Company (Bahrain)","NHOTEL.BH","67553713","0.061008","Bahrain"
"10153","Esterad Investment Company","ESTERAD.BH","67497283","0.557029","Bahrain"
"10154","Xlife Sciences","XLS.SW","67484544","11.7021","Switzerland"
"10155","The Italian Sea Group","TISG.MI","67301585","1.26984","Italy"
"10156","CarParts.com","PRTS","67300624","8.31","United States"
"10157","Guillemot Corporation","GUI.PA","67053445","4.64853","France"
"10158","Genasys","GNSS","66946752","1.47","United States"
"10159","Wallbox","WBX","66943592","2.76","Spain"
"10160","Pliant Therapeutics","PLRX","66875652","1.08","United States"
"10161","NFON AG","NFN.DE","66829835","4.00227","Germany"
"10162","NOVONIX","NVX","66602128","2.67","Australia"
"10163","Coffee Day Enterprises","COFFEEDAY.NS","66580162","0.31517","India"
"10164","XBiotech","XBIT","66463256","2.18","United States"
"10165","Planet Image International","YIBO","66342328","1.12","China"
"10166","Westwater Resources","WWR","66288032","0.5156","United States"
"10167","INVL Technology UTIB","INC1L.VS","66275045","5.53288","Lithuania"
"10168","Phnom Penh SEZ","PPSP.KH","66126823","0.46","Cambodia"
"10169","OSOS Holding Group Company K.P.S.C.","OSOS.KW","66031211","604.681","Kuwait"
"10170","Wakamoto Pharmaceutical","4512.T","65984893","1.90126","Japan"
"10171","AMCON Distributing Company","DIT","65942812","67.56","United States"
"10172","Pyxis Tankers","PXS","65940408","6.44","Greece"
"10173","LumenRadio","LUMEN.ST","65467687","5.20332","Sweden"
"10174","Ideal Power","IPWR","65245580","3.97","United States"
"10175","Fernheizwerk Neukölln","FHW.F","65192742","28.3447","Germany"
"10176","Kuwait and Gulf Link Transport Company","KGL.KW","65160949","234.91","Kuwait"
"10177","Cettire Limited","CTT.AX","65125754","0.170827","Australia"
"10178","MindWalk Holdings","HYFT","65014100","1.38","United States"
"10179","Kamux","KAMUX.HE","64993785","1.69841","Finland"
"10180","CleanCore Solutions","ZONE","64977628","0.1277","United States"
"10181","Gambling.com Group","GAMB","64852964","1.84","Jersey"
"10182","Artifex Mundi","ART.WA","64737890","5.38522","Poland"
"10183","Al Kathiri Holding Company","3008.SR","64420587","0.284991","Saudi Arabia"
"10184","Gulf Mushroom Products Company SAOG","GMPI.OM","64333637","1.27792","Oman"
"10185","Nightingale Health","HEALTH.HE","64330311","1.06576","Finland"
"10186","Off the Hook YS Inc","OTH","64247460","2.57","United States"
"10187","Kapsch TrafficCom","KTCG.VI","64204080","4.4898","Austria"
"10188","Development Works Food Company","6013.SR","64202958","21.401","Saudi Arabia"
"10189","Azure Power","AZREF","64166360","1","India"
"10190","GTPL Hathway","GTPL.NS","63964961","0.568764","India"
"10191","Adicet Bio","ACET","63938976","6.83","United States"
"10192","Tigo Energy","TYGO","63803020","0.8405","United States"
"10193","BranchOut Food","BOF","63738048","3.92","United States"
"10194","Inseego","INSG","63547688","3.87","United States"
"10195","Imagineer","4644.T","63465680","6.58424","Japan"
"10196","Alfajar Al Alamia Co. SAOG","AFAI.OM","63296478","1.28312","Oman"
"10197","DocCheck","AJ91.DE","63278882","12.4717","Germany"
"10198","STV Group plc","STVG.L","63278762","1.38235","United Kingdom"
"10199","EML Payments","EML.AX","63190554","0.161763","Australia"
"10200","OSE Immunotherapeutics","OSE.PA","63142864","2.55329","France"
"10201","Pricer AB","PRIC-B.ST","63114408","0.386247","Sweden"
"10202","Airship AI","AISP","63024396","1.83","United States"
"10203","Jaypee Group","JPASSOCIAT.NS","62935016","0.0256397","India"
"10204","SunPower","SPWR","62743484","0.3005","United States"
"10205","Geospace Technologies","GEOS","62737672","4.85","United States"
"10206","WM Technology","MAPS","62695868","0.36","United States"
"10207","Marks Electrical Group","MRK.L","62613700","0.601884","United Kingdom"
"10208","MiNK Therapeutics","INKT","62562804","12.26","United States"
"10209","Kaixin Holdings","KXIN","62484400","1.38","China"
"10210","Erbud","ERB.WA","62387088","5.2295","Poland"
"10211","Zentek","ZTEK","62296812","0.492","Canada"
"10212","Myomo","MYO","62184336","1.57","United States"
"10213","Sharjah Insurance","SICO.AE","62081359","0.41","United Arab Emirates"
"10214","PodcastOne","PODC","62018024","2.05","United States"
"10215","Cable One","CABO","62016000","10.93","United States"
"10216","Hyperion DeFi","HYPD","62002340","3.99","United States"
"10217","Battalion Oil","BATL","61864732","1.08","United States"
"10218","RAPCO Investment","RAPCO.AE","61848717","0.65","United Arab Emirates"
"10219","Pelagic Credit Plc","PLGC.OL","61661206","1.66652","Cyprus"
"10220","Chinese Gamer International","3083.TWO","61397322","0.709911","Taiwan"
"10221","Wakou Shokuhin","2813.T","61286892","24.5633","Japan"
"10222","Pelican Aqua Holding","PLCAN.OL","61200207","1.453","Cyprus"
"10223","TTEC","TTEC","61126968","1.24","United States"
"10224","Yatra","YTRA","60867456","0.9512","India"
"10225","Aram Group","ARAM.AE","60800566","0.77","United Arab Emirates"
"10226","Talphera","TLPH","60729780","1.17","United States"
"10227","Nordwest Handel","NWX.F","60684243","18.9342","Germany"
"10228","Musandam Power","MSPW.OM","60517118","0.85974","Oman"
"10229","System1 Group","SYS1.L","60427352","4.76216","United Kingdom"
"10230","Gentian Diagnostics ASA","GENT.OL","60379907","3.9059","Norway"
"10231","SYLA Technologies","SYT","60158036","2.26","Japan"
"10232","Talenom","TNOM.HE","60140257","1.31746","Finland"
"10233","Berentzen-Gruppe","BEZ.DE","60068497","6.39456","Germany"
"10234","AgEagle Aerial Systems","UAVS","60037204","0.9544","United States"
"10235","ARN Media","A1N.AX","60025696","0.191745","Australia"
"10236","Gogoro","GGR","60020004","2.99","Taiwan"
"10237","3P Learning","3PL.AX","59939722","0.219635","Australia"
"10238","Ekopak","EKOP.BR","59931635","3.42404","Belgium"
"10239","Fermentalg","ALGAE.PA","59624021","0.497732","France"
"10240","Mereo BioPharma Group","MREO","59596672","0.3732","United Kingdom"
"10241","FreeCast, Inc.","CAST","59421276","1.17","United States"
"10242","Ascot Resources","AOT.TO","59394492","0.0399384","Canada"
"10243","Al-Omran Industrial Trading Company","4141.SR","59352778","4.94606","Saudi Arabia"
"10244","Gabriel Holding A/S","GABR.CO","59304412","32.4542","Denmark"
"10245","iLearningEngines","AILE","59292656","0.42","United States"
"10246","Caspian Sunrise","CASP.L","59222462","0.0251336","United Kingdom"
"10247","MGI Digital Technology","ALMDG.PA","59181721","9.69388","France"
"10248","Mobilicom","MOB","59062528","4.59","Australia"
"10249","Nordisk Bergteknik AB","NORB-B.ST","59048189","1.03163","Sweden"
"10250","Mercor","MCR.WA","58926654","3.85154","Poland"
"10251","Sino-Entertainment Technology","6933.HK","58916742","0.137655","China"
"10252","Castellum","CTM","58764400","0.62","United States"
"10253","VITA 34","V3V.DE","58501159","3.35601","Germany"
"10254","Saudi Enaya Cooperative Insurance Company","8311.SR","58380611","2.53829","Saudi Arabia"
"10255","Future Kid Entertainment and Real Estate Company","FUTUREKID.KW","58333851","490.897","Kuwait"
"10256","Metal and Recycling Company K.S.C.","MRC.KW","58282238","646.944","Kuwait"
"10257","iHuman","IH","58274984","1.14","China"
"10258","Boundless Bio","BOLD","58234836","2.56","United States"
"10259","Gentili Mosconi","GM.MI","58163263","3.06122","Italy"
"10260","iBio","IBIO","58123912","1.17","United States"
"10261","N.B.I. Industrial Finance","NBIFIN.NS","58105687","19.6645","India"
"10262","Heron Therapeutics","HRTX","58094804","0.306","United States"
"10263","Zepp Health","ZEPP","58073324","3.96","China"
"10264","Trophy Games","TGAMES.CO","58016596","2.04734","Denmark"
"10265","Hindustan Media Ventures","HMVL.NS","57828392","0.786622","India"
"10266","Catana Group","ALCAT.PA","57802606","2.02721","France"
"10267","Identiv","INVE","57438728","2.37","United States"
"10268","LightInTheBox Holding","LITB","57404356","2.91","Singapore"
"10269","Marchex","MCHX","57195872","1.29","United States"
"10270","Agile Content","AGIL.MC","57180824","2.49433","Spain"
"10271","Apollo Minerals Limited","AON.AX","57102862","0.0453214","Australia"
"10272","hVIVO","HVO.L","57096604","0.0829409","United Kingdom"
"10273","MacroWell OMG Digital Entertainment","3687.TWO","57059237","1.89414","Taiwan"
"10274","Solutions 30","S30.PA","57055204","0.53288","Luxembourg"
"10275","Rent the Runway","RENT","57002096","1.68","United States"
"10276","Outset Medical","OM","56955408","3.03","United States"
"10277","SAF Tehnika A/S","SAF1R.RG","56911608","19.161","Latvia"
"10278","Intchains Group","ICG","56907436","0.93","China"
"10279","audius SE","3ITN.DE","56906316","11.5646","Germany"
"10280","Solidion Technology","STI","56865308","6.68","United States"
"10281","Shimao Property","0813.HK","56864247","0.00548071","Hong Kong"
"10282","eXoZymes","EXOZ","56758676","6.1","United States"
"10283","Oman National Engineering and Investment Co. (SAOG)","ONES.OM","56493508","0.376623","Oman"
"10284","FUJI UNITED HOLDINGS CO LTD","416A.T","56421327","8.5493","Japan"
"10285","NaaS Technology","NAAS","56282692","3.3","China"
"10286","W5 Solutions AB","W5.ST","56171002","2.87184","Sweden"
"10287","Travelzoo","TZOO","56112852","5.5","United States"
"10288","GEN Restaurant Group","GENK","56039852","1.7","United States"
"10289","TELA Bio","TELA","55977828","1.24","United States"
"10290","Salama Cooperative Insurance Company","8050.SR","55932882","1.86443","Saudi Arabia"
"10291","MarketWise","MKTW","55770436","19.97","United States"
"10292","tinyBuild","8Z3.F","55737205","0.141723","United States"
"10293","Global Self Storage","SELF","55736532","4.88","United States"
"10294","Wittchen","WTN.WA","55614040","3.01053","Poland"
"10295","AEye","LIDR","55539884","1.19","United States"
"10296","Annovis Bio","ANVS","55482776","1.3","United States"
"10297","Coheris SA","COH.PA","55437581","9.75057","France"
"10298","Thimar Development Holding Company","4160.SR","55400188","8.52311","Saudi Arabia"
"10299","Full House Resorts","FLL","55333164","1.51","United States"
"10300","Playstudios","MYPS","55075656","0.4585","United States"
"10301","Antalpha Platform","ANTA","54992848","2.29","Singapore"
"10302","GreenMobility A/S","GREENM.CO","54973424","9.40262","Denmark"
"10303","Dye &amp; Durham","DND.TO","54896440","0.817126","Canada"
"10304","Cabka","7GW.F","54848456","2.21088","Germany"
"10305","Linz Textil","LTH.VI","54761903","182.54","Austria"
"10306","Naked Wines","WINE.L","54758634","0.828086","United Kingdom"
"10307","Garo Aktiebolag","GARO.ST","54634910","1.0927","Sweden"
"10308","Largo","LGO","54611712","0.5232","Canada"
"10309","Solitario Resources","XPL","54547720","0.5761","United States"
"10310","Tuniu Corporation","TOUR","54536060","5.02","China"
"10311","INmune Bio","INMB","54397424","1.96","United States"
"10312","Allied Esports","AESE","54324936","1.3899","United States"
"10313","Where Food Comes From","WFCF","54278324","10.9","United States"
"10314","Rapid Micro Biosystems","RPID","54172324","1.08","United States"
"10315","Sequana Medical","SEQUA.BR","54153186","0.692744","Belgium"
"10316","Leifras","LFS","54152480","2.07","Japan"
"10317","Bever Holding","BEVER.AS","54150942","3.1746","Netherlands"
"10318","BG Staffing","BGSF","54146412","5.07","United States"
"10319","Cyberoo","CYB.MI","53968533","1.32086","Italy"
"10320","WASGAU Produktions &amp; Handels AG","MSH.F","53877549","8.16326","Germany"
"10321","PDS Biotechnology","PDSB","53841092","0.7429","United States"
"10322","VEEM Ltd","VEE.AX","53718738","0.366058","Australia"
"10323","Renalytix","RENX.L","53657327","0.0800307","United Kingdom"
"10324","Churchill China","CHH.L","53464528","4.86137","United Kingdom"
"10325","Muscat Finance","MFCI.OM","53451440","0.174026","Oman"
"10326","Poulaillon","ALPOU.PA","53432539","10.4542","France"
"10327","Watkin Jones Plc","WJG.L","53427230","0.207948","United Kingdom"
"10328","The Arena Group","AREN","53323932","1.12","United States"
"10329","Idaho Copper Corporation","COPR","53127816","3","United States"
"10330","Aptech","APTECHT.NS","53059463","0.914774","India"
"10331","Unikai Foods","UNIKAI.AE","52986638","1.36419","United Arab Emirates"
"10332","The ONE Group Hospitality","STKS","52920668","1.67","United States"
"10333","Serina Therapeutics","SER","52832980","2.08","United States"
"10334","TechPrecision","TPCS","52794292","5.21","United States"
"10335","Skillsoft","SKIL","52782576","5.8","United States"
"10336","Fire Rock","1909.HK","52769020","0.217316","China"
"10337","Allied Cooperative Insurance Group","8150.SR","52704756","1.81116","Saudi Arabia"
"10338","Saga Communications","SGA","52644140","8.28","United States"
"10339","Rekor Systems","REKR","52577140","0.382","United States"
"10340","CombinedX","CX.ST","52431204","2.69172","Sweden"
"10341","American Vanguard","AVD","52216120","1.77","United States"
"10342","Gamesparcs","6542.TWO","52160337","1.27218","Taiwan"
"10343","Luna Innovations","LUNA","52045528","1.5","United States"
"10344","Bahrain Ship Repairing and Engineering Company","BASREC.BH","51994694","0.416446","Bahrain"
"10345","ImageneBio","IMA","51989668","4.58","United States"
"10346","Abundia Global Impact Group","AGIG","51946924","1.18","United States"
"10347","The9","NCTY","51775892","3.39","China"
"10348","Ultimate Products","ULTP.L","51761083","0.620403","United Kingdom"
"10349","G8 Education","GEM.AX","51645264","0.0669363","Australia"
"10350","Nano-X Imaging","NNOX","51554148","0.656","Israel"
"10351","Greenidge Generation Holdings","GREE","51500392","2.84","United States"
"10352","Pekabex","PBX.WA","51481082","2.07363","Poland"
"10353","Dr. Hönle AG","HNL.DE","51408919","8.48073","Germany"
"10354","OT Logistics","OTS.WA","51264582","3.91369","Poland"
"10355","Bilendi SA","ALBLD.PA","51258846","11.0658","France"
"10356","Aiming Inc","3911.T","51212404","1.09737","Japan"
"10357","374Water","SCWO","51205484","2.89","United States"
"10358","Viscom SE","V6C.DE","51174719","5.75964","Germany"
"10359","BBX Capital Corporation","BBXIA","51157092","3.7","United States"
"10360","Laser Photonics","LASE","51102624","0.8423","United States"
"10361","Columbus Energy","CLC.WA","50958118","0.740954","Poland"
"10362","Branicks Group","BRNK.DE","50783574","0.60771","Germany"
"10363","Sensus Healthcare","SRTS","50538520","3.07","United States"
"10364","Teads","TEAD","50483944","0.5148","United States"
"10365","ORBIS AG","OBS.DE","50461363","5.3288","Germany"
"10366","3i Infotech","3IINFOLTD.NS","50437813","0.243071","India"
"10367","Odysight.ai","ODYS","50420712","3","Israel"
"10368","Regal Hotels International","0078.HK","50406211","0.0560817","Hong Kong"
"10369","Xtant Medical","XTNT","50377412","0.3591","United States"
"10370","Nano Labs","NA","50374576","2.17","China"
"10371","Poujoulat","ALPJT.PA","50372833","6.43991","France"
"10372","Verde Clean Fuels","VGAS","50341076","1.13","United States"
"10373","G5 Entertainment","G5EN.ST","50206602","6.60422","Sweden"
"10374","Ferrum S.A. de Cerámica y Metalurgia","FERR.BA","50130977","0.0108578","Argentina"
"10375","Itera ASA","ITERA.OL","50061900","0.616612","Norway"
"10376","CDON AB","CDON.ST","50023189","4.36279","Sweden"
"10377","Freightos","CRGO","49990544","0.96","Israel"
"10378","Vroom","VRM","49941144","9.59","United States"
"10379","Brera Holdings","SLMT","49762008","4.52","Ireland"
"10380","cyan AG","CYR.DE","49648497","2.29025","Germany"
"10381","MDxHealth","MDXH","49617036","0.52","Belgium"
"10382","Swiss Steel","STLN.SW","49532747","1.60943","Switzerland"
"10383","First Breach Inc.","FBDT","49110944","0.8805","United States"
"10384","Culp, Inc.","CULP","49030996","3.85","United States"
"10385","GBK Beteiligungen AG","GBQ.HM","48979590","7.25624","Germany"
"10386","Bayan Investment Holding Company","BAYANINV.KW","48946789","225.618","Kuwait"
"10387","Gulf Franchising Holding Company","GFC.KW","48741211","1219.12","Kuwait"
"10388","Shengfeng Development","SFWL","48563532","8.83","China"
"10389","Exasol AG","EXL.DE","48527005","1.8254","Germany"
"10390","SHW AG","SW10.HM","48526973","7.53968","Germany"
"10391","CMON","1792.HK","48458240","0.195649","Singapore"
"10392","Instil Bio","TIL","48423316","7.14","United States"
"10393","SunScout Holding","SNSC","48387000","1.27","New Zealand"
"10394","Ebusco Holding","EBUS.AS","48276116","0.209751","Netherlands"
"10395","Cato Fashion","CATO","48186916","2.42","United States"
"10396","Hinduja Ventures","NXTDIGITAL.NS","48138727","1.43","India"
"10397","HWA AG","H9W.DE","47996094","2.73243","Germany"
"10398","TransAct Technologies","TACT","47802300","4.63","United States"
"10399","Prairie Operating","PROP","47487960","0.421","United States"
"10400","Celebrus Technologies","CLBS.L","47426780","1.26991","United Kingdom"
"10401","Intellicheck","IDN","47221512","2.33","United States"
"10402","Qatar Electronic Systems","TQES.QA","47171427","0.558242","Qatar"
"10403","Accendra Health","ACH","47065676","0.612","United States"
"10404","BLG Logistics","BLH.F","47020407","12.2449","Germany"
"10405","The Children's Place","PLCE","46920212","2.11","United States"
"10406","Toro Energy","TOE.AX","46891846","0.38985","Australia"
"10407","Kuwait Hotels Company K.S.C.P.","KHOT.KW","46819829","754.226","Kuwait"
"10408","Dhofar Generating Company","DGEN.OM","46756988","0.21039","Oman"
"10409","SCYNEXIS","SCYX","46365176","4.66","United States"
"10410","Hvidbjerg Bank","HVID.CO","46119393","27.4496","Denmark"
"10411","SunCar Technology Group","SDA","46087828","0.4518","China"
"10412","Gold Road International p.l.c.","GOLDR.OL","45975022","0.802012","Malta"
"10413","DEMIRE Deutsche Mittelstand Real Estate","DMRE.DE","45937454","0.435374","Germany"
"10414","GenFlat Holdings","GFLT","45868320","3.5","United States"
"10415","Hutter &amp; Schrantz Stahlbau AG","HST.VI","45780670","30.6122","Austria"
"10416","Elauwit Connection","ELWT","45742788","6.91","United States"
"10417","Mobile Factory","3912.T","45740004","7.0436","Japan"
"10418","RYTHM, Inc.","RYM","45625988","21.23","United States"
"10419","Reading International","RDI","45551356","1.99","United States"
"10420","Hain Celestial","HAIN","45537536","0.5004","United States"
"10421","SGT German Private Equity","GAI.DE","45152941","0.975188","Germany"
"10422","Schwälbchen Molkerei","SMB.F","45124715","45.1247","Germany"
"10423","Heritage Global","HGBL","45031276","1.3","United States"
"10424","Stem, Inc","STEM","44956896","4.67","United States"
"10425","Pestech Cambodia","PEPC.KH","44837330","0.6","Cambodia"
"10426","Grove Collaborative","GROV","44836100","1.05","United States"
"10427","AS Ekspress Grupp","EEG1T.TL","44820226","1.44785","Estonia"
"10428","AS Silvano Fashion Group","SFG1T.TL","44698945","1.24164","Estonia"
"10429","Filana Therapeutics","FLNA","44670312","0.9247","United States"
"10430","MicroVision","MVIS","44659724","1.46","United States"
"10431","Nippon Ichi Software","3851.T","44649780","8.82364","Japan"
"10432","Cliq Digital AG","CLIQ.DE","44498352","7.59637","Germany"
"10433","Sharqiyah Desalination Company SAOG","SHRQ.OM","44455528","0.454545","Oman"
"10434","IZEA Worldwide","IZEA","44411528","2.55","United States"
"10435","Touax SCA","TOUP.PA","44392265","6.36395","France"
"10436","Grace Therapeutics","GRCE","44385812","2.11","United States"
"10437","Navigo Invest","NAVIGO-STAM.ST","44369445","0.300192","Sweden"
"10438","Shoe Zone","SHOE.L","44323968","0.96566","United Kingdom"
"10439","Meds Apotek AB","MEDS.ST","44271645","2.38376","Sweden"
"10440","Sportsman's Warehouse","SPWH","44229856","1.13","United States"
"10441","Werewolf Therapeutics","HOWL","44227356","0.91","United States"
"10442","Palms Agro Production Company","PAPCO.KW","44050040","842.003","Kuwait"
"10443","Cimbeton","CMBTN.IS","43920149","24.8136","Turkey"
"10444","Devolver Digital","DEVO.L","43880997","0.090944","United States"
"10445","Sachem Capital","SACH","43849716","0.9144","United States"
"10446","Oman Chromite Company","OCCI.OM","43842858","12.0779","Oman"
"10447","Bahrain Cinema Company","CINECO.BH","43832068","2.62599","Bahrain"
"10448","Sylogist","SYZ.TO","43661554","1.86671","Canada"
"10449","Veru","VERU","43648820","2.56","United States"
"10450","Orapi SA","ORAP.PA","43596174","6.69206","France"
"10451","CervoMed","CRVO","43543000","2.88","United States"
"10452","Vantiva","VANTI.PA","43526089","0.0887755","France"
"10453","Gurunavi, Inc.","2440.T","43520207","0.771989","Japan"
"10454","Vilniaus Baldai AB","VBL1L.VS","43401055","11.1678","Lithuania"
"10455","Hopscotch Global PR Group","ALHOP.PA","43378933","14.229","France"
"10456","Celularity","CELU","43354964","1.37","United States"
"10457","Senzime AB","SEZI.ST","43340438","0.275676","Sweden"
"10458","Estoril Sol","ESON.LS","43287509","3.62812","Portugal"
"10459","Vivid Seats","SEAT","43278600","3.85","United States"
"10460","Wethaq Takaful Insurance Company K.S.C.P.","WETHAQ.KW","43193577","393.368","Kuwait"
"10461","Nass Corporation B.S.C.","NASS.BH","43183023","0.541114","Bahrain"
"10462","Synthaverse","SVE.WA","43057275","0.747442","Poland"
"10463","iFOREX","IFRX.L","42984447","1.91809","Guernsey"
"10464","Equipment Holding Company K.S.C.P.","EQUIPMENT.KW","42912875","536.411","Kuwait"
"10465","AXIL Brands","AXIL","42778208","6.27","United States"
"10466","Granite Point Mortgage Trust","GPMT","42766236","0.8873","United States"
"10467","Metagenomi","MGX","42688128","1.13","United States"
"10468","Manhattan Bridge Capital","LOAN","42631480","3.73","United States"
"10469","Planet13","PLTH.CN","42516961","0.126795","United States"
"10470","Massimo Motor","MAMO","42473772","1.02","United States"
"10471","freelancer.com","FLN.AX","42444227","0.0941291","Australia"
"10472","Precipio","PRPO","42212632","23.58","United States"
"10473","Mister Spex","MRX.F","42200520","1.23016","Germany"
"10474","Mentice AB","MNTC.ST","42074859","1.49596","Sweden"
"10475","Ekso Bionics","EKSO","42047896","11.8","United States"
"10476","Pixelworks","PXLW","42043280","6.95","United States"
"10477","Skycorp Solar Group","PN","41901428","2.84","China"
"10478","Nutun Limited","NTU.JO","41882700","0.053651","South Africa"
"10479","Doxa AB","DOXA.ST","41842380","0.0318704","Sweden"
"10480","AS Pro Kapital Grupp","PKG1T.TL","41776833","0.736961","Estonia"
"10481","Fujairah Cement Industries","FCI.AE","41667010","0.12","United Arab Emirates"
"10482","TH International (Tims China)","THCH","41647484","1.3","China"
"10483","Aurelion Inc.","AURE","41623200","1.107","Hong Kong"
"10484","Kayak Inc","3904.T","41584105","2.69877","Japan"
"10485","3U Holding","UUU.DE","41574547","1.12925","Germany"
"10486","Qatari German Company for Medical Devices","QGMD.QA","41440381","0.358791","Qatar"
"10487","Comtech Telecommunications","CMTL","41346776","1.38","United States"
"10488","Kestrel Group","KG","41310880","5.28","Bermuda"
"10489","FORTEC Elektronik AG","FEV.DE","41275377","12.6984","Germany"
"10490","Sequans Communications","SQNS","41188580","2.75","France"
"10491","Sýn hf.","SYN.IC","41168478","0.166237","Iceland"
"10492","Stock3 AG","BOG.DE","41142856","36.7347","Germany"
"10493","MS Industrie","MSAG.DE","41119922","1.38322","Germany"
"10494","Gigas Hosting","GIGA.MC","40850212","3.26531","Spain"
"10495","Indonesia Energy","INDO","40775128","2.65","Indonesia"
"10496","Pattern S.p.A.","PTR.MI","40584937","2.72109","Italy"
"10497","Paref SA","PAR.PA","40545522","26.7574","France"
"10498","Phunware","PHUN","40516100","1.98","United States"
"10499","edding AG","EDD3.F","40508362","37.7447","Germany"
"10500","Qatar Cinema and Film Distribution Company","QCFS.QA","40462816","0.644231","Qatar"
"10501","Fractal Gaming Group","FRACTL.ST","40456160","1.38689","Sweden"
"10502","Mirza International","MIRZAINT.NS","40446878","0.292665","India"
"10503","Insurance House","IH.AE","40154414","0.35","United Arab Emirates"
"10504","Xos, Inc.","XOS","39952164","2.81","United States"
"10505","Kuwait Real Estate Holding Company","ALAQARIA.KW","39937495","212.289","Kuwait"
"10506","Takaful Oman Insurance SAOG","TAOI.OM","39610391","0.158442","Oman"
"10507","Odyssey Marine Exploration","OMEX","39537528","0.675","United States"
"10508","Balco Group","BALCO.ST","39507368","1.7161","Sweden"
"10509","People Can Fly","PCF.WA","39471109","0.856444","Poland"
"10510","Dish TV","DISHTV.NS","39326682","0.0213586","India"
"10511","SHL Telemedicine","SHLT","39255860","2.05","Israel"
"10512","Bragg Gaming Group","BRAG","39139888","1.26","Canada"
"10513","INMA Holding Company","IHGS.QA","39131612","0.690934","Qatar"
"10514","PyroGenesis Canada","PYR.TO","39066374","0.172583","Canada"
"10515","Laird Superfood","LSF","39063164","3.49","United States"
"10516","Aiforia Technologies Oyj","AIFORIA.HE","39026049","1.04308","Finland"
"10517","geechs","7060.T","38891050","3.82804","Japan"
"10518","Muscat City Desalination Company","MCDE.OM","38786594","0.249351","Oman"
"10519","Tessellis","TSL.MI","38648933","0.0886621","Italy"
"10520","Kartoon Studios","TOON","38628748","0.621","United States"
"10521","Müller - Die lila Logistik","MLL.DE","38606135","4.85261","Germany"
"10522","Wolford","WOL.VI","38542747","2.60771","Austria"
"10523","DATRON AG","DAR.DE","38461346","9.75057","Germany"
"10524","Dierig Holding AG","DIE.DE","38379337","9.35374","Germany"
"10525","Plutus Financial Group","PLUT","38375000","2.5","United States"
"10526","The Energy House Holding Company","ENERGYH.KW","38317823","845.254","Kuwait"
"10527","The National Investor PRJSC","TNI.AE","38263404","0.16","United Arab Emirates"
"10528","LivePerson","LPSN","38245620","3.1","United States"
"10529","Mr.Bricolage","ALMRB.PA","38155935","3.53741","France"
"10530","İşbir Holding","ISBIR.IS","38001092","1.17334","Turkey"
"10531","Al Maha Ceramics","AMCI.OM","38000001","0.690909","Oman"
"10532","Canacol Energy","CNE.TO","37737619","1.10603","Canada"
"10533","Koss","KOSS","37676424","3.98","United States"
"10534","Southland Holdings","SLND","37560328","0.69","United States"
"10535","PAVmed","PAVM","37549808","3.815","United States"
"10536","PAL Next AG","PAL.DE","37517781","1.09852","Germany"
"10537","Westport Fuel Systems","WPRT","37516576","1.975","Canada"
"10538","Acanthe Développement","ACAN.PA","37495436","0.226757","France"
"10539","Franklin Street Properties","FSP","37444216","0.36","United States"
"10540","Qatar Oman Investment Company","QOIS.QA","37384614","0.207692","Qatar"
"10541","Delticom AG","DEX.DE","37330636","2.51701","Germany"
"10542","Nok Air","NOKPF","37291868","0.01","Thailand"
"10543","FRIWO","CEA.DE","37244062","4.35374","Germany"
"10544","Clasquin SA","ALCLA.PA","37228461","0.651927","France"
"10545","Enapter AG","H2O.DE","37212790","1.14512","Germany"
"10546","Milestone Scientific","MLSS","37150540","0.41","United States"
"10547","Adval Tech","ADVN.SW","37110933","50.8369","Switzerland"
"10548","Netgem","ALNTG.PA","37107643","1.10884","France"
"10549","Axel Mark","3624.T","37086552","0.567827","Japan"
"10550","Optomed","OPTOMED.HE","37079475","1.73016","Finland"
"10551","Vivoryon Therapeutics","05Y.F","36766087","1.2415","Germany"
"10552","Eco Wave Power Global","WAVE","36689224","5.88","Israel"
"10553","Enzo Biochem","ENZB","36587800","0.69887","United States"
"10554","Pioneer Power Solutions","PPSI","36461088","3.285","United States"
"10555","5th Planet Games","5PG.OL","36407416","0.135405","Denmark"
"10556","DocGo","DCGO","36405640","0.368","United States"
"10557","Orient Paper Mills","ORIENTPPR.NS","36278015","0.170973","India"
"10558","Harvard Bioscience","HBIO","36236348","7.96","United States"
"10559","Arabia Falcon Insurance Company (AFIC)","AFIC.OM","36222661","0.350649","Oman"
"10560","United Cooperative Assurance Company","8190.SR","36010122","0.900253","Saudi Arabia"
"10561","Forsee Power","FORSE.PA","35917580","0.307137","France"
"10562","Actinium Pharmaceuticals","ATNM","35843236","1.14","United States"
"10563","U.S. Global Investors","GROW","35787752","2.91","United States"
"10564","Hydrogène de France","HDF.PA","35766343","2.47166","France"
"10565","Al Abraaj Restaurants Group","ABRAAJ.BH","35591994","0.530504","Bahrain"
"10566","ATA Creativity Global","AACG","35417804","0.8197","China"
"10567","Accuray","ARAY","35294316","0.2955","United States"
"10568","Al Faleh Educational Holding","FALH.QA","35274726","0.146978","Qatar"
"10569","Gala Incorporated","4777.T","35223781","1.25687","Japan"
"10570","Gaia","GAIA","35214720","1.385","United States"
"10571","Diginex","DGNX","35066632","1.205","Hong Kong"
"10572","DIRTT Environmental Solutions","DRTT","35057372","0.3343","Canada"
"10573","Rockwell Medical","RMTI","34984436","8.68","United States"
"10574","Majan University College","BACS.OM","34971429","0.353247","Oman"
"10575","Seres Therapeutics","MCRB","34955840","3.48","United States"
"10576","Lavoro","LVRO","34951524","0.304","Brazil"
"10577","Elutia","ELUT","34944204","0.789","United States"
"10578","Getty Images","GETY","34902432","0.0829","United States"
"10579","PlaySide Studios","PLY.AX","34808120","0.0766978","Australia"
"10580","New Fortress Energy","NFE","34733172","6.08","United States"
"10581","Immutep","IMMP","34706140","4.71","Australia"
"10582","Botanix Pharmaceuticals","BOT.AX","34658925","0.0125506","Australia"
"10583","Harte Hanks","HHS","34513132","4.63","United States"
"10584","LianBio","LIAN","34472096","0.319","United States"
"10585","Spruce Power","SPRU","34461412","1.79","United States"
"10586","Ekttitab Holding Company K.S.C","EKTTITAB.KW","34389871","107.932","Kuwait"
"10587","The Beachbody Company","BODI","34311108","4.71","United States"
"10588","Silicon Studio","3907.T","34168177","12.4475","Japan"
"10589","RATH Aktiengesellschaft","RAT.VI","34013604","22.6757","Austria"
"10590","Elbstein AG","EBS.HM","34013604","1.13379","Germany"
"10591","Genenta Science","GNTA","33906092","0.7032","Italy"
"10592","Dalqan Real Estate Company","DALQAN.KW","33875237","561.178","Kuwait"
"10593","Youlife Group Inc.","YOUL","33840512","0.4177","China"
"10594","Varengold Bank AG","VG8.DE","33822668","3.36779","Germany"
"10595","Rave Restaurant Group","RAVE","33397182","2.35","United States"
"10596","NanoViricides","NNVC","33182498","1.3","United States"
"10597","LeonaBio","LONA","33070038","3.51","United States"
"10598","Asphere Innovations","AS.BK","33064672","0.0662291","Thailand"
"10599","VIDA Global Inc.","VIDA","33015400","1.65","United States"
"10600","genOway","ALGEN.PA","33014663","2.67574","France"
"10601","Lilium","LILM","32897334","0.052","Germany"
"10602","Shankara Building","SHANKARA.NS","32700459","1.34851","India"
"10603","Cryo-Cell International","CCEL","32653734","4.05","United States"
"10604","Ourgame International","6899.HK","32557783","0.0302076","China"
"10605","Lulu's Fashion Lounge","LVLU","32534956","11.33","United States"
"10606","InspireMD","NSPR","32492188","0.6937","Israel"
"10607","MoneyHero","MNY","31854184","0.7226","Singapore"
"10608","BeyondSpring","BYSI","31797956","0.7733","United States"
"10609","Mauna Kea Technologies","ALMKT.PA","31753294","0.159864","France"
"10610","Workhorse Group","WKHS","31692898","2.9","United States"
"10611","Salem Media Group","SALM","31670764","1","United States"
"10612","Aeria","3758.T","31658744","1.5695","Japan"
"10613","ABO Energy","AB9.DE","31624897","3.42971","Germany"
"10614","Barka Desalination Company","BRDE.OM","31581928","0.418182","Oman"
"10615","LiveOne","LVO","31537114","2.3","United States"
"10616","Cel-Sci","CVM","31484288","1.79","United States"
"10617","The National Detergent Company SAOG","NDTI.OM","31428572","1.57143","Oman"
"10618","Oman Chlorine","OCHL.OM","31389596","0.438961","Oman"
"10619","Enviva","EVA","31273630","0.4198","United States"
"10620","Raydan Food","6012.SR","31225747","4.26954","Saudi Arabia"
"10621","Tose Software","4728.T","31190487","4.11515","Japan"
"10622","Zeo Energy","ZEO","31107288","0.3416","United States"
"10623","Scilex Holding","SCLX","31023190","4.41","United States"
"10624","KLX Energy Services","KLXE","31010350","1.45","United States"
"10625","SW Umwelttechnik Stoiser &amp; Wolschner AG","SWUT.VI","30949616","42.6304","Austria"
"10626","111, Inc.","YI","30789374","3.5","China"
"10627","VirTra","VTSI","30676182","2.71","United States"
"10628","Sangamo Therapeutics","SGMO","30657374","0.074","United States"
"10629","Sphere 3D","ANY","30544110","2.89","Canada"
"10630","Netel Holding","NETEL.ST","30485044","0.334714","Sweden"
"10631","Dhofar Tourism","DTCS.OM","30416416","2.14805","Oman"
"10632","PetMed Express","PETS","30350480","1.4","United States"
"10633","MariMed","MRMD","30280540","0.075","United States"
"10634","GenSight Biologics","SIGHT.PA","30252963","0.129025","France"
"10635","Barinthus Biotherapeutics","BRNS","30232266","0.7401","United Kingdom"
"10636","aTyr Pharma","ATYR","30181502","0.3077","United States"
"10637","Halloren Schokoladenfabrik","H2RB.HM","30148412","5.10204","Germany"
"10638","Century Casinos","CNTY","30107332","1.07","United States"
"10639","Steel &amp; Tube Holdings","STU.NZ","30050950","0.163648","New Zealand"
"10640","Postmedia Network Canada","PNC-A.TO","30000194","0.3029","Canada"
"10641","Verimatrix","VMX.PA","29978702","0.343537","France"
"10642","Hoftex Group AG","NBH.MU","29755028","5.46485","Germany"
"10643","Softing AG","SYT.DE","29710119","2.72109","Germany"
"10644","NOMADAR","NOMA","29698490","1.67","United States"
"10645","Innovatec","INC.MI","29525056","0.306122","Italy"
"10646","Warimpex Finanz- und Beteiligungs AG","WXF.VI","29512879","0.566893","Austria"
"10647","Appirits","4174.T","29500297","7.24776","Japan"
"10648","INTERSHOP Communications","ISHA.DE","29338176","1.54762","Germany"
"10649","Context Therapeutics","CNTX","29309458","0.319","United States"
"10650","Amoéba S.A.","ALMIB.PA","29279183","0.376417","France"
"10651","Lument Finance Trust","LFT","28910232","5.5","United States"
"10652","Ikegami Tsushinki","6771.T","28906518","4.31293","Japan"
"10653","Auga Group AB","AUG1L.VS","28894065","0.123583","Lithuania"
"10654","Gulf General Cooperative Insurance Company","8260.SR","28845386","0.961513","Saudi Arabia"
"10655","Scienjoy Holding Corporation","SJ","28743048","0.6769","China"
"10656","Growens S.p.A.","GROW.MI","28736149","2.05782","Italy"
"10657","FingerTango","6860.HK","28603731","0.0149126","China"
"10658","Elite Express","ETS","28585510","1.71","United States"
"10659","Quest Resource Holding","QRHC","28475356","1.35","United States"
"10660","CAVE Interactive","3760.T","28372929","4.70849","Japan"
"10661","HiPay Group","ALHYP.PA","28352053","4.51247","France"
"10662","Katapult Holdings","KPLT","28342708","5.7","United States"
"10663","Tubos Reunidos","TRG.MC","28339718","0.163039","Spain"
"10664","Latch","LTCH","28327212","0.171","United States"
"10665","Old Market Capital Corporation","OMCC","28292780","4.15","United States"
"10666","Findi Limited","FND.AX","28230017","0.282387","Australia"
"10667","Al Jazeira Services Co. SAOG","AJSS.OM","28153966","0.657143","Oman"
"10668","Delignit AG","DLX.DE","28102661","2.74376","Germany"
"10669","Farmer Brothers","FARM","28089448","1.28","United States"
"10670","Genius Group","GNS","27947558","0.1456","Singapore"
"10671","Borealis Foods","BRLS","27902300","1.3","Canada"
"10672","STS Group","SF3.DE","27789115","4.30839","Germany"
"10673","IGC Pharma","IGC","27655224","0.2675","United States"
"10674","Allbirds","BIRD","27633510","2.34","United States"
"10675","Kyntra Bio","KYNB","27493552","6.79","United States"
"10676","Optimi Health Corp.","OPTH","27369646","4.78","Canada"
"10677","Karyopharm Therapeutics","KPTI","27331160","1.205","United States"
"10678","BeLive Holdings","BLIV","27162004","2.5","Singapore"
"10679","Wedia SA","ALWED.PA","27123623","31.7526","France"
"10680","Crown Crafts","CRWS","27115924","2.52","United States"
"10681","Graines Voltz","GRVO.PA","27104625","18.3107","France"
"10682","United Gulf Investment Corporation","UGIC.BH","27055703","0.32626","Bahrain"
"10683","Zoomd Technologies","ZOMD.V","26980545","0.267679","Canada"
"10684","Edia","3935.T","26967325","4.75953","Japan"
"10685","National Gas Company SAOG","NGCI.OM","26935066","0.316883","Oman"
"10686","ecotel communication","E4C.DE","26913793","7.59637","Germany"
"10687","Pulsar Group","PULS.L","26904890","0.198423","United Kingdom"
"10688","Perpetuals.com","PDC","26857796","3.31","Japan"
"10689","Zoom Telephonics","MINM","26534076","3.61","United States"
"10690","SBF AG","CY1K.DE","26412051","2.72109","Germany"
"10691","Methaq Takaful Insurance Compnay","METHAQ.AE","26348039","0.18","United Arab Emirates"
"10692","BioLargo","BLGO","26298508","0.08","United States"
"10693","Beasley Broadcast Group","BBGI","26290536","14.19","United States"
"10694","Jaguar Uranium","JAGU","26251908","1.3","Canada"
"10695","Murano Global Investments","MRNO","26107916","0.3275","United Kingdom"
"10696","Hoth Therapeutics","HOTH","26013596","1.36","United States"
"10697","Artmarket.com","PRC.PA","25942416","3.90023","France"
"10698","Sporting Clube de Braga","SCB.LS","25850339","21.5419","Portugal"
"10699","LakeShore Biopharma","LSB","25840356","0.627","China"
"10700","Duxton Farms","DBF.AX","25770260","0.240552","Australia"
"10701","GEE Group","JOB","25731716","0.2342","United States"
"10702","Conduril - Engenharia","CDU.LS","25714158","14.2857","Portugal"
"10703","AB INVL Baltic Farmland","INL1L.VS","25623094","7.93651","Lithuania"
"10704","Ascent Solar Technologies","ASTI","25620884","2.61","United States"
"10705","CROOZ","2138.T","25576916","2.67325","Japan"
"10706","Baird Medical Investment Holdings","BDMD","25521890","0.7975","China"
"10707","Spencer's Retail","SPENCERS.NS","25476987","0.282663","India"
"10708","Beam Global","BEEM","25349314","1.12","United States"
"10709","Destination XL","DXLG","25342272","0.457","United States"
"10710","Pineapple Financial","PAPL","25015956","0.9899","Canada"
"10711","Reliance Communications","RCOM.NS","24769866","0.0089602","India"
"10712","Zenvia","ZENV","24648802","0.4689","Brazil"
"10713","IT Link SA","ALITL.PA","24635791","14.5125","France"
"10714","Proximar Seafood","PROXI.OL","24530903","0.0468709","Norway"
"10715","Nebelhornbahn-Aktiengesellschaft","NHB0.MU","24526076","18.1406","Germany"
"10716","Al Sharqiya Investment Holdings Company","SIHC.OM","24311689","0.27013","Oman"
"10717","SPI Energy","SPI","24207974","0.766","United States"
"10718","COSOL Limited","COS.AX","24109518","0.132478","Australia"
"10719","Local Bounti","LOCL","24082960","1.03","United States"
"10720","Bahrain Flour Mills Company","BFM.BH","24042077","0.135279","Bahrain"
"10721","illumin","ILLM.TO","24029670","0.457872","Canada"
"10722","Aytu BioScience","AYTU","23906758","2.2","United States"
"10723","bet-at-home.com","ACX.DE","23870748","3.40136","Germany"
"10724","PermRock Royalty Trust","PRT","23723178","1.95","United States"
"10725","Live Ventures","LIVE","23651750","7.7","United States"
"10726","TherapeuticsMD","TXMD","23611698","2.04","United States"
"10727","System1","SST","23514090","2.7","United States"
"10728","Söktas Tekstil","SKTAS.IS","23466850","0.0469337","Turkey"
"10729","YanGuFang International Group","YGF","23462400","0.7332","China"
"10730","Schlatter Industries AG","STRN.SW","23444034","21.222","Switzerland"
"10731","q.beyond","QBY.DE","23433715","0.940513","Germany"
"10732","Muehlhan AG","M4N.HM","23327784","1.678","Germany"
"10733","MAG Interactive","MAGI.ST","23317896","0.878561","Sweden"
"10734","Orion Digital Corp.","ORIO","23118682","0.98","Canada"
"10735","U10 Corp","ALU10.PA","23037271","1.34921","France"
"10736","eHealth","EHTH","23028276","0.7189","United States"
"10737","DAVIDsTEA","DTEAF","22550264","0.736","Canada"
"10738","Zee Learn","ZEELEARN.NS","22457296","0.0684518","India"
"10739","Greenland Technologies","GTEC","22302456","0.8402","United States"
"10740","Milkfood Limited","MLKFOOD.BO","22289317","0.870806","India"
"10741","pferdewetten.de AG","EMH.F","22090475","2.38095","Germany"
"10742","Bioceres Crop Solutions","BIOX","22048390","0.3455","Argentina"
"10743","Radio City","RADIOCITY.NS","21963586","0.062513","India"
"10744","Nectar Lifesciences","NECLIFE.NS","21858913","0.112523","India"
"10745","Performance Shipping","PSHG","21818438","1.755","Greece"
"10746","Witbe S.A.","ALWIT.PA","21660702","5.27211","France"
"10747","Maternus-Kliniken","MAK.DE","21635714","1.03175","Germany"
"10748","180 Life Sciences","ATNF","21620372","3.58","United States"
"10749","TENDA","4198.T","21596640","3.25384","Japan"
"10750","Cocrystal Pharma","COCP","21574784","1.12","United States"
"10751","Hunyvers","ALHUN.PA","21532151","5.57823","France"
"10752","Mercer International","MERC","21499386","0.3208","Canada"
"10753","Snail Inc","SNAL","21493948","2.4","China"
"10754","DF Deutsche Forfait AG","DFTK.DE","21295040","1.79138","Germany"
"10755","Fun Yours Technology","6482.TWO","21137424","0.738181","Taiwan"
"10756","Loop Industries","LOOP","21118678","0.4369","Canada"
"10757","Pyramid AG","M3B.DE","20868640","0.904662","Germany"
"10758","Retractable Technologies","RVP","20866202","0.697","United States"
"10759","Motorsport Gaming","MSGM","20833160","4.54","United States"
"10760","Jasper Therapeutics","JSPR","20809910","0.6254","United States"
"10761","TScan Therapeutics","TCRX","20748884","0.3175","United States"
"10762","HeartBeam","BEAT","20730862","0.3679","United States"
"10763","Wolftank-Adisa Holding","WOLF.VI","20719414","3.9229","Austria"
"10764","PopReach","INIK.V","20660163","0.0352209","Canada"
"10765","Yuke's","4334.T","20517516","2.43719","Japan"
"10766","Arco Vara AS","ARC1T.TL","20479707","1.17914","Estonia"
"10767","BoomBit","BBT.WA","20420083","1.4797","Poland"
"10768","Bionano Genomics","BNGO","20374210","1.73","United States"
"10769","Hydrogen-Refueling-Solutions","ALHRS.PA","20234208","1.01701","France"
"10770","Bahrain Family Leisure Company","FAMILY.BH","20209676","0.96817","Bahrain"
"10771","SM Wirtschaftsberatungs AG","SMWN.DE","20121598","5.17007","Germany"
"10772","Almaden Minerals","AAU","20102876","0.1465","Canada"
"10773","iomart Group","IOM.L","20059261","0.176597","United Kingdom"
"10774","Hepsor AS","HPR1T.TL","20050566","5.12472","Estonia"
"10775","Passat SA","PSAT.PA","19993730","5.08455","France"
"10776","Atossa Therapeutics","ATOS","19858804","1.99","United States"
"10777","HeartSciences Inc.","HSCS","19617836","4.05","United States"
"10778","Primech Holdings","PMEC","19593174","0.51","Singapore"
"10779","SIMPPLE","SPPL","19572370","2","Singapore"
"10780","Prodways Group","ALPWG.PA","19540807","0.603175","France"
"10781","A.S. Création Tapeten","ACWN.DE","19531965","7.08617","Germany"
"10782","Beamr Imaging","BMR","19412318","1.25","Israel"
"10783","Avant Technologies Inc.","AVAI","19393486","0.126","United States"
"10784","Nordecon AS","NCN1T.TL","19388593","0.630385","Estonia"
"10785","Neuphoria Therapeutics","NEUP","19318462","3.57","United States"
"10786","SPAR Group","SGRP","19311022","0.68","United States"
"10787","Real Good Food plc","RGF","19309624","1.25","United Kingdom"
"10788","Omani Packaging Company","OPCI.OM","19208770","0.592208","Oman"
"10789","Evolva Holding SA","EVE.SW","19195300","2.66174","Switzerland"
"10790","Knightscope","KSCP","19133230","0.8101","United States"
"10791","Biosynex","ALBIO.PA","18640891","1.01134","France"
"10792","Urban One","UONE","18633558","4.1248","United States"
"10793","T Stamp Inc. (TrustStamp)","IDAI","18440482","3.27","United States"
"10794","Arizona Metals","AMC.TO","18437313","0.13384","Canada"
"10795","NJ Holdings","9421.T","18302446","3.458","Japan"
"10796","Nymox Pharmaceutical","NYMX","18253022","0.2","Bahamas"
"10797","ParaZero Technologies","PRZO","18246962","0.6257","Israel"
"10798","Oman &amp; Emirates Investment Holding Co.","OEIHC.AE","18221523","0.14","Oman"
"10799","Exyn Technologies","EXYN","18055482","2.27","United States"
"10800","Teac Corporation","6803.T","18008008","0.625247","Japan"
"10801","UBAR Hotels & Resorts SAOG","UBAR.OM","18005728","0.327273","Oman"
"10802","Lipocine","LPCN","17807588","2.16","United States"
"10803","Cardlytics","CDLX","17783922","3.02","United States"
"10804","Perrot Duval","PEDU.SW","17737903","131.888","Switzerland"
"10805","Femasys","FEMY","17503806","2.09","United States"
"10806","VIA optronics AG","VIAO","17465854","0.2231","Germany"
"10807","Energy Focus","EFOI","17260592","2.71","United States"
"10808","J-Long Group","JL","17137180","4.5557","Hong Kong"
"10809","Ultimate Games","ULG.WA","17102415","3.27006","Poland"
"10810","Modern Dairies Limited","MODAIRY.BO","17093986","0.535528","India"
"10811","Techstep ASA","TECH.OL","16922883","0.485374","Norway"
"10812","Burgundy Diamond Mines","BDM.AX","16851858","0.0118533","Australia"
"10813","Mobcast","3664.T","16847515","0.165882","Japan"
"10814","Starbreeze","STAR-B.ST","16807431","0.0103466","Sweden"
"10815","Know Labs","KNW","16795408","2.24","United States"
"10816","Camber Energy","CEI","16771320","0.0954","United States"
"10817","YOC AG","YOC.DE","16751741","4.81859","Germany"
"10818","Imugene","IMU.AX","16707983","0.0299819","Australia"
"10819","AltPlus","3672.T","16623500","0.185022","Japan"
"10820","Inspira Technologies","IINN","16560119","0.38","Israel"
"10821","Ashford Hospitality Trust","AHT","16537999","2.47","United States"
"10822","Palatin Technologies","PTN","16242163","9.12","United States"
"10823","Biofrontera","BFRI","16189072","1.09","United States"
"10824","SODITECH","ALSEC.PA","16148494","7.09751","France"
"10825","Games Operators","GOP.WA","16127532","2.93267","Poland"
"10826","Dare Bioscience","DARE","16030303","0.815","United States"
"10827","Offerpad","OPAD","15803089","3.27","United States"
"10828","Forever Entertainment","8FE.SG","15757264","0.569161","Poland"
"10829","Psychemedics","PMD","15738209","2.67","United States"
"10830","Cyclerion Therapeutics","CYCN","15729330","23.52","United States"
"10831","SeaStar Medical","ICU","15688354","3.56","United States"
"10832","FORIS AG","FRS.DE","15643679","3.42404","Germany"
"10833","Lead Real Estate","LRE","15551767","1.14","Japan"
"10834","Atlas Critical Minerals","ATCX","15504175","3.05","Brazil"
"10835","Trigon Metals","TM.V","15430727","0.28169","Canada"
"10836","National Biscuit Industries","NBII.OM","15327273","15.3273","Oman"
"10837","Citius Pharmaceuticals","CTXR","15222450","0.5545","United States"
"10838","GigaMedia","GIGM","15214507","1.3766","Taiwan"
"10839","Astrotech","ASTC","15118101","7.525","United States"
"10840","Mobix Labs","MOBX","15113826","0.8419","United States"
"10841","Neonode","NEON","15104631","0.9","Sweden"
"10842","FGI Industries","FGI","15054258","7.795","United States"
"10843","SUNation Energy Inc.","SUNE","15045279","2.31","United States"
"10844","Passage Bio","PASG","14898461","4.63","United States"
"10845","Smith Micro Software","SMSI","14869081","2.66","United States"
"10846","Office Properties Income Trust","OPI","14795239","0.2","United States"
"10847","Pensonic Holdings Berhad","9997.KL","14760609","0.0993865","Malaysia"
"10848","Semilux International","SELX","14740593","0.34","Taiwan"
"10849","Mynet","3928.T","14734737","1.54398","Japan"
"10850","NextNRG","NXXT","14659100","0.8623","United States"
"10851","Le Slip Français","ALLSF.PA","14559891","13.6054","France"
"10852","Adaptimmune Therapeutics","ADAP","14551333","0.0549","United Kingdom"
"10853","EMB Mission Bound AB (publ)","EMB.ST","14503871","0.0488312","Sweden"
"10854","The Cannabist Company","CBSTF","14475953","0.0291","United States"
"10855","iCandy Interactive","ICI.AX","14449613","0.0112852","Australia"
"10856","Turbo Energy","TURB","14335980","1.14","Spain"
"10857","The Glimpse Group","VRAR","14332026","0.68","United States"
"10858","Muscat Insurance","MCTI.OM","14289605","1.2961","Oman"
"10859","HOOKIPA Pharma","HOOK","14232977","1.15","United States"
"10860","Dolphin Entertainment","DLPN","14206876","1.09","United States"
"10861","Geratherm Medical","GME.DE","14174144","2.61905","Germany"
"10862","Synlogic","SYBX","14086292","1.15","United States"
"10863","Lantern Pharma","LTRN","13870799","1.085","United States"
"10864","Barfresh Food Group","BRFH","13861947","0.85","United States"
"10865","Tempest Therapeutics","TPST","13685779","0.8103","United States"
"10866","SINTX Technologies","SINT","13529004","2.03","United States"
"10867","WiMi Hologram Cloud","WIMI","13369611","0.7272","China"
"10868","All in! Games","ALG.WA","13349390","0.176526","Poland"
"10869","Austin Gold","AUST","13282211","0.97","United States"
"10870","WeTrade Group","WETG","13256907","5.05","China"
"10871","VistaGen Therapeutics","VTGN","13224320","0.298","United States"
"10872","WonderPlanet","4199.T","13029350","5.11044","Japan"
"10873","Regentis Biomaterials","RGNT","12994254","1.85","Israel"
"10874","Thunderful Group","THUNDR.ST","12968314","0.0317955","Sweden"
"10875","AEON Biopharma","AEON","12919643","0.259","United States"
"10876","Dragonfly Energy","DFLI","12884766","0.8602","United States"
"10877","Future Retail","FRETAIL.NS","12881930","0.0237549","India"
"10878","Forgame","0484.HK","12874577","0.076475","China"
"10879","Alarum Technologies","ALAR","12860446","1.75","Israel"
"10880","Maxeon Solar Technologies","MAXN","12857045","0.7593","Singapore"
"10881","Reborn Coffee","REBN","12843982","1.49","United States"
"10882","Srei Infrastructure Finance","SREINFRA.NS","12675992","0.03","India"
"10883","Zwahlen &amp; Mayr SA","ZWM.SW","12605746","179.569","Switzerland"
"10884","Financial Services Company SAOG","FSCI.OM","12415585","0.620779","Oman"
"10885","Air Industries Group","AIRI","12369178","2.55","United States"
"10886","Asmallworld AG","ASWN.SW","12310722","0.851278","Switzerland"
"10887","uCloudlink Group","UCL","12189519","0.32","Hong Kong"
"10888","Construction Materials Industries","CMII.OM","12175325","0.194805","Oman"
"10889","Adial Pharmaceuticals","ADIL","12174872","4.15","United States"
"10890","Clean Energy Technologies","CETY","12166106","1","United States"
"10891","Bullfrog AI","BFRG","12013136","0.6479","United States"
"10892","Bertelsmann SE & Co. KGaA","BTG.F","11990120","143.149","Germany"
"10893","Phio Pharmaceuticals","PHIO","11965768","1.03","United States"
"10894","DDC Enterprise","DDC","11885507","0.2091","Hong Kong"
"10895","Urgent.ly Inc.","ULY","11787284","5.38","United States"
"10896","BioLineRx","BLRX","11748589","2.36","Israel"
"10897","DataMEDS AI","MEDS","11735313","3.67","United States"
"10898","Nordic Mining ASA","NOM.OL","11725043","0.0937417","Norway"
"10899","Jump Networks","JUMPNET.NS","11669324","0.12","India"
"10900","Gaming Corps","GCOR.ST","11351692","0.0780499","Sweden"
"10901","Cambium Networks","CMBM","11325767","0.401","United States"
"10902","Aterian","ATER","11322747","0.6302","United States"
"10903","Muscat Thread Mill","MTMI.OM","11295166","0.61039","Oman"
"10904","Intensity Therapeutics","INTS","11165886","3.42","United States"
"10905","AS Amber Latvijas balzams","BAL1R.RG","11049852","1.47392","Latvia"
"10906","Sláturfélags Suðurlands","SFS-B.IC","11016720","0.020649","Iceland"
"10907","Natuzzi","NTZ","11014609","1","Italy"
"10908","KPS AG","KSC.DE","10964881","0.26644","Germany"
"10909","Scienture Holdings","SCNX","10947701","0.2666","United States"
"10910","Cyngn","CYN","10940255","0.7128","United States"
"10911","Arrive AI","ARAI","10857690","0.2093","United States"
"10912","Netmarble Joybomb","6468.TWO","10795915","0.94","Taiwan"
"10913","Digital Hollywood Interactive","2022.HK","10674125","0.00573563","China"
"10914","SolarMax Technology","SMXT","10669984","2.25","United States"
"10915","Biomerica","BMRA","10577626","2.3","United States"
"10916","Phoenix Motor","PEV","10575262","0.23","United States"
"10917","Mainz Biomed","MYNZ","10564195","0.8441","Germany"
"10918","Game Your Game","GYGY","10563670","0.7342","United States"
"10919","CytoMed Therapeutics","GDTC","10519390","0.889","Singapore"
"10920","Halo Minerals PLC","HALO.L","10437805","0.094251","United Kingdom"
"10921","Scandinavian Enviro Systems","SES.ST","10426371","0.00932596","Sweden"
"10922","Mixed Martial Arts Group Limited (MMA)","MMA","10328580","0.39","Australia"
"10923","BrainStorm Cell Therapeutics","BCLI","10151993","0.92","United States"
"10924","Muscat Gas Company","MGMC.OM","10129870","0.337662","Oman"
"10925","Guardforce AI","GFAI","10045867","0.32","Singapore"
"10926","AppTech Payments","APCX","9996937","0.238","United States"
"10927","Ryvyl Inc.","RVYL","9994965","7.81","United States"
"10928","Hepion Pharmaceuticals","HEPA","9924125","0.11","United States"
"10929","Carver Bancorp","CARV","9911937","1.7","United States"
"10930","Sohar Power Company SAOG","SHPS.OM","9870130","0.493507","Oman"
"10931","Purple Innovation","PRPL","9868586","2.26","United States"
"10932","CBL International","BANL","9817992","4.65","Malaysia"
"10933","Quoin Pharmaceuticals","QNRX","9801080","4.88","United States"
"10934","Flux Power","FLUX","9760009","0.4514","United States"
"10935","KALA BIO","KALA","9733715","0.5033","United States"
"10936","enish","3667.T","9722036","0.178642","Japan"
"10937","Aprea Therapeutics","APRE","9690138","0.7696","United States"
"10938","Voltage","3639.T","9637572","1.48018","Japan"
"10939","Renegade Gold","RAGE.V","9596676","0.239502","Canada"
"10940","Senti Biosciences","SNTI","9577208","0.3075","United States"
"10941","Superior Industries International","SUP","9576233","0.3249","United States"
"10942","Netcapital","NCPL","9574437","1.22","United States"
"10943","Upland Software","UPLD","9463011","3.2","United States"
"10944","Dhofar Beverages and Foodstuff Company","DBCI.OM","9454546","0.472727","Oman"
"10945","CR Energy","CRZK.DE","9435957","0.401361","Germany"
"10946","Masonglory","MSGY","9411135","4.44","Hong Kong"
"10947","CISO Global","CISO","9396496","0.2064","United States"
"10948","Linekong Interactive","8267.HK","9324803","0.0252368","China"
"10949","Infinities Tech (Jiu Zun Digital)","1961.HK","9265689","0.0126184","China"
"10950","Inuvo","INUV","9263490","0.562","United States"
"10951","FibroBiologics","FBLG","9113278","1.31","United States"
"10952","Trio Petroleum","TPET","8997403","1.69","United States"
"10953","FingerMotion","FNGR","8987461","0.1377","United States"
"10954","Al Madina Investment Holding Co. SAOG","AMII.OM","8955844","0.207792","Oman"
"10955","GoHealth","GOCO","8937260","0.305","United States"
"10956","Wellgistics Health","WGRX","8847256","3.52","United States"
"10957","Natural Health Trends","NHTC","8835184","1.03","United States"
"10958","InterServ International","6169.TWO","8818596","0.376944","Taiwan"
"10959","Maris Tech","MTEK","8813848","0.8347","Israel"
"10960","Vislink Technologies","VISL","8752586","3.53","United States"
"10961","Longeveron","LGVN","8671899","2.72","United States"
"10962","Vivid Games","VVD.WA","8619045","0.155198","Poland"
"10963","Yunji","YJ","8570440","1.74","China"
"10964","Northann Corp","NCL","8543560","0.159","United States"
"10965","America's Car-Mart","CRMT","8505247","1.02","United States"
"10966","SeaChange International","SEAC","8398952","3.25","United States"
"10967","Rail Vision","RVSN","8281224","3.63","Israel"
"10968","Trinseo","TSE","8278525","0.23","United States"
"10969","La Rosa Holdings","LRHC","8261406","2.49","United States"
"10970","Global Mofy AI","GMM","8196303","1.8398","China"
"10971","Cielo Waste Solutions","CMC.V","8167287","0.038743","Canada"
"10972","KAP AG","IUR.F","8155060","1.04989","Germany"
"10973","Ensysce Biosciences","ENSC","8113483","0.417","United States"
"10974","reAlpha Tech","AIRE","8108942","1.35","United States"
"10975","Lunai Bioworks","LNAI","8024985","1.77","United States"
"10976","Oncodesign Precision Medicine","ALOPM.PA","7998789","0.419501","France"
"10977","SurgePays","SURG","7973299","0.1507","United States"
"10978","Innovative Eyewear","LUCY","7950592","0.9235","United States"
"10979","Soligenix","SNGX","7944400","0.365","United States"
"10980","Azitra","AZTR","7914849","0.1306","United States"
"10981","Nacon","NACON.PA","7898706","0.0712018","France"
"10982","VolitionRx","VNRX","7698536","0.2561","United States"
"10983","Rocky Mountain Chocolate Factory","RMCF","7664944","0.812","United States"
"10984","Polar Resources AS","POLAR.OL","7660232","0.537452","Norway"
"10985","HomeBiogas","HMGS.TA","7640040","0.269619","Israel"
"10986","Gaxos.ai","GXAI","7566508","0.5502","United States"
"10987","AlphaTON Capital Corp","ATON","7499068","0.32","British Virgin Islands"
"10988","Reed's, Inc.","REED","7493678","0.632","United States"
"10989","Imunon","IMNN","7491223","1.335","United States"
"10990","Co-Diagnostics","CODX","7470011","1.07","United States"
"10991","Alligator Bioscience AB","ATORX.ST","7462111","0.00209134","Sweden"
"10992","Signing Day Sports","SGN","7408163","0.5401","United States"
"10993","Global Interactive Technologies","GITS","7354591","1.7498","South Korea"
"10994","AS Latvijas Juras medicinas centrs","LJM1R.RG","7335998","9.17","Latvia"
"10995","ESS Tech","GWH","7249347","0.18","United States"
"10996","Solo Brands","SBDS","7190428","2.8","United States"
"10997","Novaturas AB","NTU1L.VS","7188571","0.927438","Lithuania"
"10998","U Power","UCAR","7188495","4.05","China"
"10999","Skye Bioscience","SKYE","7040005","1.59","United States"
"11000","Astro Corporation","3064.TWO","7029930","0.540286","Taiwan"
"11001","Maisons du Monde","MDM.PA","7006286","0.18163","France"
"11002","Aurora Energy Metals","1AE.AX","6991751","0.0390462","Australia"
"11003","Groupe Airwell","ALAIR.PA","6956867","1.10204","France"
"11004","SOS Limited","SOS","6944772","0.3588","China"
"11005","HydrogenPro ASA","HYPRO.OL","6898755","0.0499956","Norway"
"11006","Groupe OKwind","ALOKW.PA","6868917","0.249433","France"
"11007","DSS, Inc. (Document Security Systems)","DSS","6848997","0.682","United States"
"11008","Super League Enterprise","SLE","6831334","4.03","United States"
"11009","AHT Syngas Technology","3SQ1.DE","6811641","2.56236","Germany"
"11010","Perfect Moment","PMNT","6809924","0.128","United Kingdom"
"11011","Mangoceuticals","MGRX","6807518","0.4445","United States"
"11012","AIM ImmunoTech","AIM","6797531","0.1735","United States"
"11013","CaliberCos","CWD","6534023","0.6292","United States"
"11014","Al Khazna Insurance","AKIC.AE","6481481","0.06","United Arab Emirates"
"11015","Versus Systems","VS","6461151","1.04","Canada"
"11016","Eduform'action","ALEFA.PA","6443386","0.328798","France"
"11017","Gaming Factory","GIF.WA","6356668","1.0459","Poland"
"11018","Sonim Technologies","SONM","6236668","4.19","United States"
"11019","TPI Composites","TPIC","6193621","0.1271","United States"
"11020","CCSC Technology International Holdings","CCTG","6112442","0.4501","Hong Kong"
"11021","authID","AUID","6099580","0.3648","United States"
"11022","Bakhu Holdings","BKUH","6026059","0.02","United States"
"11023","enVVeno Medical Corporation","NVNO","5992874","8.625","United States"
"11024","Sonoma Pharmaceuticals","SNOA","5961589","1.245","United States"
"11025","Orangekloud Technology","ORKT","5956565","1.02","Singapore"
"11026","GreenPower Motor Company","GP","5796988","0.5865","Canada"
"11027","Gelteq Limited","GELS","5688643","0.5311","Australia"
"11028","Pulmatrix","PULM","5686608","1.557","United States"
"11029","Magic Empire Global (Giraffe Capital)","MEGL","5621095","1.11","Hong Kong"
"11030","American Uranium Limited","AMU.AX","5540626","0.0425324","Australia"
"11031","Superior Resources","SPQ.AX","5523646","0.00209176","Australia"
"11032","Locafy","LCFY","5488577","2.445","Australia"
"11033","Don't Nod Entertainment","ALDNE.PA","5466758","0.421769","France"
"11034","Trinity Biotech","TRIB","5447984","6.7","Ireland"
"11035","Polar Power","POLA","5300462","1.23","United States"
"11036","Xenetic Biosciences","XBIO","5295589","2.26","United States"
"11037","cbdMD","YCBD","5255166","0.469","United States"
"11038","Origin Materials","ORGN","5228483","0.9501","United States"
"11039","Nordic Fibreboard AS","SKN1T.TL","5203507","0.612245","Estonia"
"11040","Omani Euro Food Industries","OEFI.OM","5194805","2.5974","Oman"
"11041","Phaos Technology Holdings","POAS","5177808","0.164","Singapore"
"11042","Talis Biomedical","TLIS","5176808","2.84","United States"
"11043","Addex Therapeutics","ADXN","5169683","2.95","Switzerland"
"11044","Webuy Global","WBUY","5152237","0.94","Singapore"
"11045","East Side Games","EAGR.TO","5120108","0.0493062","Canada"
"11046","AMASS Brands Inc.","AMSS","5117841","0.441","United States"
"11047","hGears AG","HGEA.DE","5046712","0.485261","Germany"
"11048","NuCana","NCNA","5035985","1.21","United Kingdom"
"11049","Galmed Pharmaceuticals","GLMD","4945923","4.63","Israel"
"11050","DigiAsia Corp","FAAS","4897831","0.0807","Indonesia"
"11051","AquaBounty Technologies","AQB","4876461","0.9474","United States"
"11052","Farmmi","FAMI","4874421","0.1302","China"
"11053","Vertex Energy","VTNR","4872095","0.0521","United States"
"11054","Brüder Mannesmann AG","BMM.F","4846939","1.0771","Germany"
"11055","Fragbite Group","FRAG.ST","4784667","0.592379","Sweden"
"11056","Reitar Logtech Holdings","RITR","4751969","0.0761","Hong Kong"
"11057","Top Ships","TOPS","4745487","0.6233","Greece"
"11058","Foresight Autonomous Holdings","FRSX","4745483","1.15","Israel"
"11059","EZGO Technologies","EZGO","4740290","0.8934","China"
"11060","Gameone","8282.HK","4722332","0.0828479","Hong Kong"
"11061","Can Fite Biopharma","CANF","4670752","2.18","Israel"
"11062","Nitro Games","NITRO.ST","4651366","0.186619","Finland"
"11063","Kidpik","PIK","4644903","2.38","United States"
"11064","zSpace","ZSPC","4596420","0.124","United States"
"11065","Predilife","ALPRE.PA","4579381","1.16213","France"
"11066","OLB Group","OLB","4578271","0.1906","United States"
"11067","ManyDev Studio","MAN.WA","4572271","0.15987","Poland"
"11068","Aethlon Medical","AEMD","4537048","6.38","United States"
"11069","Hydrofarm","HYFM","4530163","0.94","United States"
"11070","Mallinckrodt Pharmaceuticals","MNK","4520986","0.3402","United Kingdom"
"11071","BIO-key International","BKYI","4481393","3.12","United States"
"11072","SaverOne 2014","SVRE","4399709","1.76","Israel"
"11073","Bark, Inc.","BARK","4377870","0.5066","United States"
"11074","Golden Minerals","AUMN","4345401","0.23","United States"
"11075","Expion360","XPON","4337019","4.55","United States"
"11076","Ohmyhome","OMH","4289267","2.54","Singapore"
"11077","CASI Pharmaceuticals","CASI","4263766","0.2075","United States"
"11078","QVC Group","QVCGA","4255453","0.34","United States"
"11079","AiRWA Inc.","YYAI","4223153","0.9217","United States"
"11080","Qiiwi Games","QIIWI.ST","4211210","0.455291","Sweden"
"11081","Big Cheese Studio","BCS.WA","4169190","1.00827","Poland"
"11082","bioAffinity Technologies","BIAF","4133063","6.88","United States"
"11083","Futura Medical","FUM.L","4117795","0.00277792","United Kingdom"
"11084","Tivic Health Systems","TIVC","4029097","1.4","United States"
"11085","Addentax Group","ATXG","4028671","3.42","China"
"11086","Boxlight","BOXL","4011584","4.75","United States"
"11087","PunkPirates","PUN.WA","3942991","0.13","Poland"
"11088","Utenos Trikotazas AB","UTR1L.VS","3879215","0.40821","Lithuania"
"11089","Mynaric","M0YN.DE","3874750","0.613256","Germany"
"11090","VERSES AI","VERS.NE","3834319","0.267679","Canada"
"11091","Cheetah Net Supply Chain Service","CTNT","3826843","2.87","United States"
"11092","Sabre Resources","SBR.AX","3825667","0.00418352","Australia"
"11093","Gulf International Chemicals","GICI.OM","3818182","0.181818","Oman"
"11094","Veganz Group","VEZ.DE","3814606","1.64399","Germany"
"11095","Sonendo","SONX","3811982","0.8","United States"
"11096","Socket Mobile","SCKT","3731256","0.45","United States"
"11097","BioNexus Gene Lab","BGLC","3725471","1.27","Malaysia"
"11098","Titan Medical","TMD.TO","3724444","0.0326591","Canada"
"11099","Cyabra, Inc.","CYAB","3716501","0.2112","United States"
"11100","Avalon GloboCare","ALBT","3707637","0.282","United States"
"11101","Eterna Therapeutics","ERNA","3685612","3.16","United States"
"11102","Lucas GC","LGCL","3672469","2.82","China"
"11103","Moolec Science","MLEC","3623328","4.99","Luxembourg"
"11104","Cemtrex","CETX","3536944","2.055","United States"
"11105","IO Biotech","IOBT","3453544","0.048","Denmark"
"11106","Unity Biotechnology","UBX","3444161","0.2001","United States"
"11107","Cadrenal Therapeutics","CVKD","3377465","1.09","United States"
"11108","Focus Universal","FCUV","3345066","4.76","United States"
"11109","PainReform","PRFX","3306691","0.945","Israel"
"11110","Eagle Pharmaceuticals","EGRX","3289388","0.25","United States"
"11111","Wolverine Energy and Infrastructure","WEII.V","3274071","0.03","Canada"
"11112","ShiftPixy","PIXY","3265294","6.53","United States"
"11113","Neo-Concept International Group","NCI","3249895","1.26","Hong Kong"
"11114","Propanc Biopharma","PPCB","3243430","0.5123","Australia"
"11115","Forza X1","FRZA","3150960","0.2","United States"
"11116","iSpecimen","ISPC","3097865","1.23","United States"
"11117","KMC Properties","KMCP.OL","3028471","2.49568","Norway"
"11118","Advent Technologies","ADN","3023365","0.9185","United States"
"11119","ATI Physical Therapy","ATIP","2977762","0.675","United States"
"11120","Affimed","AFMD","2975202","0.1815","Germany"
"11121","PMGC Holdings","ELAB","2971155","3.67","United States"
"11122","Redhill Biopharma","RDHL","2926746","0.4813","Israel"
"11123","Auric Minerals","AUMC.CN","2923025","0.0493093","Canada"
"11124","Atlantic Sapphire","ASA.OL","2890756","0.0806257","Norway"
"11125","Sleep Number","SNBR","2881125","0.125","United States"
"11126","Marin Software","MRIN","2863609","0.8981","United States"
"11127","Matinas BioPharma","MTNB","2821014","2.88","United States"
"11128","Treasure Global","TGL","2814958","1.44","Malaysia"
"11129","Inotiv","NOTV","2787563","0.0799","United States"
"11130","Beyond Air","XAIR","2785871","2.83","United States"
"11131","Jaguar Health","JAGX","2766868","5.32","United States"
"11132","Vaccinex","VCNX","2756936","1.03","United States"
"11133","AS Trigon Property Development","TPD1T.TL","2754527","0.612245","Estonia"
"11134","Globavend","GVH","2753638","1.14","Australia"
"11135","VivoSim Labs","VIVS","2711634","0.2025","United States"
"11136","PREIT (Pennsylvania Real Estate Investment Trust)","PRET","2690436","0.4974","United States"
"11137","Xilio Therapeutics","XLO","2676465","0.5101","United States"
"11138","Staffing 360 Solutions","STAF","2654640","1.615","United States"
"11139","The Payments Group Holding","PGH.DE","2649660","0.232426","Germany"
"11140","VS Media","VSME","2554924","0.924","Hong Kong"
"11141","AS Siguldas Ciltslietu Un Maksligas Apseklosanas Stacija","SCM1R.RG","2514524","5.95238","Latvia"
"11142","Cherry SE","C3RY.DE","2468939","0.40641","Germany"
"11143","Cloudastructure","CSAI","2446271","2.82","United States"
"11144","Alaunos Therapeutics","TCRT","2440131","0.9605","United States"
"11145","LM Funding America","LMFA","2430118","2.6","United States"
"11146","AS PRFoods","PRF1T.TL","2401106","0.0637188","Estonia"
"11147","Edible Garden","EDBL","2380841","1.22","United States"
"11148","Nuwellis","NUWE","2368332","0.7459","United States"
"11149","Lakewood-Amedex Biotherapeutics","LABT","2345517","0.9898","United States"
"11150","Genprex","GNPX","2336170","2.85","United States"
"11151","Fly-E Group","FLYE","2317988","1.42","United States"
"11152","Nauticus Robotics","KITT","2316306","1.86","United States"
"11153","BioXcel Therapeutics","BTAI","2313476","0.0739","United States"
"11154","Videndum Plc","VID.L","2271782","4.38517","United Kingdom"
"11155","BioAtla","BCAB","2265896","1.36","United States"
"11156","REE Automotive","REE","2239673","0.0769","Israel"
"11157","MindMaze Therapeutics","V6M.F","2228059","0.173469","Switzerland"
"11158","Golden Sun Education Group","GSUN","2226409","0.222","China"
"11159","National Aluminium Products Company SAOG","NAPI.OM","2226351","0.25974","Oman"
"11160","Jet.AI","JTAI","2217884","1.56","United States"
"11161","Sow Good","SOWG","2203871","0.1099","United States"
"11162","Oragenics","OGEN","2165739","0.48","United States"
"11163","Réalités","ALREA.PA","2153173","0.453515","France"
"11164","Clearside Biomedical","CLSD","2145948","0.41","United States"
"11165","CS Diagnostics","CSDX","2124933","0.0085","Germany"
"11166","Trinity Place Holdings","TPHS","2113512","0.032","United States"
"11167","Agape ATP","ATPC","2101314","2.1","Malaysia"
"11168","Blue Hat Interactive Entertainment Technology","BHAT","2091312","0.675","China"
"11169","BigBen Interactive","BIG.PA","2068261","0.111451","France"
"11170","Leslie's","LESL","2039800","0.2178","United States"
"11171","Jeffs' Brands","JFBR","2011480","3.08","Israel"
"11172","Curis","CRIS","2010389","0.829","United States"
"11173","Incannex Healthcare","IXHL","1994700","0.167","Australia"
"11174","Playgon Games","DEAL.V","1985225","0.00352209","Canada"
"11175","Greenlane Holdings, Inc.","GNLN","1979450","2.85","United States"
"11176","KMD Brands","KMD.NZ","1965548","0.0414161","New Zealand"
"11177","Erayak Power Solution","RAYA","1961760","1.86","China"
"11178","Cutera","CUTR","1956013","0.0969","United States"
"11179","Wheeler Real Estate Investment Trust","WHLR","1897824","3.34","United States"
"11180","Airesis SA","AIRE.SW","1849868","0.0298641","Switzerland"
"11181","Cue Biopharma","CUE","1804119","0.5542","United States"
"11182","HUB Cyber Security","HUBC","1786841","0.995","Israel"
"11183","Virax Biolabs","VRAX","1777283","2.23","United Kingdom"
"11184","G Medical Innovations","GMVD","1776616","0.181","Israel"
"11185","Integrated Media Technology Limited","IMTE","1693233","0.4913","Australia"
"11186","Sonder Holdings","SOND","1680861","0.1263","United States"
"11187","VIP Gloves","VIP.AX","1676975","0.00213144","Malaysia"
"11188","Traeger","COOK","1642351","0.5983","United States"
"11189","CorEnergy Infrastructure Trust","CORR","1627350","0.0198","United States"
"11190","Iterum Therapeutics","ITRM","1598747","0.03","Ireland"
"11191","Lazydays Holdings","GORV","1573084","0.4211","United States"
"11192","Maison Solutions","MSS","1558264","1.79","United States"
"11193","Benson Hill","BHIL","1522391","0.249","United States"
"11194","Actelis Networks","ASNS","1499554","0.052","United States"
"11195","Mobile-health Network Solutions","MNDR","1493172","1.25","Singapore"
"11196","IM Cannabis","IMCC","1479606","2.45","Israel"
"11197","NEXT Biometrics Group ASA","NEXT.OL","1459125","0.0235396","Norway"
"11198","Vivakor","VIVK","1421387","0.5192","United States"
"11199","Akanda","AKAN","1389961","2.57","United Kingdom"
"11200","Exela Technologies","XELA","1387552","0.05","United States"
"11201","Davis Commodities","DTCK","1368533","1","Singapore"
"11202","iPower","IPW","1363339","1.17","United States"
"11203","Synergy CHC","SNYR","1348439","0.0905","United States"
"11204","MEP Infrastructure","MEP.NS","1318793","0.007189","India"
"11205","Argo Blockchain","ARBK","1265863","3.79","United Kingdom"
"11206","Maximum Entertainment","8R7.F","1263266","0.0247166","Sweden"
"11207","Direct Digital Holdings","DRCT","1228172","1.53","United States"
"11208","Jianzhi Education Technology Group","JZ","1146357","0.476","China"
"11209","Starbox Group","STBX","1135952","2.11","Malaysia"
"11210","Altamira Therapeutics","CYTO","1133556","0.3","Bermuda"
"11211","Cytosorbents","CTSO","1100062","0.3501","United States"
"11212","Evofem Biosciences","EVFM","1060240","0.008","United States"
"11213","Danimer Scientific","DNMR","1056961","0.35","United States"
"11214","Allurion Technologies","ALUR","1050437","1.05","United States"
"11215","LMP Automotive Holdings","LMPX","1036332","0.095","United States"
"11216","Haoxi Health Technology","HAO","1006846","2.75","China"
"11217","VCI Global","VCIG","1002770","1.62","Malaysia"
"11218","BNB Plus Corp.","BNBX","929583","0.15","United States"
"11219","Lucy Scientific Discovery","LSDI","906910","0.5139","Canada"
"11220","Quince Therapeutics","QNCX","900311","0.9206","United States"
"11221","Aker Horizons","AKH.OL","898279","0.0013012","Norway"
"11222","Playground Ventures","PLAY.CN","892237","0.0105663","Canada"
"11223","Onfolio Holdings","ONFO","875500","1.03","United States"
"11224","Solid Clouds","SOLID.IC","835159","0.00116473","Iceland"
"11225","Greene Concepts","INKW","739761","0.0116","United States"
"11226","Kuuhubb","KUU.V","712506","0.01","Canada"
"11227","Alkaline Water Company","WTER","694397","0.0195","United States"
"11228","Yellow Corporation","YELLQ","693890","0.0102","United States"
"11229","EUDA Health","EUDA","692066","0.3661","Singapore"
"11230","Arcadia Biosciences","RKDA","676265","0.2807","United States"
"11231","Tapinator","TAPM","673183","0.247","United States"
"11232","Vicarious Surgical","RBOT","641822","0.09","United States"
"11233","Tevogen Bio","TVGN","627896","0.1551","United States"
"11234","Sunrise New Energy","EPOW","619170","0.2661","China"
"11235","Sozap","SOZAP.ST","602380","0.0270876","Sweden"
"11236","OceanPal","SVRN","600425","0.3501","Greece"
"11237","Lifeward","LFWD","583724","0.3829","Israel"
"11238","22nd Century Group","XXII","572480","0.8018","United States"
"11239","Aptorum Group","APM","570062","0.7","Hong Kong"
"11240","Ocean Power Technologies","OPTT","546280","1.82","United States"
"11241","T-Bull","TBL.WA","524856","0.441685","Poland"
"11242","Baosheng Media Group","BAOS","469706","0.3061","China"
"11243","Kaival Brands Innovations","KAVL","468849","0.024","United States"
"11244","Ayr Wellness","AYRWF","432062","0.0037","United States"
"11245","Ontrak","OTRK","425780","0.0601","United States"
"11246","Global Bioenergies","ALGBE.PA","396471","0.0218702","France"
"11247","Gauzy","GAUZ","395961","0.3445","United States"
"11248","FBR Limited","FBR.AX","389553","0.00279642","Australia"
"11249","Viracta Therapeutics","VIRX","388698","0.00978","United States"
"11250","SOBR Safe","SOBR","377104","0.07","United States"
"11251","Impac Mortgage Holdings","IMPM","365688","0.01","United States"
"11252","Lyra Therapeutics","LYRA","354976","0.2","United States"
"11253","VYNE Therapeutics","VYNE","339859","0.509","United States"
"11254","ATARI","ALATA.PA","336738","0.120426","France"
"11255","NantHealth","NHIQ","329655","0.012","United States"
"11256","GAME HOURS","6626.TWO","285836","0.0972769","Taiwan"
"11257","Leafly Holdings","LFLY","232138","37","United States"
"11258","Aker Carbon Capture","ACC.OL","212397","0.00035151","Norway"
"11259","Trulite","TRUL","212013","0.0001","United States"
"11260","Petros Pharmaceuticals","PTPI","211861","0.005","United States"
"11261","Ampio Pharmaceuticals","AMPE","207884","0.1831","United States"
"11262","Fintech Scion (FintechCashier)","FINR","198743","0.001","United Kingdom"
"11263","Xiao-I","AIXI","195954","1.49","China"
"11264","CXApp","CXAI","194174","0.089","United States"
"11265","Meyer Burger Technology","MBTN.SW","192618","0.00608813","Switzerland"
"11266","BloomZ","BLMZ","187531","0.128","United States"
"11267","Ocean Biomedical","OCEA","185892","0.0008","United States"
"11268","Wearable Health Solutions","WHSI","182670","0.0001","United States"
"11269","Faraday Future","FFAI","174605","0.0717","United States"
"11270","Freight Technologies, Inc.","FRGT","173067","0.3025","United States"
"11271","Esports Entertainment","GMBL","156999","0.137","Malta"
"11272","ProPhase Labs","PRPH","155925","0.01","United States"
"11273","Hallmark Financial Services","HALL","145478","0.08","United States"
"11274","Cenntro Inc.","CENN","113554","0.0775","United States"
"11275","Solar Integrated Roofing","SIRC","109754","1.0E-5","United States"
"11276","Loop Media","LPTV","103383","0.0007","United States"
"11277","Novo Integrated Sciences","NVOS","76947","0.0039","United States"
"11278","Vincerx Pharma","VINC","68045","0.013","United States"
"11279","PaxMedica","PXMD","63132","0.0005","United States"
"11280","Epiminder","EPI.AX","52809","0.243728","Australia"
"11281","ToughBuilt Industries","TBLT","47699","0.011","United States"
"11282","Presto Automation","PRST","41851","0.0001","United States"
"11283","Vinco Ventures","BBIG","41600","0.0032","United States"
"11284","Compleo Charging Solutions","C0M.F","37362","0.00736961","Germany"
"11285","Adler Group","ADJ.DE","34993","0.000230787","Luxembourg"
"11286","Carisma Therapeutics","CARM","29291","0.0007","United States"
"11287","Gaming Technologies (Gametech)","GMGT","27420","0.0006","United States"
"11288","Movella","MVLA","20362","0.0004","United States"
"11289","Remark Holdings","MARK","18570","0.0003","United States"
"11290","T2 Biosystems","TTOO","14022","0.0005","United States"
"11291","iEntertainment Network","IENT","13087","0.0001","United States"
"11292","Gamer Pakistan","GPAK","12789","0.0005","United States"
"11293","Vaxxinity","VAXX","12678","0.0001","United States"
"11294","Syros Pharmaceuticals","SYRS","10732","0.0004","United States"
"11295","Trevena","TRVN","9674","0.0112","United States"
"11296","4Front Ventures","FFNTF","9152","1.0E-5","United States"
"11297","Triterras","TRIRF","7652","0.0001","Singapore"
"11298","Adamas One","JEWL","7609","0.0002","United States"
"11299","Mobile Global Esports (Mogo)","MGAM","7545","0.0001","United States"
"11300","Freeze Tag","FRZT","7505","0.0001","United States"
"11301","USD Partners","USDP","6754","0.0002","United States"
"11302","Stryve Foods","SNAX","4792","0.0011","United States"
"11303","Virtual Interactive Technologies","VRVR","2475","0.0003","Bermuda"
"11304","Lipella Pharmaceuticals","LIPO","2310","0.0005","United States"
"11305","Viveve Medical","VIVE","2144","0.0002","United States"
"11306","Calithera Biosciences","CALA","1461","0.0003","United States"
"11307","Hempacco","HPCO","1184","0.0002","United States"
"11308","eFFECTOR Therapeutics","EFTR","940","0.0002","United States"
"11309","Grom Social Enterprises","GROM","902","0.0001","United States"
"11310","Minerva Surgical","UTRS","887","0.0001","United States"
"11311","Lightning eMotors","ZEVY","659","0.0001","United States"
"11312","Telesis Bio","TBIO","177","0.0001","United States"
"11313","Hogy Medical","3593.T","123","41.0184","Japan"
"11314","Star Micronics","7718.T","70","14.0138","Japan"
"11315","Qiwi","QIWI.ME","0","2.56","Cyprus"
"11316","Rosseti","RSTI.ME","0","0","Russia"
"11317","X5 Retail Group","FIVE.ME","0","32.42","Netherlands"
"11318","Pollux Properti Indonesia","POLL.JK","0","0.00690974","Indonesia"
"11319","Tunas Ridean","TURI.JK","0","0.1","Indonesia"
"11320","Agility Global","AGILITY.AE","0","0","United Arab Emirates"
"11321","Amlak Finance","AMLAK.AE","0","0","United Arab Emirates"
"11322","Drake and Scull International","DSI.AE","0","0","United Arab Emirates"
"11323","Dubai Islamic Insurance &amp; Reinsurance","AMAN.AE","0","0","United Arab Emirates"
"11324","Air Arabia","AIRARABIA.AE","0","0","United Arab Emirates"
"11325","Aramex","ARMX.AE","0","0","United Arab Emirates"
"11326","Dubai Taxi Company","DTC.AE","0","0","United Arab Emirates"
"11327","Emirates Central Cooling Systems","EMPOWER.AE","0","0","United Arab Emirates"
"11328","Ajman Bank","AJMANBANK.AE","0","0","United Arab Emirates"
"11329","Al Ansari Financial Services","ALANSARI.AE","0","0","United Arab Emirates"
"11330","Watania International","WATANIA.AE","0","0","United Arab Emirates"
"11331","Carasent ASA","CARA.OL","0","1.57626","Norway"
"11332","Sultan Center Food Products Company","SULTAN.KW","0","0","Kuwait"
"11333","Lassila &amp; Tikanoja Oyj","LAT1V.HE","0","9.3635","Finland"
"11334","Greenthesis S.p.A.","GTH.MI","0","2.48305","Italy"
"11335","Eckoh plc","ECK.L","0","56.8248","United Kingdom"
"11336","Anexo Group Plc","ANX.L","0","80.3296","United Kingdom"
"11337","Yaoko Co.,Ltd.","8279.T","0","65.9184","Japan"
"11338","Bank of Japan","8301.T","0","194.493","Japan"
"11339","Saluda Medical","SLD.AX","0","0","United States"
"11340","Pershing Square USA","PSUS","0","0","United States"
"11341","Giunti Psychometrics","GPSYDD.MI","0","0","Italy"
"11342","Advasa Holdings","ADBT","0","0","Japan"
