name,revenue,growth_%,founded,yrs_on_list,Symbol,marketcap,price (USD)
Freestar,36.9 Million,36680.3882,2015,1,,,
FreightWise,33.6 Million,30547.9317,2015,1,,,
Cece's Veggie Co.,24.9 Million,23880.4852,2015,1,,,
LadyBoss,32.4 Million,21849.8925,2014,1,,,
Perpay,22.5 Million,18166.407,2014,1,,,
Cano Health,271.8 Million,14183.4118,2009,1,,,
Bear Mattress,20.5 Million,13480.731,2014,1,,,
Connected Solutions Group,23.3 Million,12700.6588,2015,1,,,
Providence Healthcare Management,225.9 Million,12564.5364,2008,1,,,
NOM,21.4 Million,11996.2964,2014,1,,,
NuLeaf Naturals,13.9 Million,11949.179,2014,1,,,
Urgently,30.3 Million,11632.8771,2013,1,,,
nutpods,19.1 Million,11622.5291,2013,1,,,
YieldStreet,19.1 Million,10561.7147,2015,1,,,
MuteSix,17.3 Million,10175.7553,2014,3,,,
Anchor Worldwide,10.7 Million,9753.201,2015,1,,,
LendingPoint,105.8 Million,9265.2406,2014,1,,,
With Clarity,19 Million,9179.3319,2013,1,,,
Sonendo,24.4 Million,8656.9532,2006,1,SONX,3811982.0,0.8
Kindred Bravely,9.6 Million,8543.9808,2015,1,,,
Tailor Made Compounding,10.2 Million,8327.0956,2015,1,,,
SD3IT,11.9 Million,8282.8668,2014,1,,,
ConvertKit,13.8 Million,7965.9741,2013,2,,,
Printify,10.5 Million,7926.4244,2015,1,,,
Awardco,8.9 Million,7478.1478,2015,1,,,
Pegasus Optimization Managers,128.2 Million,7426.8072,2015,1,,,
FITT Scientific,15.8 Million,7329.3794,2013,1,,,
Amherst Madison,7.8 Million,7301.3354,2014,2,,,
LumenAd,11.8 Million,7045.3631,2014,1,,,
Bendcare,156 Million,6900.2519,2015,1,,,
The Welfont Companies,20.4 Million,6870.9856,2014,2,,,
Skinny Dipped,10.2 Million,6641.6793,2013,1,,,
RDI Technologies,7.2 Million,6492.7884,2013,1,,,
Limited Run Games,20.8 Million,6388.3661,2010,1,,,
SwanLeap,162.6 Million,6382.9368,2013,3,,,
Vesta Modular,48.9 Million,6337.2973,2014,1,,,
H&C Animal Health,24 Million,6287.4646,2013,1,,,
Homesnap,17.5 Million,6176.6896,2012,2,,,
Paradigm Construction,45.2 Million,6145.4572,2013,2,,,
Allata,15.2 Million,6134.3502,2014,1,,,
Fanchest,8.3 Million,6055.9447,2014,1,,,
Fund That Flip,6.4 Million,6017.8863,2014,1,,,
Villaway,7 Million,5935.6786,2014,2,,,
IQM,8.8 Million,5852.2149,2014,1,,,
Home Quality Remodeling,6.2 Million,5835.3894,2004,1,,,
Beeswax,16.9 Million,5768.1833,2014,1,,,
Netizen,6.3 Million,5638.3886,2013,1,,,
phData,9.8 Million,5638.0311,2014,1,,,
MDstaffers,7.1 Million,5634.3141,2010,1,,,
TalEx,48.5 Million,5484.3682,2012,3,,,
Nationwide Mortgage Bankers,25 Million,5449.642,2011,1,,,
Podium,42.5 Million,5416.8842,2014,2,,,
SIA Solutions,23.9 Million,5059.5724,2012,3,,,
QEO Group,58.8 Million,4978.2688,2014,2,,,
Dropified,5.1 Million,4971.4549,2015,1,,,
Sparx Hockey,8 Million,4916.2167,2014,1,,,
TrueChoicePack,7.8 Million,4908.4033,2013,1,,,
Ooze Wholesale,25.9 Million,4899.0269,2015,1,,,
Progyny,107.6 Million,4838.0226,2008,2,PGNY,1902057472.0,24.79
Pax8,42.4 Million,4820.2665,2012,2,,,
Terminus,21.5 Million,4730.0523,2014,1,,,
Chomps,21 Million,4469.2113,2012,2,,,
Rad Power Bikes,44.6 Million,4442.2488,2007,1,,,
TradePending,5.8 Million,4430.138,2014,1,,,
West Creek Financial,89.7 Million,4405.2286,2014,1,,,
CityLift Parking,10.7 Million,4401.8691,2015,1,,,
Associated Veterans,12.8 Million,4345.779,2007,2,,,
Fetch Rewards,9 Million,4322.5573,2013,1,,,
10X Genomics,146.3 Million,4308.7444,2012,1,,,
4th & Heart,14.3 Million,4283.2753,2014,1,,,
GreenPrint,6.2 Million,4281.4016,2014,1,,,
Sky Marketing Corporation,4.7 Million,4279.7746,2015,1,,,
Pendo,20.9 Million,4266.8158,2013,1,,,
Core Software Technologies,4.6 Million,4246.751,2011,3,,,
EcoSystems,6.7 Million,4233.6744,2012,1,,,
Brickell Men's Products,10 Million,4207.8615,2014,1,,,
Patton Warehousing,8.2 Million,4138.1126,2015,1,,,
SydanTech,4.3 Million,4090.7424,2000,1,,,
WT Stevens Construction,7.2 Million,4089.6557,2002,1,,,
Wandrd,4.7 Million,4088.016,2015,1,,,
Confidio,16.3 Million,4035.1825,2014,1,,,
Dynamic Logistix,54.4 Million,3839.842,2015,1,,,
Asset Panda,5.1 Million,3778.5391,2012,2,,,
SeaBay Building Group,25.8 Million,3775.1386,2013,1,,,
Blue Fire Leads,9 Million,3727.5346,2014,2,,,
Loanatik,9 Million,3692.351,2015,1,,,
SupportNinja,4.5 Million,3683.6824,2015,1,,,
Grove Collaborative,104.1 Million,3665.0612,2012,2,GROV,44836100.0,1.05
Cisoshare,3.9 Million,3623.0563,2015,1,,,
DigitalOnUS,10.4 Million,3534.7663,2015,2,,,
GForce Life Sciences,14.4 Million,3531.5913,2013,2,,,
Capitol Bridge,6.4 Million,3469.3889,2012,2,,,
Kentucky Counseling Center,4.9 Million,3417.6308,2014,1,,,
Shefit,6.6 Million,3399.5282,2013,2,,,
US Mobile,7.3 Million,3387.6552,2014,1,,,
Feedonomics,7.4 Million,3371.028,2014,1,,,
Amenity Health,15.3 Million,3357.7038,2011,1,,,
Payability,13.7 Million,3350.0091,2014,1,,,
Eagle Transport and Logistics,4.8 Million,3339.6237,2014,1,,,
ShipBob,34.2 Million,3325.7138,2014,1,,,
Powerhome Solar,102.9 Million,3307.1657,2015,2,,,
LendingOne,13.9 Million,3279.2231,2014,1,,,
OwnBackup,9 Million,3244.549,2015,1,,,
Invictus International Consulting,33 Million,3215.1141,2014,1,,,
Go Energistics,14.4 Million,3210.2557,2011,1,,,
Total Expert,11.1 Million,3205.607,2014,2,,,
BuzzyBooth,3.5 Million,3201.1488,2015,1,,,
Carolin Soldo Coaching & Events,3.9 Million,3178.6799,2015,1,,,
Cognira,7.6 Million,3135.6529,2015,1,,,
B3 Group,59.3 Million,3134.4692,2008,3,,,
Inspiranza Designs,4.7 Million,3099.3348,2005,2,,,
OnesourcePCS,7.8 Million,3051.3322,2002,1,,,
Cience Technologies,3.8 Million,3050.0025,2015,1,,,
Austin Cryo Ventures,5.1 Million,3031.4203,2015,1,,,
Sweet Loren's,6.4 Million,3026.3532,2010,1,,,
Copper,19 Million,3023.1328,2013,1,,,
5 Star Roofing and Restoration,3.3 Million,2994.2888,2015,1,,,
DigitalCrafts,3.1 Million,2957.353,2015,1,,,
LoadUp Technologies,3.7 Million,2938.5449,2014,1,,,
SkillSet Group,23.6 Million,2911.1746,2013,2,,,
Ally Logistics,25.8 Million,2872.1059,2012,1,,,
BAMFi,12.3 Million,2861.2369,2012,1,,,
Potoo,6.6 Million,2812.6796,2014,1,,,
Parsons Xtreme Golf,79 Million,2804.9504,2014,1,,,
Onfleet,3.5 Million,2795.4057,2012,1,,,
PatientPop,38.8 Million,2781.5682,2014,1,,,
Gravity IT Resources,4.7 Million,2773.5884,2015,1,,,
MedLab International,3.2 Million,2742.6432,2015,1,,,
Equity & Help,3.2 Million,2729.3507,2014,1,,,
Ridgeline International,30 Million,2728.9886,2015,1,,,
China Metal Solutions,3.1 Million,2704.9665,2015,1,,,
BlueSky Resource Solutions,6.7 Million,2696.6319,2013,1,,,
Centauri Health Solutions,84.8 Million,2694.3302,2014,1,,,
CellTrade NY,12.4 Million,2689.6148,2015,1,,,
Exabeam,38.8 Million,2678.5391,2013,2,,,
Kinsmen Group,4 Million,2668.0059,2015,1,,,
Owens Recovery Science,5.4 Million,2657.4127,2015,1,,,
WinIt,6.5 Million,2635.922,2014,1,,,
Techolution,9.8 Million,2633.9525,2014,1,,,
Solvix Solutions,20.4 Million,2623.9495,2013,2,,,
LoveBug Probiotics,3.1 Million,2620.7598,2015,1,,,
Nationwide Pharmaceutical,7.1 Million,2618.0195,2014,1,,,
Freedom Forever,101.1 Million,2603.3871,2013,2,,,
Alpha Omega Integration,25.1 Million,2596.3186,2010,2,,,
Arsenal Strength,4.7 Million,2578.6272,2014,1,,,
Capital Brand Group,3.5 Million,2564.3741,2013,1,,,
FedWriters,5.4 Million,2555.657,2010,2,,,
Sethmar Transportation,9.2 Million,2540.4145,1999,1,,,
Hyperion Partners,18.5 Million,2525.5636,2012,2,,,
Arcalea,2.8 Million,2514.3021,2015,1,,,
Haga Kommer,5.5 Million,2506.9262,2006,2,,,
Waggl,4.4 Million,2482.3452,2014,1,,,
Roman Roofing,21.8 Million,2482.1293,2015,1,,,
Akumina,4.4 Million,2474.5437,2011,1,,,
ShipMonk,28.4 Million,2470.116,2014,2,,,
BrillMedia.co,4 Million,2465.5724,2013,1,,,
Rocket Insights,13.6 Million,2417.9715,2015,1,,,
Tridant Solutions,3 Million,2415.7359,2005,2,,,
ESC Choice,20.6 Million,2412.1029,2009,8,,,
Nugget,3 Million,2391.8563,2014,1,,,
Octopi Brewing,4.9 Million,2383.9486,2014,1,,,
KnowBe4,72.3 Million,2370.3591,2010,4,,,
Kinect Solar,13.3 Million,2358.2483,2015,1,,,
ComplianceQuest,2.5 Million,2356.7776,2013,1,,,
DecisionPoint,15.9 Million,2354.4235,2011,1,,,
Bombas,100.8 Million,2345.0086,2013,2,,,
Jonas Paul Eyewear,3 Million,2339.9302,2013,1,,,
Tamimi Pharmacy,15.5 Million,2313.8369,2013,1,,,
Ad Hoc,53.1 Million,2305.0499,2014,1,,,
Valify,3.1 Million,2276.0888,2014,1,,,
Sapper Consulting,6.4 Million,2274.4095,2014,2,,,
Privy,3 Million,2262.8641,2012,1,,,
Scooch,5.7 Million,2248.4713,2015,1,,,
Monkedia,17.4 Million,2240.0028,2014,2,,,
UPshow,2.6 Million,2235.9439,2015,1,,,
CampusLogic,14.2 Million,2233.8331,2011,3,,,
PCC Cleaning and Maintenance,12 Million,2230.9276,2015,1,,,
Quirk Creative,3.3 Million,2205.1824,2015,1,,,
Tricopian,7 Million,2171.9647,2011,1,,,
Efficient Home Services of Florida,9.9 Million,2155.4069,2011,1,,,
Fitness Cubed,10.3 Million,2142.2695,2014,1,,,
Velox Media,3.1 Million,2142.0754,2007,1,,,
1Link Technology,4.6 Million,2138.2034,2014,1,,,
Quadrant Resource,12.8 Million,2122.6612,2004,2,,,
MyHealth,2.7 Million,2116.411,2015,1,,,
Velocity Global,85.8 Million,2112.1974,2014,2,,,
Oseth Group,5.4 Million,2107.0365,2015,1,,,
Koia,8.2 Million,2100.9602,2013,1,,,
Sifted,6.9 Million,2099.2097,2015,1,,,
PRx Performance,7.2 Million,2097.5285,2013,2,,,
Universal Yums,12.7 Million,2095.6151,2014,1,,,
Bridge Brothers,4.1 Million,2081.8945,2015,1,,,
Dynamic Systems Technology,24.7 Million,2077.0156,1995,4,,,
Supinf Technologies,4.5 Million,2076.8839,2009,1,,,
Davis Cargo,32.9 Million,2068.4929,2014,1,,,
Polaris Energy Services,2.2 Million,2047.1979,2014,1,,,
SetSchedule,3.6 Million,2037.4483,2014,1,,,
L2 Defense,20.8 Million,2037.0893,2012,3,,,
Motivosity,3.6 Million,2029.6606,2013,1,,,
Advoc8,14.3 Million,2026.9981,2015,1,,,
Real Plans,4 Million,2018.2299,2014,2,,,
Axiom Strategies,138.4 Million,2013.474,2005,1,,,
Midway Staffing,40.5 Million,2007.0456,2015,1,,,
Perfect Part,2.3 Million,2004.3858,2013,1,,,
Silverline Home Remodeling,2.2 Million,1996.5182,2014,1,,,
Maxim Zenwise Opco,37.5 Million,1987.4327,2014,1,,,
World Housing Solution,5.1 Million,1972.0257,2011,2,,,
City Ventures,113.5 Million,1967.9181,2013,2,,,
Web Presence,3.9 Million,1963.2293,2014,1,,,
Energy Earth,22.3 Million,1952.8258,2011,1,,,
Empowered Electric,3.6 Million,1944.0214,2015,1,,,
Bookkeeper Business Launch,4.4 Million,1939.8376,2015,1,,,
Noom,61.1 Million,1938.0352,2008,1,,,
Zenith Engineers,2.7 Million,1924.2817,2009,2,,,
Let's Make A Lead,4.1 Million,1918.6756,2014,1,,,
Momentum Solar,161.8 Million,1917.0019,2009,4,,,
Radius Networks,31.5 Million,1915.1007,2011,2,,,
Fattmerchant,4.5 Million,1914.7356,2014,1,,,
Infinium Group,3.5 Million,1905.462,2014,1,,,
Memory.net,18.7 Million,1901.165,2000,1,,,
FactoryPure,6.1 Million,1882.7744,2013,1,,,
Untappd,10 Million,1882.0257,2010,3,,,
MikMak,2.7 Million,1877.5153,2015,1,,,
Fusion Recruiting Labs,7.7 Million,1851.6306,2015,1,,,
Office Libations,4.5 Million,1843.5572,2014,1,,,
Broker Online Exchange,8.2 Million,1838.3239,2013,1,,,
ODL Services,6.6 Million,1820.781,2012,2,,,
Platinum Health,10.7 Million,1813.5417,2014,1,,,
Avelead,7.2 Million,1808.729,2014,2,,,
CMG-Midwest,2.6 Million,1802.2541,2012,1,,,
Quince Orchard Psychotherapy,2.9 Million,1797.1431,2015,1,,,
RedShelf,46.2 Million,1797.0416,2012,2,,,
TransAmerica Express Logistics,120.5 Million,1795.6922,2015,1,,,
Flipcause,4.7 Million,1792.335,2012,1,,,
Simply NUC,12 Million,1790.0996,2015,1,,,
Virtual Machine Solutions,2.3 Million,1789.8022,2014,1,,,
Gateway Genomics,4.3 Million,1786.4145,2014,1,,,
Strativia,11.1 Million,1781.0661,2007,1,,,
ClockShark,3.6 Million,1775.3905,2014,1,,,
TriFold,7.3 Million,1765.6791,2013,1,,,
Energy Ogre,6.3 Million,1763.0807,2013,1,,,
D. Ott Construction,3.3 Million,1759.1475,2015,1,,,
Medisuite,2.1 Million,1738.1728,2013,1,,,
MYTA Technologies,5.3 Million,1733.9362,2014,1,,,
Deal Partners,26.3 Million,1732.6297,2012,3,,,
Tier4 Group,4.6 Million,1729.3981,2010,1,,,
IES,13.4 Million,1726.7615,2014,1,,,
ResiCap,467.4 Million,1723.8604,2010,2,,,
Transcend Security Solutions,8.3 Million,1713.4616,2014,1,,,
GlobalTex USA,2.3 Million,1710.2375,2015,1,,,
Vespa Group,4.4 Million,1702.6456,2014,1,,,
Bridgewater Homes,46.2 Million,1700.1602,2015,2,,,
Park Financial Group,7.4 Million,1699.3732,2015,1,,,
Chronovo,3.7 Million,1692.6066,2014,1,,,
Maverick Media Ventures,3.1 Million,1692.6046,2014,1,,,
Kortx,10.5 Million,1685.8634,2014,1,,,
Bawla Consulting,10.1 Million,1681.6204,2014,1,,,
Pawstruck,8.8 Million,1677.2331,2014,2,,,
Blue Raven Solar,58.8 Million,1672.8297,2014,1,,,
Woom Bikes USA,7.2 Million,1666.4879,2014,1,,,
Mixt Solutions,3.7 Million,1661.7406,2014,1,,,
ThrivePass,4.2 Million,1653.9969,2015,1,,,
Premier Health Solutions,8.5 Million,1653.441,2012,1,,,
Impact Analytics,4.7 Million,1651.5508,2014,2,,,
Hemper,4.5 Million,1650.6419,2015,1,,,
Intermex,2.6 Million,1650.1408,2015,1,,,
PatientBond,2.2 Million,1648.4583,2011,1,,,
Ginn Group,71.6 Million,1636.3737,2009,1,,,
PANTHERX Rare,726.1 Million,1634.6901,2011,4,,,
Factorial Digital,2.7 Million,1627.4742,2015,1,,,
T-Rex Solutions,259.4 Million,1621.7206,1999,4,,,
Toops,7.7 Million,1621.3485,2015,1,,,
InfuseMedia,8.6 Million,1609.4897,2012,2,,,
Teachable,14 Million,1606.1159,2014,1,,,
Squadhelp.com,3 Million,1600.7611,2011,2,,,
Take2 Consulting,18.4 Million,1600.2495,2014,1,,,
Epion Health,4.1 Million,1599.4678,2011,1,,,
Gotcha Media Holdings,8.4 Million,1572.0504,2009,2,,,
Kyzen Consulting Services,5.5 Million,1569.6045,1999,4,,,
CheckedUp,5.2 Million,1567.7859,2012,2,,,
Cultivate Advisors,3.4 Million,1558.2846,2013,1,,,
Advisors Education,2.3 Million,1554.4394,2011,1,,,
Recleim,40.9 Million,1553.7539,2012,3,,,
Maddox Industrial Transformer,13.7 Million,1553.3569,2015,1,,,
Mako Medical Laboratories,93.9 Million,1549.3843,2014,1,,,
Alert Media,4.9 Million,1549.2845,2013,1,,,
Southern Veterinary Partners,113.5 Million,1545.2613,2014,2,,,
Flexicrew Technical Services,2.7 Million,1541.2816,2015,1,,,
Texas Beauty Labs,9.1 Million,1539.2442,2007,2,,,
Scientist.com,97.4 Million,1522.1528,2007,3,,,
Hennessey Consulting,2.6 Million,1521.8605,2015,1,,,
Meleeo,6.1 Million,1519.3447,2015,1,,,
SNA International,9.8 Million,1517.8234,2002,1,,,
Staymobile,20.8 Million,1515.7374,2014,1,,,
Amani Enterprises,3.6 Million,1515.61,2015,1,,,
Privateer IT,2.2 Million,1514.6812,2014,1,,,
Discuss.io,6.3 Million,1508.6474,2012,2,,,
Dollar Fulfillment,9.1 Million,1507.9687,2008,3,,,
Domino Data Lab,11.8 Million,1505.6426,2013,1,,,
LYFE Marketing,3.2 Million,1501.0992,2011,1,,,
Alivi,14.1 Million,1496.3723,2012,1,,,
EETech Media,6.6 Million,1493.1967,2015,1,,,
Gravis Law,2.7 Million,1488.4058,2014,1,,,
Cousins Logistics,47.1 Million,1487.4149,2014,1,,,
Position2,65.2 Million,1482.0707,2005,2,,,
BentoBox CMS,4.4 Million,1480.2849,2013,1,,,
Symbol Health Solutions,76.9 Million,1472.3901,2012,1,,,
Crisp Video Group,16.1 Million,1469.7828,2012,3,,,
Sand Cloud,6.8 Million,1469.3517,2014,1,,,
Wrapify,2.9 Million,1468.3845,2015,1,,,
Iuvo Logistics,3.4 Million,1467.1741,2012,1,,,
Group 10 Capital,5.8 Million,1464.4641,2014,1,,,
Basemakers,3.2 Million,1460.6844,2015,1,,,
Tossware,5.3 Million,1458.0882,2014,1,,,
360ia,2 Million,1455.2822,2015,1,,,
NextGen Leads,35.7 Million,1454.4017,2014,1,,,
ColtonCooper,9.9 Million,1449.1161,2015,1,,,
HANDLE,2.3 Million,1447.5149,2015,1,,,
BestSelf Ventures,5.8 Million,1444.5616,2015,1,,,
TazKai,2.8 Million,1444.146,2014,1,,,
Cumulus Networks,25.1 Million,1437.6078,2010,1,,,
OppLoans,134.2 Million,1434.9543,2012,4,,,
Common Thread Collective,5 Million,1433.9761,2014,2,,,
Cloudbeds,8.2 Million,1426.4898,2012,2,,,
Vested Metals International,2.6 Million,1423.6886,2014,1,,,
Platt Cheema Richmond,2.3 Million,1423.4909,2015,1,,,
Revelry,3.8 Million,1423.4062,2009,1,,,
QOS Networks,6.8 Million,1417.8894,2012,1,,,
Koddi,27.3 Million,1408.6405,2013,2,,,
Change Media Group,9.7 Million,1408.0842,2012,1,,,
BLDG-25,2.9 Million,1407.5846,2015,1,,,
Dropoff,16.2 Million,1405.9213,2014,1,,,
Modavate,2 Million,1405.0606,2007,1,,,
Arcus Financial Intelligence,3.4 Million,1404.0037,2013,1,,,
Digital Resource,4 Million,1399.7156,2014,2,,,
Girikon,2.8 Million,1398.2576,2015,1,,,
Liberty Rent Guarantee,2.2 Million,1386.454,2014,1,,,
Inflowlogistics,3.7 Million,1385.4507,2014,1,,,
Pymetrics,5.7 Million,1379.7109,2013,1,,,
Madewell Construction,6 Million,1373.0107,2014,1,,,
Power Target,2 Million,1358.9993,2011,1,,,
Bidwise,2.2 Million,1354.314,2015,1,,,
Wavicle Data Solutions,12.4 Million,1347.2415,2013,1,,,
Red Seat Ventures,4.3 Million,1344.2615,2015,1,,,
reCommerce,33.8 Million,1332.9945,2013,2,,,
Design Pickle,7.2 Million,1329.1787,2015,1,,,
Hyperice,64.3 Million,1327.8114,2010,4,,,
Synfiny Advisors,2.7 Million,1326.3002,2014,1,,,
MNS1 Express,29.1 Million,1323.2632,2011,1,,,
TomboyX,10.4 Million,1316.5718,2013,2,,,
ShopPad,2.3 Million,1313.9536,2012,1,,,
Carta,35.3 Million,1301.7557,2012,2,,,
SnackNation,24.2 Million,1293.0075,2014,2,,,
Staffing as a Mission,5.7 Million,1291.1366,2014,1,,,
Azure Knowledge,19.7 Million,1287.5316,2010,2,,,
Element78 Partners,2.9 Million,1282.6274,2015,1,,,
inVibe Labs,2.3 Million,1281.6939,2013,1,,,
SimpleNexus,8 Million,1279.3186,2014,2,,,
The Language Group,8.1 Million,1278.5516,1999,3,,,
Green Bits,5.9 Million,1275.5934,2014,1,,,
M2M In Motion,2.1 Million,1270.6676,2013,1,,,
AdFicient,5.9 Million,1264.9067,2009,1,,,
Raddish Kids,8.8 Million,1255.0319,2014,1,,,
Titan Mechanical,16 Million,1254.748,2014,1,,,
NanaMacs Clothing,12 Million,1252.8198,2012,3,,,
Perimeter Security Partners,15.3 Million,1248.1118,2014,1,,,
LYNC Logistics,28 Million,1247.5149,2014,1,,,
Cox Residential,2.6 Million,1240.6025,2013,1,,,
Stealth-ISS Group,2.6 Million,1240.5595,2002,2,,,
Seeq Corporation,3.1 Million,1240.3105,2013,1,,,
M7 Services,4.7 Million,1237.9324,2014,1,,,
Healthy Human,2.7 Million,1232.4509,2015,1,,,
Professional Hair Labs,6.4 Million,1231.4356,1994,1,,,
Strategic Alliance Business Group,21.7 Million,1228.9271,2005,2,,,
Synup,3.4 Million,1226.6247,2014,1,,,
First Stop Health,4 Million,1226.2361,2011,2,,,
BoxyCharm,137.2 Million,1225.5509,2013,2,,,
WearMe Pro,3.8 Million,1220.8084,2014,1,,,
Vidoori,31.4 Million,1220.194,2008,1,,,
Stackify,2 Million,1216.3501,2012,1,,,
XY - The Persistent Company,21.6 Million,1210.2205,2012,1,,,
Dental Intelligence,7 Million,1203.7642,2015,1,,,
PowerInbox,30.8 Million,1202.6661,2011,2,,,
SimpleTire,255.9 Million,1200.9092,2012,2,,,
Creative State Marketing,6.2 Million,1197.5855,2014,1,,,
UrbanStems,12.8 Million,1192.4063,2014,1,,,
GCubed Enterprises,5.1 Million,1191.9137,2014,1,,,
VideoAmp,19.5 Million,1190.6533,2014,1,,,
SweetScience Marketing,2.5 Million,1186.6111,2014,1,,,
Rented.com,4.8 Million,1183.9145,2013,1,,,
Lakarya,2.9 Million,1180.3138,2013,1,,,
Cosset,4.6 Million,1168.8845,2014,1,,,
Tomahawk Strategic Solutions,2.8 Million,1168.2828,2014,1,,,
Della Infotech,4.7 Million,1165.5448,2012,2,,,
Realvolve,2 Million,1163.9585,2014,1,,,
Edvenswa Tech,2.9 Million,1156.826,2012,1,,,
UpNest,10.1 Million,1152.1347,2013,2,,,
Double Wood,6.9 Million,1147.2142,2013,1,,,
Van Law Firm,3 Million,1146.9909,2012,1,,,
Mobile Text Alerts,2.8 Million,1144.3394,2012,1,,,
Apogee Stores,5.4 Million,1141.9407,2014,1,,,
New Credit America,15.4 Million,1141.8701,2014,1,,,
Bore Tech Utilities,9.5 Million,1137.2337,2011,2,,,
Anna Marie Events,4.1 Million,1135.5552,2012,1,,,
Pattern,211.2 Million,1133.4248,2013,1,,,
Advanced Operations Partners,24 Million,1130.9366,2005,1,,,
Newline Interactive,32.7 Million,1127.9388,2012,3,,,
Groove.co,3.6 Million,1120.9253,2014,1,,,
G2,21.5 Million,1115.2386,2012,1,,,
Lean Staffing Solutions,5.6 Million,1113.4907,2008,1,,,
Vigene Biosciences,11.6 Million,1111.7853,2012,2,,,
Pitisci & Associates,8.8 Million,1110.7164,2014,1,,,
CouponCause.com,7.1 Million,1107.6734,2013,1,,,
Arrive Logistics,368.6 Million,1107.0864,2014,1,,,
Integrity Cargo Solutions,5.5 Million,1106.5666,2012,1,,,
Wireless Everywhere,2.8 Million,1103.3244,2015,1,,,
AudienceX,14 Million,1103.0117,2008,1,,,
SOCi,8.8 Million,1097.3859,2010,2,,,
Advanced Architectural Products,15.8 Million,1095.0865,2014,1,,,
Proper Media,35.9 Million,1093.3815,2014,2,,,
Dispatch Technologies,7 Million,1093.3466,2012,1,,,
Kisi Security,2.8 Million,1093.325,2012,2,,,
BridgeTech,2 Million,1091.1066,2014,1,,,
Boomerang Transportation,6.9 Million,1086.4821,2014,1,,,
E&M Technologies,9.8 Million,1083.1819,2005,1,,,
Advertise Purple,6.5 Million,1074.5554,2012,2,,,
Spike Brewing Equipment,5.4 Million,1073.5922,2011,1,,,
Pathway Vet Alliance,374.2 Million,1064.536,2003,2,,,
Bailey's Blossoms,5.9 Million,1056.2826,2013,2,,,
Simple Technology Solutions,5.2 Million,1052.2937,2013,1,,,
SkyRun Breckenridge,4.3 Million,1047.1781,2009,1,,,
Clean Juice,4.9 Million,1046.9939,2015,1,,,
InGenius Prep,8.6 Million,1046.8096,2013,2,,,
Aysco Technology Integration,20.4 Million,1045.6964,1988,1,,,
Kenna Security,13.2 Million,1044.9641,2011,1,,,
CarLotz,38.5 Million,1043.8893,2011,2,,,
Assured Consulting Solutions,21.3 Million,1043.6166,2011,2,,,
The Garrett Companies,67.8 Million,1043.2461,2009,4,,,
Era Transport,10.1 Million,1041.7625,2013,2,,,
M-Communications,20.8 Million,1040.1937,2011,1,,,
ClickFunnels,94.6 Million,1034.8425,2014,2,,,
BCM London,2.4 Million,1033.3863,2007,1,,,
Uptime,15.9 Million,1031.4816,1985,2,,,
Competitive Range Solutions,12.7 Million,1031.0775,2011,1,,,
Real Broker,8.9 Million,1030.5074,2014,1,,,
Buhler Commercial,4.1 Million,1022.9622,2015,1,,,
Trailhead Marketing,3 Million,1021.1287,2013,1,,,
Factor 75,22.3 Million,1018.1919,2013,3,,,
Algolia,31.4 Million,1014.7548,2012,2,,,
Midway Dental Supply,74.3 Million,1013.1064,1984,4,,,
eAudit,3.9 Million,1006.828,2013,1,,,
Panagora Group,5.9 Million,1002.4813,2010,1,,,
MCI,45.1 Million,1002.0532,2015,1,,,
Abrams Realty,2.7 Million,1001.6224,2014,2,,,
Pelican Waste & Debris,18.6 Million,998.0293,2013,2,,,
Gametime,159.7 Million,996.0228,2013,3,,,
Morning Lavender,4.4 Million,992.6647,2014,2,,,
Keypath Education,29.8 Million,987.1937,2014,1,,,
Thigo International,3.6 Million,987.0424,2011,1,,,
Saved By The Dress,11.3 Million,986.3578,2013,2,,,
Starc Systems,7.8 Million,983.4521,2015,1,,,
Angel Heart Boutique,2.8 Million,980.628,2015,1,,,
ARM Consulting,3.2 Million,976.7611,2005,2,,,
Chacka Marketing,18.8 Million,971.014,2009,3,,,
MapleMark Bank,7.5 Million,967.5713,1909,1,,,
Vonlane,14.2 Million,967.2683,2013,1,,,
Prosper Group,17.4 Million,966.4424,2006,1,,,
Point3 Security,5.8 Million,966.1704,2014,1,,,
Directive,4.5 Million,965.3391,2014,1,,,
Alkami Technology,52.3 Million,957.6592,2009,3,ALKT,1429814272.0,13.37
QuickBox Fulfillment,40 Million,957.0621,2009,1,,,
SandsRx,42.9 Million,956.4093,2013,1,,,
The Building People,11.6 Million,955.4026,2012,2,,,
The SnapBar,2 Million,947.212,2012,1,,,
FitSmallBusiness.com,7.1 Million,946.607,2011,2,,,
Powerful Professionals,2 Million,935.0348,2001,1,,,
Probo Medical,30.1 Million,926.8953,2014,1,,,
Spotio,3 Million,924.4441,2014,1,,,
Prime Meridian Capital Management,7.7 Million,922.4978,2012,2,,,
Fox Dealer,22.1 Million,916.0994,2013,2,,,
Kubikware,2.5 Million,916.067,2003,1,,,
Rocket Referrals,2.3 Million,913.7351,2013,1,,,
Bonusly,2.5 Million,912.0135,2013,1,,,
Trident Transport,31.3 Million,910.9692,2013,2,,,
The Fila Group,3.5 Million,904.6206,2004,2,,,
Seaman's Beverage and Logistics,7.2 Million,904.3711,2013,2,,,
ServiceTitan,59.4 Million,903.1891,2012,1,TTAN,6127641088.0,63.52
BlueWave Solar,78.6 Million,902.2013,2010,3,,,
Resource Financial,11.4 Million,900.6956,2015,2,,,
Saprex,5.4 Million,900.4613,2009,2,,,
Simple Energy,45.4 Million,896.6761,2011,2,,,
New Energy Equity,52.4 Million,895.3273,2013,1,,,
Vedder Holsters,5.4 Million,894.6812,2012,2,,,
FloWater,5.3 Million,893.627,2013,1,,,
Vaughan Buckley Construction,18.4 Million,890.8946,2009,3,,,
Acacia Counseling & Wellness,2.2 Million,889.6434,2014,1,,,
Every Door Real Estate,2.9 Million,886.8411,2015,1,,,
Thought Logic Consulting,21.3 Million,871.3972,2013,3,,,
PBG Consulting,5.1 Million,870.5457,2010,1,,,
Sarvicus,4.9 Million,870.4774,2010,1,,,
Universal Processing,8 Million,869.749,2003,1,,,
The Apella Group,12.3 Million,868.61,2005,1,,,
Lemonaid Health,4.7 Million,868.2749,2014,1,,,
Coulee Techlink,3.5 Million,865.7977,2008,1,,,
Transform Group,8.5 Million,864.7947,2015,1,,,
JP Ecommerce,18.1 Million,864.2981,2008,3,,,
Hardcore Fitness Boot Camp,9 Million,863.2357,2007,3,,,
cellhelmet,10.7 Million,861.2496,2011,3,,,
Conga,84.3 Million,857.5312,2006,2,,,
Blast Tech,10.3 Million,856.8278,2015,1,,,
LoanPaymentPro,2.1 Million,855.3665,2011,1,,,
Admera Health,16.2 Million,854.5555,2014,1,,,
Professional Realty Services International,27.2 Million,854.0844,2005,4,,,
Social Sparkling Wine,2.2 Million,852.856,2013,1,,,
TicketSauce.com,2.4 Million,852.2349,2014,1,,,
ProSource360 Consulting Services,8.7 Million,850.2422,2011,1,,,
Spinnaker Consulting Group,6.1 Million,850.1989,2012,1,,,
Maxx Builders and Designers,16.3 Million,847.9453,2009,3,,,
Vape Guys,3.8 Million,845.4617,2015,1,,,
Y-Tech,12.6 Million,844.4332,2005,2,,,
Silver Trucking,9.7 Million,843.0976,2014,1,,,
Linux Academy,21.3 Million,842.3905,2012,3,,,
Spartan Armor Systems,6.6 Million,837.0901,2012,2,,,
Mainsail Group,2.5 Million,836.2412,2013,1,,,
Baybridge Pharmacy Corp,17.5 Million,833.8577,2015,1,,,
Quantico Tactical,492.5 Million,831.3181,2001,2,,,
Knewsales Group,6 Million,829.6204,2013,1,,,
Beauty Bakerie Cosmetics Brand,4.5 Million,828.265,2011,1,,,
Two Bulls,9.5 Million,828.0315,2009,2,,,
Nickel & Suede,4.8 Million,827.665,2014,2,,,
Teknismart Solutions,3 Million,825.9947,2012,1,,,
Sprout School Supplies,2.2 Million,823.9295,2014,1,,,
Kuli Kuli Foods,4.5 Million,819.8336,2014,2,,,
LifeHealth,15.3 Million,818.4313,2004,3,,,
Peaxy,2.9 Million,817.2645,2012,2,,,
Private Label Extensions,7.9 Million,816.7485,2013,2,,,
Retail Service Systems,53.5 Million,816.4544,2013,2,,,
Icon Building Supplies,13.6 Million,816.3923,2013,1,,,
Prime Technical Services,19 Million,815.7022,2014,1,,,
Hyper Networks,4.7 Million,815.1515,2014,1,,,
Out of the Box Technology,2.4 Million,814.314,2010,1,,,
Aldevra,8.1 Million,813.0647,2009,2,,,
Native Digital,2 Million,812.0061,2015,1,,,
Karya Property Management,171.8 Million,810.9293,2014,2,,,
Full Circle Brands,31.6 Million,810.5992,2009,6,,,
Harbor Compliance,8.2 Million,810.3435,2012,2,,,
LEDMyplace.com,7.3 Million,809.8897,2014,1,,,
NEXgistics,6.2 Million,809.7795,2014,1,,,
Concourse Federal Group,10.7 Million,809.2415,2009,2,,,
Elite Insurance Partners,5.5 Million,808.5248,2014,2,,,
SBGA,37.6 Million,808.4809,2013,2,,,
Pentwater Furnishing,7.5 Million,807.7741,2014,1,,,
BayInfotech,11 Million,805.0741,2011,2,,,
XY Planning Network,5.3 Million,803.9375,2014,2,,,
Gymguyz,6 Million,801.4483,2008,2,,,
Steward Construction Services,10.7 Million,800.5729,2014,1,,,
Fusion,9.2 Million,800.3857,2006,3,,,
PositivePsyche.Biz Corp,2.2 Million,797.3351,2008,1,,,
GridGain Systems,12.6 Million,797.0859,2007,3,,,
Levvel,27.4 Million,794.1834,2014,2,,,
Employdrive,2 Million,794.0045,2009,1,,,
BairesDev,17.2 Million,791.5612,2009,1,,,
TripleLift,138.5 Million,790.1498,2012,3,,,
Digital Hyve,6.9 Million,786.7496,2014,2,,,
Printful,77.4 Million,785.5059,2013,1,,,
Ashley Black Guru,16.7 Million,784.2647,2014,1,,,
Phoenix Operations Group,8.9 Million,783.7476,2011,2,,,
Talk IQ Media,2.8 Million,777.7151,2014,1,,,
GovernmentCIO,70.7 Million,775.735,2010,2,,,
Draken International,46.4 Million,775.2988,2011,3,,,
Tierra Encantada,5 Million,773.746,2013,1,,,
The Digital Ring,3.7 Million,773.5206,2015,1,,,
FNEX,17.5 Million,771.864,2012,1,,,
Elite Transit Solutions,41.9 Million,771.0028,2013,1,,,
Nexus Pharmaceuticals,79.6 Million,769.6174,2003,1,,,
Dynamo Technologies,16.4 Million,768.6774,2012,3,,,
Dignari,12.5 Million,767.8871,2013,2,,,
All-Pro Electric,37.3 Million,767.4339,2012,1,,,
Alphacore,4.6 Million,766.8987,2012,2,,,
Breakthrough Physical Therapy Marketing,7 Million,764.9423,2014,1,,,
Kingsview Partners,10 Million,763.6905,2008,2,,,
GlobalPro Recovery,6.1 Million,762.6133,2012,1,,,
FreeAlliance.com,17.1 Million,758.8236,2001,3,,,
HealthCare.com,45.5 Million,758.5547,2011,4,,,
Ansley Operating Holding Company,21.8 Million,758.4798,2015,2,,,
Blue Marble Payroll,3.6 Million,758.1191,2013,1,,,
Green Powered Technology,2.5 Million,756.4864,2010,2,,,
Conversion Logix,18.8 Million,754.7579,2010,4,,,
Jay Morrison Academy,3.7 Million,754.6554,2014,2,,,
Anson Belt,4.1 Million,754.359,2009,2,,,
Braeden Engineering,3.4 Million,754.0266,2008,1,,,
Social Fulcrum,13 Million,751.2444,2010,3,,,
Trinity Technology Partners,16.9 Million,750.8813,2008,3,,,
Vetnique Pet Products,6 Million,750.337,2011,2,,,
JBK Wellness Labs,5 Million,749.8904,2012,1,,,
cloudIT,5.3 Million,746.8866,2015,1,,,
The Shredder + MedShred,2 Million,746.0399,2011,1,,,
Tranont,14.9 Million,743.5849,2013,2,,,
Nyla Technology Solutions,4 Million,742.7843,2013,1,,,
Azazie,44 Million,741.239,2014,1,,,
Vuesol Technologies,6 Million,740.0504,2015,1,,,
Black Spectacles,3.4 Million,738.5102,2012,1,,,
Tractleads,2.4 Million,736.8569,2010,1,,,
HealthFlex Home Health Services,10.9 Million,736.0603,2012,2,,,
Fieldwork Brewing Company,14.8 Million,735.7938,2014,1,,,
Chewy,3.5 Billion,735.5436,2011,1,CHWY,7339191808.0,18.26
Chloeta,6 Million,733.915,2009,2,,,
Enshored,3.5 Million,733.3704,2014,1,,,
Ingrain Construction,2.9 Million,732.8446,2012,2,,,
eduPresent,6.3 Million,732.623,2009,3,,,
Sendlane,2.9 Million,732.344,2013,1,,,
Simply Nutrition,9.2 Million,729.286,2012,1,,,
MobiChord,5.8 Million,729.1178,2014,1,,,
Interim HealthCare,2.2 Million,722.2024,2014,1,,,
Fundera,15.6 Million,720.4708,2013,2,,,
AdvisoryCloud,27.6 Million,712.9805,2012,1,,,
Merchology,36.5 Million,711.9979,2013,2,,,
Cintel,2.9 Million,710.8545,2013,2,,,
Fletcher Construction,5.9 Million,710.8437,2013,2,,,
TechAnax,29.7 Million,709.8937,2012,3,,,
Green Street Power Partners,29.6 Million,708.7952,2014,1,,,
Evergreen Market,22.9 Million,708.6687,1995,1,,,
Mohawk Group Holdings,73.3 Million,707.0403,2014,1,,,
Nav,10.3 Million,706.2002,2012,3,,,
ERP Global,7.2 Million,704.6819,2011,3,,,
Saligram Systems,5.5 Million,704.3524,2007,2,,,
Smart Roofs Solar,5.7 Million,703.5264,2013,1,,,
BOS Security,7.3 Million,702.1886,1993,5,,,
Bustle Digital Group,75.3 Million,700.3953,2013,2,,,
Alchemy 365,3.1 Million,700.02,2014,1,,,
WheelHouse Solutions,2.7 Million,699.5193,2000,1,,,
Pearson Smith Realty,49.1 Million,698.5029,2014,1,,,
Zennify,9 Million,698.2601,2013,1,,,
5Q Partners,6.4 Million,697.9525,2014,2,,,
Vcheck Global,6.4 Million,696.8762,2013,2,,,
Zolli Candy,2.2 Million,696.4988,2013,1,,,
Innowave Marketing Group,9.5 Million,695.0535,2012,2,,,
CMR Construction & Roofing,78.5 Million,693.5948,2002,4,,,
Strategic Digital Services,2.3 Million,692.2933,2014,1,,,
Kettlebell Kings,2 Million,692.0391,2013,1,,,
Rebbl,22.8 Million,692.0203,2011,2,,,
Thinx,39.4 Million,690.7991,2014,2,,,
BottleKeeper,13.6 Million,690.1871,2013,1,,,
Standard Freight,13.4 Million,689.5457,2014,1,,,
BMNT Partners,8 Million,688.361,2011,2,,,
Driftless Glen Distillery,2.6 Million,685.1916,2014,2,,,
CustomPictureFrames.com,5.5 Million,684.8596,2015,1,,,
Agillitics,2.4 Million,684.7804,2014,1,,,
Nivid Infotech,4.1 Million,682.8783,2012,2,,,
UrbanBCN Worldwide,5.5 Million,681.5746,2013,1,,,
Maggie Louise Confections,4 Million,681.5508,2014,2,,,
Willy's,2.9 Million,679.3988,2006,1,,,
Quicksilver Scientific,22.3 Million,674.936,2005,1,,,
Directional Services,70 Million,674.378,2005,1,,,
NexusTek,93.2 Million,670.6085,1996,3,,,
NativePath,27.2 Million,670.4314,2013,4,,,
Eagle Pipe,273.7 Million,670.0538,2013,2,,,
o9 Solutions,31.5 Million,668.8791,2009,2,,,
SH Mechanical,2.2 Million,667.809,2009,1,,,
GeistM,62 Million,666.0514,2013,2,,,
Coherent Staffing Solutions,2.5 Million,664.3395,2014,1,,,
GrandView Aviation,12.1 Million,662.3246,2014,2,,,
CTW Group,33.6 Million,660.9192,2012,2,,,
ORC Utility & Infrastructure Land Services,37.1 Million,659.9843,2010,1,,,
Satelles,5 Million,658.2401,2007,1,,,
Apex Dental Partners,17.6 Million,656.019,2014,1,,,
OneStream Software,88.3 Million,656.0051,2009,4,,,
National Insurance Consulting Group,2.1 Million,655.2979,2014,1,,,
Solvegy,2.7 Million,654.9891,2014,1,,,
Spruce InfoTech,6.6 Million,654.8174,2011,3,,,
Smart City Locating,13.2 Million,652.8816,2013,1,,,
The Cabana Group,2.6 Million,651.506,2008,1,,,
Ideal Concepts,14.1 Million,650.6178,2005,3,,,
VividCortex,5.2 Million,650.2966,2012,2,,,
Green Threads,2.3 Million,648.0427,2014,1,,,
C Evans Consulting,2.1 Million,646.9463,2015,1,,,
Village Realty,5.2 Million,643.6674,2014,1,,,
Be Social,6.3 Million,643.6019,2011,2,,,
Incorporate Massage,2.5 Million,643.5607,2014,1,,,
SHR Consulting Group,14.9 Million,642.69,2012,2,,,
Insticator,8.9 Million,642.6034,2012,2,,,
Ardent Pest Control,4.2 Million,641.676,2013,2,,,
Relief Factor,17.3 Million,640.4693,2015,1,,,
Aura Financial Corporation,49.4 Million,640.11,2012,1,,,
Emerald Pools and Spas,5.6 Million,640.0011,2000,1,,,
Vydia,14.2 Million,635.9242,2013,3,,,
Emergent Method,8.3 Million,634.9273,2012,2,,,
MBCO Engineering.,3 Million,634.1945,2015,1,,,
ConcealFab Corporation,13.7 Million,633.9547,2007,1,,,
CapStone Technologies,12.4 Million,633.1393,1999,2,,,
Evolution Event Solutions,4.9 Million,631.9012,2012,2,,,
Patient Care Coordination,4.2 Million,630.8158,2014,1,,,
Sun Mountain,6.6 Million,630.4217,2014,1,,,
ChromebookParts.com,9.2 Million,627.0586,2014,2,,,
Ad Victoriam Solutions,7.7 Million,626.1064,2014,1,,,
Acliviti,4.8 Million,625.8506,2015,1,,,
Talent Solvers,2.2 Million,625.7839,2014,1,,,
Retention Science (ReSci),9.9 Million,625.2177,2013,2,,,
Hotel Rehabs,13.9 Million,623.8479,2010,2,,,
Ibotta,157.1 Million,623.298,2012,2,IBTA,912086080.0,39.27
Foundation Software Group,2.9 Million,623.1472,2011,1,,,
CanSource,18.5 Million,622.0139,2012,3,,,
MedTrust Medical Transport,12.1 Million,621.6625,2012,2,,,
123 Home Care,16.7 Million,620.9226,2013,2,,,
Spark.Orange,2 Million,620.9103,2013,1,,,
LeaseAccelerator,23.6 Million,619.7125,2003,1,,,
Zoom Video Communications,151.5 Million,619.2346,2011,1,,,
Xcaliber Solutions,9.6 Million,617.4562,2009,5,,,
Piano,11.3 Million,617.1164,2010,2,,,
PresPro Homes,9 Million,616.911,2009,3,,,
Kruze Consulting,5.5 Million,616.8831,2012,2,,,
The Auto Cave,18.6 Million,616.163,2014,2,,,
Funworks,6 Million,614.2655,2015,1,,,
Sevan Multi-Site Solutions,101.3 Million,613.4372,2011,2,,,
Qubole,30.8 Million,613.1126,2011,3,,,
Gather Workspaces,2.2 Million,613.1076,2014,1,,,
Ohio Cashflow,3.6 Million,612.2378,2014,2,,,
VSA,4.6 Million,611.8038,2001,2,,,
Stadiumred Group,4.1 Million,611.1638,2007,1,,,
Acuity Surgical,8.8 Million,607.5716,2014,2,,,
Evans Industrial,5.5 Million,607.3219,2008,1,,,
Mi-One Brands,18.3 Million,607.3195,2009,4,,,
Gather,8.6 Million,605.6463,2013,2,,,
Option Alpha,3.8 Million,604.6592,2014,2,,,
FP Property Restoration,12.4 Million,604.3646,2011,1,,,
Y7 Studio,9.8 Million,604.2738,2013,2,,,
Empire Flippers,33.1 Million,603.8443,2012,4,,,
Crossflow Technologies,2.9 Million,603.3209,2012,1,,,
Transworld Business Advisors - Rocky Mountain,3.5 Million,601.674,2013,2,,,
Steward Partners Global Advisory,66.6 Million,600.9966,2013,2,,,
AppsFlyer,92.7 Million,599.3967,2011,1,,,
Ruby Has Fulfillment,23.7 Million,599.2022,2011,4,,,
Freed Marcroft,2 Million,597.794,2012,1,,,
Broadleaf,14.4 Million,597.6837,2009,2,,,
Reduce,32.6 Million,595.7518,2006,3,,,
My Home Group Real Estate,73.2 Million,592.5189,2005,5,,,
100% Chiropractic,2.2 Million,592.2872,2004,1,,,
Media Creek,2.3 Million,592.0645,2009,1,,,
Snap! Mobile,30.2 Million,591.6533,2014,1,,,
Avionos,12.9 Million,591.6255,2014,1,,,
STRATIS IoT,3.9 Million,591.5385,2013,2,,,
HookBang,2.5 Million,590.3816,2012,2,,,
ExcelHealth,6.9 Million,587.4915,2009,2,,,
Blue Air Training,11.1 Million,587.3638,2011,3,,,
Katydid,4.5 Million,587.1082,2004,3,,,
JLE Industries,48.7 Million,586.8568,2012,1,,,
Kipsu,6.1 Million,586.6863,2011,2,,,
Urban Capital Group,4.2 Million,586.1493,2015,1,,,
Garage Champs,2.2 Million,583.9346,2012,1,,,
Epic Personnel Partners,17.8 Million,583.4692,2013,1,,,
Wayne Contracting,2.8 Million,582.8266,2014,1,,,
K2 Dental Arts,4.1 Million,581.3606,2013,2,,,
V3Gate,225.8 Million,581.2994,2007,4,,,
Visiture,5.7 Million,579.3544,2008,3,,,
RevUnit,15.2 Million,579.237,2012,3,,,
CME Lending Group,2.3 Million,578.4348,2014,1,,,
Cira Infotech,11.4 Million,576.9654,2005,3,,,
Tallgrass Freight,28.6 Million,576.2506,2012,3,,,
Anchor Loans,129.6 Million,575.705,1998,2,,,
Springbot,9.3 Million,573.113,2012,2,,,
Forward Financing,75.5 Million,572.8043,2012,3,,,
Weave Communications,23.7 Million,572.1911,2008,1,WEAV,592115328.0,7.36
Dr. Squatch,5 Million,571.4859,2013,2,,,
Dagger,5.7 Million,571.2179,2014,2,,,
Stukent,3.4 Million,569.587,2013,2,,,
Revived Exteriors,2.2 Million,567.2527,2011,1,,,
Ienjoy,40.9 Million,566.6401,2011,1,,,
The Hiring Group,4.8 Million,565.72,2014,2,,,
Sehlke Consulting,19.4 Million,563.6443,2011,3,,,
Intellectsoft,13.8 Million,563.0819,2007,3,,,
Axiologic Solutions,39.3 Million,561.847,2009,4,,,
Skar Audio,10.9 Million,560.5445,2012,1,,,
Amerikas,3.5 Million,560.4876,2013,2,,,
Clutch,8.1 Million,559.3122,2013,2,,,
The Garage Group,4.6 Million,558.3994,2010,3,,,
NewsWatch,2.6 Million,557.8054,1989,1,,,
Warrior Media,14.6 Million,557.1783,2012,4,,,
Unified Building Group,7.2 Million,556.5311,2012,1,,,
Team Adhoc,5.1 Million,555.7292,2014,1,,,
Dynamo,5.6 Million,555.3583,2014,1,,,
Kaimetrix,5 Million,554.6188,2013,2,,,
DSD Merchandisers,25.4 Million,553.1129,1996,1,,,
Synergy Home,4 Million,552.6011,2014,1,,,
RPM,172.5 Million,552.48,2012,6,,,
AdCellerant,14.3 Million,551.5154,2013,2,,,
Branded Group,22.5 Million,549.9252,2014,2,,,
US Business Funding,14.8 Million,548.9801,2008,3,,,
ShipEX,114.5 Million,548.4485,2007,3,,,
The Rx Advocates,2.3 Million,548.0429,2013,1,,,
Octane Energy,16.2 Million,546.9559,2013,2,,,
The Leads Network,6.3 Million,546.2411,2003,4,,,
TruSource Consulting Group,5.7 Million,545.6584,2014,1,,,
JP Services,44.2 Million,545.3364,2011,4,,,
Blake Willson Group,2.3 Million,542.2246,2013,1,,,
CloudQ,11 Million,540.5786,2013,2,,,
Natix,7.3 Million,540.012,2012,3,,,
Indev,11.3 Million,538.8232,2013,2,,,
TorkLaw,8.4 Million,538.46,2012,1,,,
The Linked Strategies Group,2.2 Million,537.9205,2011,1,,,
Health Recovery Solutions,6.3 Million,537.7951,2012,2,,,
Foresight Wealth Management,3.5 Million,536.1976,2010,2,,,
Ingram Fire Protection,3.2 Million,535.4847,2013,1,,,
Spatial Front,18.4 Million,533.7064,2008,2,,,
Bean Box,3 Million,533.6358,2014,1,,,
Fifth Wheel Freight,35.6 Million,532.7263,2012,3,,,
US Cargo Link,5.7 Million,532.5056,2011,1,,,
IBEX IT Business Experts,5.8 Million,531.1586,2012,2,,,
Yoga International,6.5 Million,531.0046,2014,2,,,
Health and Commerce,4.3 Million,531.0045,2015,1,,,
Beauty by Earth,6.4 Million,528.059,2014,1,,,
SupplyKick,23.6 Million,527.4081,2013,3,,,
Grillaholics,2.7 Million,527.2026,2014,1,,,
Zamp HR,146.8 Million,526.7678,2014,1,,,
Shepherd Search Group,7.2 Million,525.9524,2001,2,,,
BeauTech Power Systems,84.7 Million,525.6923,2011,1,,,
Proximity Learning,7 Million,525.5991,2009,2,,,
Olly,75 Million,525.5163,2015,1,,,
CGC Consulting,18.1 Million,523.5371,2009,1,,,
FyberCom,3.1 Million,522.5213,2012,2,,,
Ametros,9.2 Million,521.8187,2010,2,,,
Greek House,2.4 Million,521.6785,2013,1,,,
The Ricciardi Group,2.7 Million,521.5848,2014,1,,,
Blackstone Fire Control,8.2 Million,519.3971,2014,1,,,
Levementum,19.5 Million,518.3926,2006,1,,,
Key Tower,4.5 Million,518.0285,2014,1,,,
Kids in the Game,3.7 Million,517.3035,2013,2,,,
Hubb,4 Million,516.4806,2015,1,,,
Body del Sol Medical Spa,3.4 Million,515.5725,2010,2,,,
Xero Shoes,8.8 Million,515.4058,2010,3,,,
Bluecore,24.3 Million,512.6748,2013,2,,,
Valiant Residential,4.2 Million,512.6056,1974,1,,,
Flavors15,4.5 Million,511.9625,2015,1,,,
Passport,21.7 Million,510.6547,2010,2,,,
Integrative Physiatry,5.1 Million,510.3643,2014,1,,,
IPfolio,4.8 Million,509.7145,2012,2,,,
Southern Designs,5.1 Million,508.6488,2008,3,,,
Sabio Mobile,12.2 Million,508.0951,2014,1,,,
Tellenger,9.3 Million,507.1986,2007,1,,,
Kodiak Cakes,102.2 Million,505.945,1995,2,,,
US Aluminum Services,9.5 Million,503.9739,2010,6,,,
Trellis,3.1 Million,503.8697,2012,1,,,
Sgt. Clean's Car Wash,5.5 Million,503.413,2013,2,,,
CoSchedule,5.8 Million,502.49,2013,2,,,
"Merit321, Launching Careers",2.9 Million,502.1592,2014,1,,,
Freight Right Global Logistics,11.1 Million,501.614,2007,3,,,
HQSoftware,3 Million,501.399,2001,2,,,
Bond Collective,11.6 Million,501.0436,2013,2,,,
Boll & Branch,72.8 Million,500.942,2014,1,,,
ApplePie Capital,4.9 Million,500.6083,2014,1,,,
Carroll Organization,69.7 Million,499.687,2004,1,,,
TESCHGlobal,7 Million,499.0459,2005,2,,,
ZeroBounce,3.5 Million,498.8873,2013,1,,,
Hubstaff,4.1 Million,498.2928,2012,2,,,
SEI-Chicago,5.4 Million,497.5185,2014,2,,,
Greenix Holdings,14.6 Million,497.3008,2011,1,,,
Flywheel,14.4 Million,496.9361,2012,2,,,
Clear Touch,44.8 Million,495.9447,2012,2,,,
Critical Project Services,20 Million,495.2494,2009,1,,,
Kaizen Media Group,14.5 Million,495.1791,2015,1,,,
Lyon Stahl Investment Real Estate,6.5 Million,494.6105,2014,1,,,
Wellbots,2.9 Million,494.5409,2014,1,,,
HomeWorks Energy,59.9 Million,494.3132,2012,4,,,
The Agency Texas,5.6 Million,493.8128,2013,1,,,
Hireology,21.4 Million,493.118,2011,4,,,
Omaze,27 Million,493.1149,2012,3,,,
Billy Gene Is Marketing,7.5 Million,491.138,2015,1,,,
Baseballism,13 Million,490.5528,2012,1,,,
Changeis,14 Million,490.1865,2009,4,,,
F3 MFG,17.2 Million,489.9901,2010,2,,,
Gimbal,32.6 Million,489.08,2012,3,,,
Universal Windows Direct,105.6 Million,489.0084,2002,2,,,
CFOL International,3.2 Million,488.8405,2009,2,,,
VRC Metal Systems,11.2 Million,487.6797,2013,3,,,
Marketplace Ops,13.1 Million,487.119,2014,1,,,
Walk West,5.2 Million,486.8267,2007,2,,,
Marketopia,5.4 Million,486.3766,2014,2,,,
B&B Beverage Management,2.7 Million,485.6782,2008,1,,,
Zip Moving and Storage,2.7 Million,485.4499,2015,1,,,
Website Closers,7.6 Million,485.1663,2013,2,,,
ConversionPoint Technologies,39.8 Million,484.6389,2015,2,,,
Parrish and Partners,12.1 Million,484.589,2013,2,,,
OH Partners,46.3 Million,483.9554,2008,7,,,
Stratus Video,56.4 Million,482.5955,2011,7,,,
Etegra,10.2 Million,480.6539,2010,3,,,
Harper Scott,24.2 Million,480.6391,2014,2,,,
Crossfire Sound Productions,4.1 Million,478.8563,2013,1,,,
FireDisc Cookers,2.7 Million,478.234,2010,2,,,
Softrams,16 Million,478.1969,2007,1,,,
MDsave,21.3 Million,477.4576,2012,2,,,
Skynet Healthcare Technologies,4.7 Million,477.337,2013,2,,,
Peridot Solutions,26.6 Million,476.8776,2007,3,,,
Dock Street Trading,2.1 Million,476.232,2015,1,,,
Anchour,2.5 Million,476.0364,2013,1,,,
Hawke Media,14 Million,475.4508,2014,2,,,
Blue Canyon Technologies,31.1 Million,473.9452,2008,3,,,
Sojourn Solutions,4.2 Million,473.5921,2015,1,,,
MzeroA.com,3.7 Million,473.5028,2010,3,,,
Fast Slow Motion,3.5 Million,473.4922,2014,1,,,
American Business Brokers,15.7 Million,473.2924,2013,3,,,
The Retail Outsource,99.6 Million,473.0072,2000,5,,,
ProcureIT Network,4.7 Million,472.8643,2013,2,,,
Orion Consulting Group,5.1 Million,472.0827,2013,1,,,
Proforma Springboard Promotions,2.4 Million,470.9415,2013,2,,,
CentralReach,16.4 Million,470.7448,2012,1,,,
LMK Clinical Research Consulting,2.8 Million,470.2944,2014,1,,,
MessageWrap,2.8 Million,470.0645,2011,1,,,
The Pet Loss Center,8.6 Million,469.7961,2014,1,,,
Health Union,29.6 Million,468.9677,2010,2,,,
Kartago America,4.6 Million,468.8703,2014,1,,,
CardFlight,7.1 Million,468.6064,2013,2,,,
Clientserver Technology Solutions,3 Million,466.7437,2012,2,,,
DLP Real Estate Capital,80.9 Million,466.1983,2010,1,,,
Friendly Home Services,9 Million,465.9923,2015,1,,,
Zoup! Specialty Products,2.6 Million,465.5175,2012,1,,,
Uber Technologies,11.3 Billion,464.9123,2009,1,,,
EngagedIN,2.2 Million,464.8718,2013,2,,,
RagingBull.com,33.6 Million,464.8465,2010,1,,,
Holzer Resnick Contracting,4.4 Million,464.3846,2006,1,,,
Wishlist Rewards,2.7 Million,463.0888,2013,1,,,
Edge Logistics,46.6 Million,462.9723,2014,2,,,
Visible Supply Chain Management,357.8 Million,461.0125,1992,2,,,
Skynet Integrations,2 Million,460.5518,2013,1,,,
Luxe RV,2.1 Million,459.931,2014,1,,,
Burgess Civil,14.2 Million,459.2917,2014,1,,,
Chad T. Wilson Law Firm,5.2 Million,459.181,2011,2,,,
FlexPrint Managed Print Solutions,257 Million,458.4627,2005,10,,,
Norada Real Estate Investments,2 Million,458.3101,2004,1,,,
Excel Impact,31.6 Million,458.3096,2013,3,,,
Kord Technologies,70.1 Million,458.0281,2008,3,,,
Eva Garland Consulting,2.6 Million,457.9597,2013,2,,,
Brivity,10.3 Million,457.8666,2012,4,,,
Natural Force,4 Million,457.5408,2009,2,,,
Wright Energy Partners,2.1 Million,457.4884,2015,1,,,
Tech Talent South,2.8 Million,456.83,2014,2,,,
FHE,125.5 Million,456.3699,2007,3,,,
Beer Home Team,5.1 Million,456.3029,2008,3,,,
Global Soft Systems,2.1 Million,455.3191,2004,2,,,
Ecomitize,3 Million,455.2926,2013,2,,,
Chenal Family Therapy,4.2 Million,454.8189,2010,2,,,
Grand Canyon Gas Logs,2.7 Million,453.0578,2014,1,,,
VOLO,8.5 Million,452.5668,2013,2,,,
Trupet,15.8 Million,452.5416,2013,2,,,
Wafts Solutions,3.6 Million,451.1012,2014,1,,,
Freedom Real Estate,3.7 Million,450.5605,2014,1,,,
Volt Athletics,2.9 Million,450.2605,2011,2,,,
Bluewater Media,66.5 Million,449.3176,2005,3,,,
RKB Handyman Services,5 Million,449.0669,2014,1,,,
E Contractors,32.2 Million,448.8235,2011,1,,,
RIVS,5.2 Million,448.3944,2011,2,,,
Motus,84.1 Million,448.2245,2004,1,,,
MJ Seats,2.9 Million,448.118,2014,2,,,
Inter-Op,5.1 Million,447.8459,2004,2,,,
Elevate Staffing,8 Million,445.9853,2014,1,,,
Coffee Meets Bagel,15.8 Million,445.5394,2012,2,,,
Streamline Marketing,2.4 Million,445.2906,2014,2,,,
GEN-Y Hitch,5.2 Million,444.3233,2012,2,,,
Reverb.com,36.1 Million,443.686,2012,3,,,
Tipping Point Solutions,5 Million,443.5866,2011,2,,,
Need/Want,3.8 Million,443.186,2014,2,,,
Socialfly,5.4 Million,442.7456,2012,2,,,
Everyware,4.1 Million,442.4667,2015,1,,,
Trash Butler,3.8 Million,442.0521,2013,2,,,
Channel Partners Capital,23 Million,441.4271,2009,7,,,
Savan Group,13.8 Million,441.1344,2006,4,,,
Onit,16.7 Million,440.8789,2011,4,,,
Better.com,20.7 Million,440.864,2015,1,,,
Skuid,20.9 Million,439.9906,2013,2,,,
Forcura,7.1 Million,438.6415,2012,3,,,
BarnAllen Technologies,63.2 Million,438.5755,2009,4,,,
DMB Financial,26.4 Million,438.3626,2003,3,,,
Audantic,2.5 Million,438.3482,2014,1,,,
Suite Management Franchising,3.1 Million,437.9545,2012,1,,,
The Hoth,18.7 Million,437.3473,2011,3,,,
360 Energy Solutions,4.8 Million,437.2589,2013,2,,,
Decode Digital Marketing,7.3 Million,436.8432,2013,1,,,
Apetan Consulting,10 Million,436.5824,2012,2,,,
Virtue Capital Management,6.8 Million,436.1878,2013,1,,,
Harts Servcies,4 Million,434.3761,2013,1,,,
Ridge Wallet,19.6 Million,432.9008,2013,1,,,
American Print Consultants,6.6 Million,432.8847,2015,1,,,
Alley,6.8 Million,432.8401,2012,2,,,
Votto Vines Importing,39.6 Million,432.2984,2009,6,,,
"Scott, Vicknair, Hair & Checki",4.6 Million,431.167,2011,2,,,
3D Solar,6.8 Million,429.7944,2013,2,,,
Vessel FWP,4.6 Million,428.7233,2012,2,,,
Advanced Computer Solutions Group,3.5 Million,428.4207,2009,2,,,
Choozle,17.4 Million,428.2815,2012,3,,,
Ease Logistics,53.5 Million,427.4948,2014,2,,,
Crisp Marketing,10 Million,427.4773,2007,5,,,
Darn Good Yarn,7.1 Million,427.4387,2008,3,,,
Beemac,125.9 Million,427.2479,1984,1,,,
Preferred Home Services,8 Million,426.9773,2014,1,,,
Ciconix,4.6 Million,426.938,2012,2,,,
Atlanta Office Technologies,6.3 Million,426.6312,2014,1,,,
Seek Business Capital,8.8 Million,426.1835,2014,1,,,
Your Business Solutions,2 Million,425.3079,2004,1,,,
Nomatic,11 Million,425.0665,2014,1,,,
Farmgirl Flowers,23.4 Million,424.8674,2010,2,,,
Bombora,26.4 Million,424.7169,2014,1,,,
Frugal Flippers,5.6 Million,424.6089,2015,1,,,
SUMO Communications,5.1 Million,424.4421,2002,2,,,
Home View Technologies,16.5 Million,424.0165,2005,1,,,
CloudHesive,4.1 Million,423.5815,2014,1,,,
Braviant Holdings,67.3 Million,423.5419,2014,1,,,
ProSomnus Sleep Technologies,6.7 Million,422.2351,2014,1,,,
JP and Associates Realtors,8.9 Million,421.9831,2011,3,,,
23rd Group,21.9 Million,420.4094,2014,2,,,
Penji,2.6 Million,419.5975,2015,1,,,
FE International,3.2 Million,419.2767,2010,1,,,
Tredence,18.8 Million,419.1638,2012,4,,,
APS Building Services,21.5 Million,418.7937,2014,1,,,
Courier Distribution Systems,69.9 Million,418.6519,2004,3,,,
Energy Toolbase,2 Million,417.7541,2014,1,,,
Pathfinder Consultants,2.9 Million,416.7878,2010,1,,,
Mission Critical Facilities International,28.9 Million,416.6343,2010,4,,,
Xavier Creative House,3.1 Million,416.275,2013,1,,,
FastExpert,4.4 Million,416.0884,2014,2,,,
Beverly Hills Teddy Bear,50.4 Million,415.4602,1992,2,,,
MOD Pizza,311.8 Million,414.6372,2008,6,,,
Chandlee and Sons Construction,12.3 Million,414.3056,2006,2,,,
Cherry Blow Dry Bar,5.6 Million,413.3721,2013,1,,,
Applied Development,2.3 Million,413.3384,2011,1,,,
Definitive Healthcare,58.9 Million,413.2693,2011,3,DH,99272584.0,0.93
Reliance Partners,10.1 Million,412.6321,2009,4,,,
Lief Labs,50.1 Million,412.5944,2008,4,,,
Inseev Interactive,3.8 Million,410.8036,2013,2,,,
Leeward Business Advisors,3.6 Million,410.4849,2014,1,,,
E. Bouchard Company,3.7 Million,410.1151,2014,1,,,
Pensionmark Financial Group,28.4 Million,409.8978,1988,6,,,
ShalePro Energy Services,44.3 Million,409.7759,2014,2,,,
Senior Healthcare Direct,5.9 Million,409.5909,2012,1,,,
ZippyPaws,15.6 Million,409.2259,2011,3,,,
Stay Alfred,66.5 Million,408.9666,2011,4,,,
Dropps,4.2 Million,408.5899,2006,1,,,
Fresh Consulting,32.5 Million,407.7727,2007,7,,,
NimbeLink,11.7 Million,406.771,2013,2,,,
Century Support Services,49.5 Million,406.1393,2012,3,,,
FrontRunnerHC,4.2 Million,405.695,2010,1,,,
United Carports,7.1 Million,405.5416,2011,3,,,
Nexxt Gen,5.8 Million,405.2874,2012,1,,,
Terradyne Engineering,6.5 Million,405.0834,1995,1,,,
Utah Global Transportation Management Solutions,4.3 Million,404.954,2009,1,,,
PM Consulting Group,4.2 Million,403.6955,2008,1,,,
Greenhouse Software,38 Million,403.4466,2012,2,,,
Amazing Lash Studio,11.6 Million,402.9689,2010,2,,,
RevolutionParts,8.1 Million,400.7489,2013,3,,,
Metropolitan interactive,15 Million,400.4688,2013,2,,,
A1 Garage Door Service and Repair,28.2 Million,399.7031,2007,2,,,
Triumph Construction,4.6 Million,399.5549,2009,1,,,
Verde Solutions,6.6 Million,399.2196,2012,3,,,
High Road Craft Ice Cream,15.3 Million,399.1759,2010,4,,,
World Services,3.9 Million,399.0164,2010,3,,,
Fire & Brilliance,3.2 Million,398.8996,2010,1,,,
Shockoe.com,4.1 Million,398.8814,2010,3,,,
Zaniboni Lighting,6.7 Million,398.4948,2014,2,,,
Swenson He,4.7 Million,398.3363,2014,1,,,
GreyCastle Security,9.2 Million,398.2465,2011,3,,,
Drive Social Media,7.8 Million,397.5,2012,3,,,
Phoenix Logistics,33.5 Million,397.3707,1991,2,,,
TrueIT,12.1 Million,396.7941,2012,3,,,
Embark,7.4 Million,395.9704,2010,2,,,
Mynt Systems,7.9 Million,395.8007,2014,1,,,
Breeze IT,13.6 Million,395.0837,2010,3,,,
Sustainable Comfort,3.7 Million,394.5644,2014,1,,,
TGW Company,3.6 Million,393.9613,2014,2,,,
Johnson Roofing & Restoration,5.4 Million,393.8611,2006,2,,,
Street Smart Transmission,7.5 Million,393.7764,2011,3,,,
Bestica,15.7 Million,393.7102,2005,2,,,
Raymer Oil Company,153.2 Million,393.6153,1945,3,,,
TickPick,117.6 Million,393.4736,2011,4,,,
The Kool Source,5 Million,393.3721,2013,1,,,
Sunken Stone,21.5 Million,393.2515,2009,2,,,
Camrock Oil & Supply,2.5 Million,392.4645,2014,1,,,
Spinutech,15.4 Million,392.1356,2000,2,,,
Blueprint Consulting Services,12.2 Million,391.504,2011,1,,,
Sante Realty Investments,14.5 Million,390.7107,2009,4,,,
Prime Therapeutics,21.4 Billion,390.5654,1998,8,,,
Engage3,5.6 Million,390.4005,2008,3,,,
Mark Sanders - Alrossa,9 Million,390.0143,2015,1,,,
Income Store,50.7 Million,389.3853,2009,6,,,
Autonomous Media,2.2 Million,388.2266,2014,1,,,
AIIR Consulting,3.9 Million,387.6855,2009,1,,,
CallRail,30.4 Million,387.4513,2011,4,,,
Pendant Automation,3.4 Million,387.3514,2006,2,,,
Channel Factory,63.6 Million,387.143,2010,5,,,
Axiom Path,2.1 Million,386.9726,2014,1,,,
Agape Luxury Corp,43.7 Million,386.8722,2012,1,,,
TK Trailer Parts,4.7 Million,386.871,2014,2,,,
SaaSOptics,4.3 Million,386.6766,2009,2,,,
Repsly,4.5 Million,386.5655,2008,1,,,
Newmedia,9.9 Million,386.115,2001,4,,,
Towel Tracker,2.5 Million,385.753,2009,1,,,
Fountainhead Commercial Capital,4.5 Million,385.2364,2015,1,,,
"Keystone Perfusion Services, PC",3.2 Million,385.0933,2012,1,,,
Credit Suite,5.4 Million,384.7675,2014,1,,,
Avanti Industries,43.8 Million,384.7069,2014,2,,,
Beautique,2.7 Million,384.4913,2014,1,,,
Zquared,31.4 Million,384.4526,2010,1,,,
Vibe Kayaks,10.3 Million,382.764,2013,2,,,
DataClover,3.3 Million,382.4098,2014,1,,,
Lone Cone,14.4 Million,382.0109,2013,4,,,
Fresh Prints,6.3 Million,381.9331,2009,3,,,
Tek Leaders,24 Million,381.3763,2008,2,,,
Swig,17.7 Million,381.1845,2008,2,,,
LensDirect.com,6.9 Million,381.1284,1992,3,,,
Apex Air,10.3 Million,381.1018,2014,2,,,
Ignite Visibility,9.4 Million,379.8407,2012,3,,,
Snapsheet,37.3 Million,379.4527,2010,1,,,
Freeus,31.2 Million,379.0387,2008,1,,,
DMA Holdings,60.2 Million,378.6085,2008,3,,,
Resident360,2.8 Million,378.3752,2011,1,,,
Core Living,3.3 Million,377.6341,2013,1,,,
Encore Search Partners,4.2 Million,377.4607,2010,2,,,
EnableIT,21.9 Million,376.5794,2010,2,,,
Liquid Bottles,7.3 Million,376.3898,2014,1,,,
PoliteMail Software,5.9 Million,376.3429,2006,2,,,
Grain & Barrel Spirits,3 Million,375.5141,2012,1,,,
United Energy Services,16.6 Million,374.4754,2011,2,,,
TaskUs,254.2 Million,373.5557,2008,7,TASK,754584192.0,8.23
Ceros,14.6 Million,372.7533,2012,2,,,
Axle Logistics,81.6 Million,372.3771,2012,4,,,
Barratt Asset Management,4 Million,372.0843,2010,2,,,
Zivelo,46.7 Million,371.5162,2008,5,,,
Trinity Air Medical,8.5 Million,371.3171,2013,3,,,
Nuvolo,12.2 Million,371.2684,2014,2,,,
Foundry Outdoors,2.2 Million,371.031,2015,1,,,
Vpak,4.1 Million,370.7026,2010,2,,,
Buildout,7.6 Million,370.6067,2010,3,,,
MediaCrossing,17.3 Million,370.5057,2012,2,,,
Vinformatix,3.2 Million,370.1826,2008,1,,,
Splash,14.2 Million,369.9685,2011,1,,,
Connect Media,2.3 Million,369.7252,2014,1,,,
Construction Cost Management,2.1 Million,369.5461,1979,1,,,
Nextlink Internet,25.6 Million,369.2529,2012,2,,,
"College Hunks Hauling Junk and Moving (West Chester, Penn.)",2.7 Million,369.2273,2011,2,,,
Verato,12.8 Million,368.8942,2012,1,,,
Spilt Ink SLC,3.8 Million,368.1372,2010,1,,,
Southwest Site Services,5.2 Million,367.9867,2012,1,,,
Lever1,116.6 Million,367.6074,2012,3,,,
Siege Media,5 Million,367.1459,2012,3,,,
Quiroga Law Office,2.2 Million,367.1438,2009,1,,,
Bluechip Retail,3.7 Million,366.8126,2015,1,,,
Avtec Homes,19.9 Million,366.722,2005,3,,,
BloomNation,61.3 Million,366.0507,2010,1,,,
Western Peaks Logistics,50.6 Million,365.6395,2007,4,,,
360 Risk Partners Insurance Solutions,2.2 Million,365.3979,2012,1,,,
Beauty Barrage,6 Million,364.5423,2015,1,,,
Visual Computer Solutions,11.1 Million,363.6765,1998,2,,,
Lexitas,101.2 Million,363.1685,1987,5,,,
Purchasing Platform,4.2 Million,363.016,2012,1,,,
Javelin Group,10.4 Million,361.6793,2012,1,,,
Big Idea Technology,4.7 Million,361.4736,2015,1,,,
Total Technology Results,33.7 Million,360.5031,2011,2,,,
Clearview Business Intelligence,4.5 Million,360.3298,2012,2,,,
Index Analytics,9.8 Million,360.0022,2012,2,,,
Expedition Technology,8.6 Million,359.8569,2013,2,,,
Zuhne,5.4 Million,359.3095,2015,1,,,
Ledge Lounger,10.1 Million,359.2978,2011,3,,,
G2 Ops,10.2 Million,359.1663,2013,2,,,
WealthForge,23.5 Million,359.1601,2009,2,,,
Logical Position,47.3 Million,358.7645,2010,6,,,
Digital Forensic Services,2.1 Million,358.507,2014,1,,,
Farber & Company Attorneys,3.7 Million,357.8345,2013,2,,,
Catalyst Outdoor,17.3 Million,357.7971,2009,1,,,
Payer Compass,17.3 Million,356.8683,2013,2,,,
Local Web Leads,11.6 Million,356.4651,2013,3,,,
Curate Partners,18.1 Million,356.2134,2014,2,,,
UCW Logistics,17.1 Million,356.0987,2014,2,,,
Behavioral Health Works,35.3 Million,355.7726,2009,6,,,
Scribe-X Northwest,7 Million,355.4454,2013,1,,,
ALIRM,39.8 Million,355.2404,2014,1,,,
Resolute Technologies,15.6 Million,354.972,2013,2,,,
Legwork Software,388.9 Million,354.6374,2007,1,,,
Zeel,31 Million,354.2437,2010,3,,,
Colorado Health & Rehab,2.9 Million,353.2193,2014,1,,,
Wellflex Energy Solutions,60.7 Million,353.1507,2013,2,,,
Lastline,20.1 Million,352.9544,2011,2,,,
Cloudbakers,13.1 Million,352.8911,2010,5,,,
PPT Solutions (Oklahoma),7.3 Million,352.8649,2013,2,,,
Northwestern Improvement Company,2.9 Million,352.6441,2014,1,,,
Ryan Geldermann,2.3 Million,352.6062,2011,1,,,
Innovetive Petcare,29.2 Million,352.4729,2015,1,,,
Shearer,6.4 Million,352.1534,2000,7,,,
FireFly Computers,75.6 Million,351.8709,2011,4,,,
Thin Air Brands,2.3 Million,351.4951,2014,1,,,
SoHo Dragon,6.8 Million,351.2027,2010,3,,,
Southwest Geotechnical,3.9 Million,351.0589,2014,2,,,
The Aspire Software Company,5.8 Million,349.9443,2013,1,,,
EyeKor,5.6 Million,349.857,2012,2,,,
Stretch Shapes,4.3 Million,349.2719,2009,1,,,
Premier Remodeling,3 Million,349.2555,2014,1,,,
Power Digital Marketing,14.2 Million,349.1156,2012,3,,,
Ueno,14.2 Million,348.6088,2014,1,,,
Industry Dive,22.3 Million,348.4566,2012,2,,,
HIDEit Mounts,2.9 Million,348.4001,2012,2,,,
AMMD,12.1 Million,348.2961,2015,2,,,
Pegasus Technology Solutions,26.6 Million,347.0508,2015,1,,,
Jacaruso Enterprises,12.3 Million,346.7221,2008,3,,,
Eventellect,243.8 Million,345.8212,2009,9,,,
Tipalti,13.3 Million,345.532,2010,2,,,
Aevex Aerospace,93.9 Million,345.4739,2006,1,,,
Ncontracts,12.4 Million,345.2307,2009,1,,,
Stone Glacier,2.6 Million,344.9416,2012,1,,,
Thrive Internet Marketing Agency,6.3 Million,344.6516,2005,3,,,
Eff Creative Group,2.7 Million,343.9375,2013,3,,,
Strike Visuals,2.4 Million,343.089,2015,1,,,
BKM Capital Partners,13.7 Million,342.4909,2013,1,,,
Federal Strategies,4.1 Million,340.3644,2014,2,,,
GenTech Associates,4.2 Million,339.9573,2005,2,,,
Lima One Capital,31.8 Million,339.226,2012,1,,,
MatterHackers,16.7 Million,339.0965,2012,3,,,
iClick,68 Million,339.0063,2001,4,,,
JDA Worldwide,24.6 Million,338.9351,2003,4,,,
Battery Recyclers of America,10.7 Million,338.7988,2009,1,,,
Oklahoma LED,5.1 Million,338.6578,2012,3,,,
Creamistry,20.4 Million,338.4163,2013,2,,,
Corkcicle,59.8 Million,337.9921,2011,3,,,
Team Solutions Dental,7 Million,337.9541,2013,1,,,
Dome Headwear,2.7 Million,337.4377,2010,1,,,
Fix It People,2.1 Million,337.2098,2012,1,,,
MaxGen Energy Services,69.4 Million,337.208,2009,4,,,
Ben Kinney Real Estate Team,19.9 Million,337.0329,2008,3,,,
Liberty Home Mortgage Corporation,13.5 Million,336.8373,2014,1,,,
KBMax,5.1 Million,336.7548,2009,2,,,
ObservePoint,11.8 Million,336.7168,2007,1,,,
Thrive,56 Million,336.6704,2000,3,,,
What If Holdings,36.2 Million,336.3829,2012,3,,,
GonLED,9.5 Million,336.1923,2007,5,,,
Digital Relativity,6.3 Million,335.9451,2010,2,,,
Mavrck,3.4 Million,335.3006,2014,1,,,
Home Perfect Carpet & Tile Cleaning,3 Million,334.9976,2012,1,,,
Field Industries,2.4 Million,334.3362,2011,1,,,
Pure Incubation,41.3 Million,334.2713,2007,6,,,
TouchUpDirect,5.3 Million,333.9779,2012,1,,,
Right at School,25.2 Million,333.9525,2011,4,,,
Sorry Robots,2.7 Million,333.9365,2012,1,,,
Central Point Partners,4.3 Million,333.9364,2012,1,,,
Ventive,3.9 Million,333.8945,2014,2,,,
Carrot,5.3 Million,333.3127,2013,2,,,
Amplio Digital,2.5 Million,333.1697,2014,2,,,
Dirt Wurx Excavation,3.3 Million,333.0254,2008,2,,,
Sayva Solutions,10.2 Million,332.8824,2014,2,,,
C Squared Social,2.3 Million,332.6995,2012,1,,,
U.Group,50.3 Million,332.6485,2010,4,,,
RWD Consulting,23.6 Million,332.5542,2004,2,,,
AGB Investigative Services,24.2 Million,332.3668,2001,2,,,
Denken Solutions,24.8 Million,331.9483,2010,4,,,
Silotech Group,18.3 Million,331.7701,2008,5,,,
Moonglow Jewelry,7.5 Million,331.4634,2012,2,,,
Decision Sciences Research Associates,12.4 Million,331.2952,1982,3,,,
Twelve Consulting Group,7.7 Million,331.2035,2013,1,,,
iArch Solutions,2.1 Million,331.1737,2013,1,,,
Seawater Seafood Company,6.8 Million,330.7916,2012,1,,,
Vert Digital,8.5 Million,330.3058,2009,5,,,
CT Assist,10.4 Million,330.0681,2013,2,,,
Fit Body Boot Camp,8.2 Million,329.9085,2011,4,,,
Nekteck,10.5 Million,329.1726,2014,1,,,
Expression Networks,9.3 Million,329.1659,1997,2,,,
Modern Message,5.8 Million,328.779,2012,3,,,
1-Call Staffing,9.7 Million,328.6504,2013,2,,,
Pediatric Therapy,101.6 Million,328.5581,2008,4,,,
Crimson Agility,3.5 Million,328.3343,2014,1,,,
Keystone Funding,5.3 Million,328.3131,1996,1,,,
SlideBelts,12.3 Million,327.6844,2007,4,,,
Credit Service Intl.,2.1 Million,327.4785,1962,1,,,
The Roman Guy,6 Million,327.4049,2008,2,,,
Fyzical,20.2 Million,326.8245,2014,2,,,
Green Bay Remodeling,7.6 Million,326.8112,2012,2,,,
Nebulaworks,2.4 Million,326.7477,2014,1,,,
Trinity Logistics USA,130.4 Million,325.0553,2007,4,,,
PDQ.com Corporation,19.4 Million,325.0092,2001,1,,,
Bighorn Design Studio,3.1 Million,324.9304,2015,1,,,
Elevation Solar,40.5 Million,324.9178,2014,1,,,
Watterson,52.2 Million,324.8831,2001,3,,,
Arch Systems,21.3 Million,324.5026,2006,5,,,
The Social Lights,2.2 Million,324.3616,2011,1,,,
Doceo Office Solutions,8.5 Million,324.3494,2004,2,,,
Signs.com,20.3 Million,323.8456,2012,3,,,
Disability Planners,8.8 Million,323.7072,2013,3,,,
Blue Label Labs,4.8 Million,323.0921,2011,3,,,
Commercial Services,16 Million,322.8211,1978,1,,,
1st Choice Construction Management,14.2 Million,321.4537,2010,3,,,
Alderson Loop,5.7 Million,321.1734,2013,2,,,
Legacy Toys,2 Million,321.1474,2012,1,,,
Outsource Consultants,3.2 Million,320.8885,2013,1,,,
MRL Promotions,8.7 Million,320.7246,2003,4,,,
ARC Risk and Compliance,4.5 Million,320.6436,2009,2,,,
829 Studios,6.7 Million,320.1421,2007,2,,,
DoctorLogic,5.9 Million,319.8567,2014,2,,,
Curlkit,5 Million,319.8361,2011,1,,,
STRATEGIC SOLUTION PARTNERS,6.7 Million,319.1362,2007,3,,,
Tellus,2.1 Million,319.1057,2014,3,,,
International Ceramic Construction,26.6 Million,318.9723,2005,1,,,
Banyan Hills Technologies,8.9 Million,318.799,2013,2,,,
Peddle,130.7 Million,318.5079,2011,2,,,
Dibsies Personalization Station,4.3 Million,318.4024,2013,2,,,
Massie R&D Tax Credits,2 Million,317.8061,2014,1,,,
Verdia,7.6 Million,317.7998,2014,1,,,
Cetechs,7 Million,317.5837,2009,2,,,
Investor Grit,4 Million,317.5431,2014,2,,,
Triple E Equipment,5 Million,317.4932,2013,2,,,
Prairie Tickets,6.3 Million,317.0854,2010,1,,,
Crystal Clear Digital Marketing,7.5 Million,317.0849,2013,2,,,
BroadJump,8.5 Million,316.6743,2012,1,,,
HomeStar Remodeling,6.9 Million,316.657,2013,3,,,
LMS (Logistics Made Simple),45.6 Million,316.2879,2008,2,,,
jBloom,9.4 Million,315.8378,2013,3,,,
Reltio,37.8 Million,315.7082,2011,3,,,
G2S,13.9 Million,315.4124,2009,2,,,
The Revenue Optimization Companies,145.8 Million,315.0663,2000,4,,,
The Exterior Company,35.9 Million,314.9842,2012,4,,,
Jennaration Boutique,3.1 Million,314.7663,2013,2,,,
Tinuiti,90.1 Million,314.5068,2004,7,,,
DKP Express,2 Million,314.4348,2012,1,,,
FlexFunds ETP,5.9 Million,314.2239,2011,1,,,
RapidOps,3.4 Million,314.1518,2014,1,,,
Waiakea,6.7 Million,313.8497,2012,3,,,
Nolan Transportation Group,811.9 Million,313.5566,2005,5,,,
TapResearch,12.7 Million,312.9385,2013,2,,,
Custom Decks,3 Million,312.4009,1997,2,,,
Rent Ready,5 Million,312.2632,2013,1,,,
30 Lines,2.5 Million,312.1878,2008,1,,,
MagMod,5.6 Million,311.432,2013,2,,,
The Idea Box - Powered by Proforma,3.1 Million,311.3495,2013,2,,,
SEI-Dallas,3.1 Million,311.3486,2008,2,,,
Under30Experiences,2.9 Million,311.2953,2012,2,,,
Calyx,3.3 Million,311.0938,2004,1,,,
Mobile Posse,58.3 Million,310.8667,2005,2,,,
Intelligent Waves,38.9 Million,310.6392,2006,1,,,
KPG Healthcare,28.8 Million,310.5459,2012,4,,,
Jeff Shipley Enterprises,22.3 Million,310.5448,2006,1,,,
Verified First,13.1 Million,310.5055,2013,4,,,
MacStadium,24.2 Million,310.4017,2012,4,,,
Yapta,13 Million,310.1178,2007,2,,,
The Jenny Maraghy Team,2.5 Million,309.9722,2011,1,,,
Proforma Think Ink,2.5 Million,309.6931,1993,1,,,
CircusTrix,194.1 Million,309.4015,2011,3,,,
Washington Capital Partners,15.6 Million,309.3092,2012,2,,,
Waste Away Systems,5.2 Million,309.0144,2012,2,,,
Audley Travel,99.7 Million,308.9261,2013,2,,,
Your Home Sold Guaranteed Realty,8.4 Million,308.667,2007,1,,,
A-Lign,31.5 Million,308.6399,2009,3,,,
Taimen Transport,35.6 Million,308.4684,2012,1,,,
Calldrip,4.1 Million,308.3387,2005,1,,,
Triton Commerce,2.7 Million,308.0838,2012,2,,,
eAssist Dental Solutions,16.8 Million,308.0733,2012,4,,,
Big Leap,8.2 Million,307.5541,2008,4,,,
Housing Trust Group,24 Million,307.505,1997,2,,,
Suite Experience Group,10.6 Million,307.4624,2010,2,,,
WheelHouse IT,8.8 Million,307.1926,2002,3,,,
CAP Venture Group,3.8 Million,306.9099,2013,1,,,
TokenEx,4.7 Million,306.4106,2010,2,,,
ASB Resources,9.7 Million,306.2176,2004,4,,,
Old Dominion Mechanical,4.4 Million,306.1344,2013,2,,,
Managed Energy Systems,2.3 Million,306.0336,2013,1,,,
Trinity3 Technology,69.8 Million,305.9686,2014,1,,,
Kureiji,2.8 Million,305.9316,2014,1,,,
Wellex,3.2 Million,305.5026,2015,1,,,
Connoils,21.3 Million,305.4273,2007,1,,,
Advantage Media Group,23.6 Million,305.3267,2005,7,,,
DMD Products,3.8 Million,305.2533,2014,1,,,
Triplemint,10.3 Million,305.2056,2011,2,,,
Matrix 4,9.9 Million,305.125,1976,3,,,
Vantage Point Logistics,20 Million,305.1186,2011,3,,,
Telco Connection,3.5 Million,304.614,2013,1,,,
Binary Defense,8.1 Million,303.8537,2014,1,,,
Pinnacle Dermatology,35.9 Million,303.3924,2004,2,,,
TISTA Science and Technology,130.7 Million,303.3579,2005,9,,,
Schweiger Dermatology Group,94.4 Million,302.6845,2010,3,,,
10th Magnitude,18.1 Million,302.359,2010,4,,,
Rankings.io,3.1 Million,301.9811,2013,2,,,
Complete Recovery Corp,7.5 Million,301.7969,2003,3,,,
Aerospace Asset Trading,36.2 Million,301.7549,2013,2,,,
Select Communications,2.2 Million,301.415,2014,1,,,
DJB Hospitality Holding Co/Sedona Taphouse Restaurants,30.1 Million,301.2717,2011,1,,,
Aya Healthcare,566 Million,301.2226,2001,1,,,
NovuHealth,44.4 Million,301.1784,2011,2,,,
Bookkeeper360,3 Million,300.8732,2012,2,,,
Guaba,2.2 Million,300.8358,2014,1,,,
Gasket Guy,6.1 Million,300.529,1994,2,,,
Industrial Security Integrators,5.7 Million,300.5084,2010,2,,,
Advanced Care Partners,14.8 Million,300.2955,2010,1,,,
Greentek Energy Systems,17 Million,300.186,2011,3,,,
Advanced Technological Solutions,3.6 Million,300.0359,2013,1,,,
Lentech,13.9 Million,299.8525,2008,1,,,
Triplepoint Environmental,3.3 Million,299.7893,2014,1,,,
Tango Card,24.5 Million,299.5471,2009,4,,,
Assure,11.2 Million,299.3963,2014,1,,,
Index Exchange,127.4 Million,299.1636,2011,1,,,
Beddy's,6.8 Million,299.1243,2014,2,,,
Capital Wealth Advisors,7.8 Million,298.8792,2004,3,,,
PureCars Automotive,156.3 Million,298.4585,2007,6,,,
SaviLinx,17 Million,298.151,2013,3,,,
CloserIQ,2.3 Million,298.0068,2014,1,,,
Kamind IT,2.4 Million,297.2431,2009,1,,,
Ascent Innovations,3.4 Million,296.8637,2009,1,,,
ITProTV,9 Million,296.8634,2013,2,,,
Lynker Technologies,24.7 Million,296.7052,2007,4,,,
Motifworks,4.2 Million,296.4662,2010,2,,,
Symmetry Financial Group,44 Million,296.4375,2009,4,,,
Zilker Technology,24.7 Million,296.2927,2014,1,,,
StruXure Outdoor,14.6 Million,296.2014,2011,1,,,
Tiger Analytics,13.1 Million,296.0168,2011,2,,,
Brandywine Homes,129.6 Million,295.6601,1994,1,,,
Paragon Payroll,3.8 Million,295.4346,2007,1,,,
FluentStream Technologies,6.9 Million,294.5348,2010,2,,,
Youtech,5 Million,294.0566,2012,1,,,
Kentech,5.5 Million,293.8781,2006,3,,,
Pixability,38.4 Million,293.3496,2008,5,,,
Osprey Management,9.1 Million,293.29,2001,1,,,
Medical Guardian,46.4 Million,292.6735,2005,7,,,
Fastmore Logistics,60.3 Million,292.5455,2005,3,,,
Matt Curtis Real Estate,5.2 Million,292.5211,2009,3,,,
PetWell Partners,34.2 Million,292.3206,2013,1,,,
Ventech Solutions,143.7 Million,292.2955,2002,9,,,
Unitas Global,41.3 Million,292.2309,2011,3,,,
PowerSchool,361.1 Million,291.9727,1997,1,,,
Vantage Payments,13.9 Million,291.5537,2009,6,,,
Staffing Specifix,7.8 Million,291.3012,2011,3,,,
Restoration 1,7.4 Million,291.2758,2008,1,,,
Acorio,25.1 Million,291.1478,2013,2,,,
Veterinary Practice Partners,104 Million,290.9538,2011,4,,,
Research America,14.4 Million,290.6466,2009,5,,,
Amicus Enterprises,5.9 Million,290.5393,2014,1,,,
Opex Analytics,14.3 Million,290.3921,2013,2,,,
Marijuana Business Daily,27.5 Million,290.3784,2011,4,,,
Xtreme Park Adventures,2.3 Million,290.3408,2009,2,,,
Adonis Auto Group,30.1 Million,290.1139,2010,1,,,
Prescient Company,54 Million,290.0051,2012,1,,,
Home Pride Construction,2.5 Million,289.9913,2001,1,,,
SIGMA SOFTWARE,5 Million,289.951,2011,1,,,
No Limit Agency,2 Million,289.4093,2013,6,,,
P2Binvestor,10 Million,289.2561,2012,1,,,
Infinite Pool Finishes,10.5 Million,288.8484,2014,1,,,
COFC Logistics,72.2 Million,288.7411,2012,1,,,
Blackstone Medical Services,6.7 Million,288.547,2010,3,,,
FormulaFolio Investments,44.2 Million,288.47,2011,5,,,
Advance Your Reach,4.8 Million,288.2373,2006,1,,,
Fundrise,20.8 Million,288.2353,2010,2,,,
3-GIS,21.2 Million,287.9538,2006,5,,,
Digitalspec,16.2 Million,287.893,2005,5,,,
LeafFilter Gutter Protection,340.4 Million,287.2273,2005,8,,,
United Wall Systems,28.9 Million,287.152,2008,3,,,
Sleeping Giant Brewing Company,5.3 Million,286.8987,2014,1,,,
Anemoi,2.4 Million,286.7228,2014,1,,,
Center for Social Dynamics,22 Million,286.6931,2012,3,,,
Yamibuy,82.2 Million,286.3093,2013,3,,,
OrderMyGear,17.8 Million,286.2805,2008,4,,,
Criterion Systems,89 Million,286.1744,2005,5,,,
Optimum RV,55.6 Million,285.8896,2006,4,,,
Thompson Healthcare & Sports Medicine,35.6 Million,285.8078,2004,1,,,
PropLogix,19.8 Million,285.6447,2010,3,,,
E Network Supply,3.9 Million,285.6183,2014,1,,,
Riva Solutions,13.4 Million,285.3547,2009,1,,,
The Hilb Group,141.7 Million,285.0119,2009,5,,,
Perceptive Recruiting,3 Million,284.8984,2014,1,,,
UI Global Brands,2.8 Million,284.7077,2009,1,,,
House Advantage,27 Million,284.6191,2004,1,,,
Primal Life Organics,4.7 Million,284.5567,2012,3,,,
Living Wellness Partners,3.4 Million,284.4806,2013,1,,,
Millhouse Logistics,80 Million,284.4409,2009,2,,,
AgAmerica Lending,29.2 Million,284.2977,2014,1,,,
MedBridge,16.2 Million,284.0595,2011,3,,,
AutoSource Motors,195.8 Million,283.8958,2003,1,,,
Fulcrum Construction Group,48.4 Million,283.7179,2012,3,,,
Red River,14.9 Million,283.404,2013,1,,,
BlueDog,4 Million,283.3118,2010,3,,,
Kontrol,4.6 Million,282.6742,2012,2,,,
DockYard,12.2 Million,282.5791,2010,1,,,
MidPoint Technology Group,12.2 Million,282.2786,2014,2,,,
Porcaro Stolarek Mete Partners,8.3 Million,282.1103,2014,1,,,
National Energy & Light,36.2 Million,282.0311,2013,2,,,
CisCom Solutions,8.6 Million,281.9206,1996,2,,,
Biotrans,13.5 Million,281.8999,2010,4,,,
JB Office,2.9 Million,281.8377,2012,2,,,
JCW Search,5.9 Million,281.2014,2011,2,,,
Star Lab Corp.,5.7 Million,281.1928,2014,1,,,
Expero,8.5 Million,280.6777,2001,4,,,
Endurance,486.5 Million,280.2492,2006,5,,,
Spiceology,3.2 Million,279.7128,2013,1,,,
Chewse,13.9 Million,279.6846,2011,1,,,
Apex Appraisal Service,29.8 Million,279.5078,2009,2,,,
Boomset,4 Million,279.3436,2011,1,,,
ShipSound,3.6 Million,279.0461,2006,2,,,
Infinite Leap,6.2 Million,278.7341,2011,1,,,
Douglas Realty,12.4 Million,278.706,2008,4,,,
B3 Medical,6.4 Million,278.2223,2015,1,,,
Self-Publishing School,4.4 Million,277.5732,2014,2,,,
Torrent Consulting,10.3 Million,277.3868,2012,4,,,
Atlas MedStaff,88 Million,277.3546,2012,4,,,
JB Software and Consulting,5.1 Million,277.3421,2004,1,,,
Atredis Partners,5.6 Million,277.2509,2013,2,,,
2A Consulting,6.3 Million,277.1844,2010,3,,,
Flux7,4.9 Million,277.1657,2013,2,,,
Famous Toastery,34.2 Million,277.0195,2005,2,,,
Vac2Go,12.3 Million,276.8748,2012,3,,,
ITA International,62.4 Million,276.7212,2000,7,,,
Raw Sugar Living,25.8 Million,276.3136,2014,1,,,
Devbridge,39 Million,276.2503,2008,7,,,
AML RightSource,52.6 Million,276.1806,2004,1,,,
Rozalado,4 Million,276.0966,2012,1,,,
Hayes Healthcare,120.4 Million,275.9648,2012,2,,,
Grant Enterprises,6.9 Million,275.8319,2013,2,,,
Disruptive Advertising,14.6 Million,275.8187,2013,3,,,
Proforma Angelini + Diamond Solutions,2.6 Million,275.8065,2015,2,,,
Softeq Development,14.1 Million,275.7957,1997,2,,,
Dream Finders Homes,524.4 Million,275.4455,2008,9,DFH,995886336.0,11.0
ProEquity Asset Management,5.9 Million,275.394,2011,2,,,
Rise Brands,21.6 Million,275.2843,2013,2,,,
iDealFurniture/KozyFurniture,3.2 Million,274.8519,1982,2,,,
GenerX Generators,16.7 Million,274.4781,2005,1,,,
Team SI,22.2 Million,274.3877,2010,3,,,
Picardie Timber Frame,2.7 Million,273.9863,2009,1,,,
Tarmac,7.9 Million,273.8055,2012,4,,,
WhirlWind Technologies,11.1 Million,273.5078,2009,1,,,
Geo Owl,8.4 Million,273.3436,2013,1,,,
Flexisales,3.6 Million,273.222,2011,2,,,
Bleacher Restorators of Colorado,3.3 Million,273.0705,1982,1,,,
Black Tie Moving,10.9 Million,272.9955,2013,3,,,
Maven Wave,89.8 Million,272.7929,2008,3,,,
Mountain State Software Solutions,9 Million,272.761,2009,3,,,
Gateway Multifamily,3.1 Million,272.7563,2013,2,,,
Venture REI,9.2 Million,272.6256,2009,2,,,
AutoPets,27.7 Million,272.5326,2000,3,,,
Flocknote,2.1 Million,272.3793,2008,1,,,
Lowers Risk Group,120.2 Million,272.1233,2011,6,,,
Escapology,3.9 Million,271.7149,2014,1,,,
Aero Accessories,31.1 Million,271.2381,2007,1,,,
Magnolia Innovation,6.9 Million,270.8951,2013,2,,,
National Design Build Services,39.3 Million,270.7299,2007,1,,,
TekCom Resources,8.9 Million,270.6203,2005,1,,,
Rx Savings Solutions,9.6 Million,270.5739,2012,2,,,
AG Consulting Partners,6.3 Million,270.4647,2009,1,,,
Eck Services,5.5 Million,269.959,2004,1,,,
Legacy Service,37.8 Million,269.8546,2005,2,,,
Strong Together Fitness,3.3 Million,269.769,2006,1,,,
Moxie Solar,10.1 Million,269.7466,2008,3,,,
Veyo,182.6 Million,269.7282,2015,1,,,
World Insurance Associates,29.6 Million,269.6364,2011,2,,,
Saviynt,32.8 Million,269.5237,2010,1,,,
Wana Brands,18.4 Million,269.4241,2010,2,,,
Cookie Cutters Haircuts for Kids,2.8 Million,269.3934,1994,3,,,
WaveFly Powered by JMF Solutions,7.6 Million,269.3161,2005,4,,,
n2grate,160.7 Million,269.2911,2010,4,,,
FullContact,18.4 Million,269.1479,2010,2,,,
Thycotic,46.7 Million,269.0533,1996,7,,,
Spring Dental,22 Million,269.0113,2014,1,,,
HealthCaps,5.2 Million,268.8726,2013,2,,,
B.O.S.S. Retirement Solutions,8.7 Million,268.6139,2008,4,,,
Teamson Design Corp.,15.6 Million,268.0698,1997,1,,,
Total Server Solutions,28.4 Million,267.7566,2005,3,,,
The Mix Group,7.5 Million,267.6395,2003,3,,,
Mpact Strategic Consulting,7.6 Million,267.5397,2007,2,,,
ERP Maestro,2.4 Million,267.4302,2013,2,,,
Magnolia Boutique,6 Million,267.3037,2013,2,,,
LandSouth Construction,288.1 Million,267.2587,1998,3,,,
The Vested Group,10.7 Million,267.1984,2011,3,,,
Cortina Solutions,2.7 Million,267.1003,2012,1,,,
Lafayette Metal & Glass Company,40.1 Million,267.0764,1899,1,,,
Ops Tech Alliance,4.4 Million,266.6477,2012,2,,,
TIME Systems,3.3 Million,266.6329,2005,3,,,
Lighter Capital,16 Million,266.5826,2012,4,,,
Intuitive Web Solutions,13.5 Million,266.54,2004,3,,,
Ardent Eagle Solutions,11.8 Million,266.4912,2012,4,,,
Boutique Recruiting,3.3 Million,266.1833,2014,1,,,
PerkSpot,16.1 Million,265.802,2006,1,,,
WamBam Fence,7.3 Million,265.1659,2009,1,,,
SMR Holdings,25.1 Million,264.8044,2014,1,,,
Brown Fox PLLC,2.8 Million,264.7544,2010,1,,,
Ruckus Marketing,5 Million,264.302,2005,4,,,
Pacifica Consulting Services,12.7 Million,264.1889,2012,3,,,
Zerto,114.4 Million,263.9992,2009,2,,,
Garland Technology,11.6 Million,263.6545,2011,3,,,
CirrusLabs,18.4 Million,263.4435,2005,1,,,
Northwest Healthcare,5.4 Million,263.432,1999,3,,,
VividFront,2.9 Million,263.3651,2009,1,,,
Auditmacs,18.9 Million,262.7818,2003,4,,,
Nationwide IT Services,17.9 Million,262.4791,2006,4,,,
Bespoke Sports & Entertainment,6.1 Million,262.4139,2014,1,,,
Hero Digital,48.5 Million,262.3403,2014,2,,,
Diversified,741.4 Million,262.3297,1993,4,,,
Credence Management Solutions,117.6 Million,262.2721,2005,8,,,
ViewSport International,7 Million,262.0528,2010,1,,,
Stack Construction Technologies,4.3 Million,262.0008,2012,3,,,
meQuilibrium/New Life Solution,5.3 Million,261.9162,2011,1,,,
Myles Apparel,2.5 Million,261.8632,2014,1,,,
Malka,6 Million,261.6157,2013,2,,,
BigBinary,3.4 Million,261.138,2011,3,,,
Epic Property Management,3.2 Million,260.0219,2009,1,,,
Goldfish Swim School Franchising,7.6 Million,259.9332,2009,5,,,
ProjectManager.com,4.9 Million,259.4253,2008,1,,,
Terra Exports,48.9 Million,259.3302,2012,2,,,
Purchasing Group,6.4 Million,258.6108,2013,2,,,
Cloudticity,7.4 Million,258.3762,2011,1,,,
A. Prentice Ray,7 Million,258.3753,2014,3,,,
MartinFederal,16.9 Million,258.2751,2007,3,,,
QFS,33.5 Million,258.202,2001,4,,,
Heaton Dainard Real Estate,6.6 Million,257.989,2010,4,,,
Five Doors Network,3.6 Million,257.9007,2014,2,,,
GreenWorks Service Company,2.1 Million,257.6935,2009,1,,,
Becker Logistics,80.5 Million,257.6799,1997,2,,,
GIS Surveyors,8.9 Million,257.3326,2013,2,,,
Taulia,48.8 Million,257.0561,2009,1,,,
KensieMae,3.5 Million,257.0379,2013,1,,,
Advanced Technology Logistics,21.2 Million,256.9709,2009,2,,,
Kingsmen Software,5.6 Million,256.8528,2013,1,,,
Hologenix,3.7 Million,256.8116,2002,2,,,
Franklin Media,3.4 Million,256.6885,2012,3,,,
Instinct Dog Behavior & Training,2.2 Million,256.5431,2009,1,,,
Fulton Grace Realty,11.5 Million,256.4593,2008,5,,,
Innovatemap,4 Million,256.4165,2014,2,,,
Ramsey & Walker,12.1 Million,256.3098,2012,2,,,
TruFusion,9.7 Million,256.2968,2013,1,,,
Precise Software Solutions,25.1 Million,256.1179,2003,2,,,
ZoCo Design,2 Million,256.0751,2013,1,,,
GeoLinks,14.8 Million,255.7464,2011,3,,,
FormAssembly,7 Million,255.5003,2006,1,,,
Uber Bazaar,5.6 Million,255.4629,2013,2,,,
Kiki LaRue,3.2 Million,255.2655,2013,2,,,
Proforma BrandCentric Solutions,4.2 Million,255.2654,2005,2,,,
PopShorts,2.6 Million,255.2527,2013,2,,,
Allied Universal,5.8 Billion,255.1902,1957,10,,,
InfiniSource Consulting Solutions,10 Million,254.8132,2008,2,,,
540.co,8.3 Million,254.7855,2013,3,,,
Sauce Labs,50.6 Million,254.7472,2008,4,,,
Renaissance Windows & Doors,9.5 Million,254.6777,1997,1,,,
Barbee Jackson Insurance,6.3 Million,254.3539,2009,1,,,
Whitestone Branding,2.8 Million,254.2169,2013,2,,,
Einstein PEO,32.8 Million,254.001,2007,3,,,
Axe Prime,3.1 Million,253.7806,2015,1,,,
Optmyzr,3.8 Million,253.754,2014,2,,,
Well Told,3.1 Million,253.562,2012,1,,,
Camp Gladiator,53.3 Million,253.4951,2008,7,,,
Mfrg-Icon Construction,89.5 Million,253.2675,2002,1,,,
Metis Solutions,58.2 Million,253.2641,2010,6,,,
Rainmaker Ad Ventures,28.3 Million,253.0606,2004,5,,,
Tattersall Companies,2.8 Million,252.9849,2014,1,,,
The GFB: Gluten Free Bar,9.1 Million,252.3274,2010,1,,,
Accelerate Solar,7.3 Million,252.1463,2012,2,,,
Callibrity Solutions,6.9 Million,252.0455,2007,3,,,
Construction Plus,3.6 Million,251.9542,1988,1,,,
Big Hammer Wines,2.1 Million,251.9223,2009,2,,,
TFM Truckload,12.6 Million,251.711,2009,5,,,
Mortgage Financial Services,25.1 Million,251.5738,2003,4,,,
The Participation Agency,8.4 Million,251.5163,2011,4,,,
SalesLoft,26.1 Million,251.5139,2011,2,,,
Kaizen Technology Partners,11.6 Million,251.3436,2013,3,,,
OppGenetix,2 Million,251.3099,2014,1,,,
Ecogistics,14.3 Million,251.0568,2009,3,,,
StaffRehab,13.1 Million,250.6411,2009,4,,,
Alkemy Partners Instruction and Design,2.1 Million,250.6396,2012,1,,,
Explotrain,2.7 Million,250.507,1998,2,,,
Healthcare Solutions Direct,2.7 Million,249.8868,2014,1,,,
Eaglestone,7.8 Million,249.8268,1990,1,,,
FloodBreak,12.5 Million,249.306,2001,2,,,
R2C,5 Million,249.2939,2011,1,,,
Triad,11.1 Million,248.2284,2011,1,,,
Kerberos International,4.1 Million,248.1487,2006,2,,,
Priority Ambulance,145 Million,247.9218,2014,2,,,
Corporate Tax Advisors,3.2 Million,247.8828,2014,1,,,
Stride Consulting,17.4 Million,247.8524,2014,2,,,
ESO,35.9 Million,247.793,2004,7,,,
Origami Risk,59.2 Million,247.68,2009,2,,,
Westview Productions,5 Million,247.5575,2004,1,,,
3Blue Media,8.5 Million,246.9837,2011,1,,,
Signature Analytics,12 Million,246.8322,2008,4,,,
Seriously,69.4 Million,246.4922,2013,2,,,
Chefman,59.1 Million,246.4618,2009,1,,,
twelve NYC,30.1 Million,246.41,2004,2,,,
Scorpion,253.9 Million,246.3106,2001,9,,,
Overdrive Brands,27.9 Million,246.176,2014,3,,,
IT Authorities,33.7 Million,245.9999,2006,7,,,
Mac's LTC Pharmacy Solutions,6.3 Million,245.5337,2012,3,,,
123ws.com,7 Million,245.4085,2001,1,,,
Greenlink Financial,29.6 Million,245.4026,2014,2,,,
Direct Components,12 Million,245.3106,1998,2,,,
Seller Labs,7.6 Million,245.1527,2015,2,,,
JD Precision Plumbing Services,3.9 Million,244.8468,2010,2,,,
Nearshore Technology,16 Million,244.7538,2013,2,,,
Weris,5.1 Million,244.2942,2003,1,,,
WillowTree,45.6 Million,244.0306,2007,8,,,
The DVI Group,2.7 Million,243.978,2000,1,,,
Rational Interaction,66.2 Million,243.8773,2009,5,,,
Peak Dental Services,37.7 Million,243.7707,2008,3,,,
Obsidian Solutions Group,38 Million,243.7345,2010,2,,,
Fairbridge Partners,31.2 Million,243.3533,2013,1,,,
Livewell Clinic,2.5 Million,243.1964,2008,2,,,
Digital Brew,2.2 Million,243.1715,2011,1,,,
5by5,3.2 Million,242.6595,2014,2,,,
Punch Bowl Social,89.4 Million,242.4731,2012,3,,,
ConsumerAffairs,29.3 Million,242.4664,1998,3,,,
Mars Services,6 Million,242.2893,2011,3,,,
MAS Global Consulting,7 Million,242.0437,2013,2,,,
StatGear,2.7 Million,241.9029,2010,1,,,
Source 1 Solutions,9.1 Million,241.8317,2011,2,,,
Artemis Consulting,11.7 Million,241.6266,1999,4,,,
Rebellion Photonics,4.8 Million,241.3028,2011,3,,,
InnovateEd,4 Million,241.2178,2007,2,,,
intlx Solutions,3.1 Million,240.8541,2015,1,,,
Seal Software,24.4 Million,240.8317,2010,3,,,
Integrity Express Logistics,411.9 Million,240.5914,2007,8,,,
Mission Field,2.6 Million,240.5302,2012,1,,,
Cambay Consulting,14.3 Million,240.2561,2012,4,,,
Sourcetoad,2.9 Million,240.0401,2008,2,,,
CorLife,6 Million,239.98,2011,1,,,
Passio Technologies,3.4 Million,239.828,2010,2,,,
Silverback Strategies,11.2 Million,239.7954,2007,5,,,
NextGen Federal Systems,15 Million,239.6871,2012,4,,,
Tripleseat,7.5 Million,239.3822,2008,2,,,
Sonatype,40.7 Million,239.1147,2008,3,,,
iTechArt Group,49 Million,239.0772,2002,2,,,
Flexton,21.4 Million,238.9774,2007,5,,,
Xtenfer Consulting,5.7 Million,238.7248,2002,3,,,
Tenfold,3.9 Million,238.5077,2014,2,,,
Avant Healthcare Professionals,77 Million,238.2975,2003,5,,,
Need Supply Co.,36.3 Million,237.8886,1996,2,,,
Grow Op Farms,33.3 Million,237.8189,2014,1,,,
Advent Health Partners,8.3 Million,237.2617,2010,1,,,
CopaSAT,19.7 Million,237.1881,2014,2,,,
Reservations.com,50.9 Million,237.0923,2014,1,,,
Global Lending Services,238.2 Million,237.0611,2011,4,,,
Broad Sky Networks,6.6 Million,236.9447,2003,3,,,
Sawtst,35.5 Million,236.7482,2006,6,,,
Open Lending,52.4 Million,236.5983,2000,3,,,
Wilson Shaw Information Technology,3.6 Million,236.5642,2011,3,,,
Brand Bureau,9.7 Million,236.5454,2015,1,,,
Travlu.com : DHD Hospetality Services,7.5 Million,236.3798,2013,3,,,
Ivy Lane,24.7 Million,236.3384,2012,3,,,
Klymit,19.1 Million,236.2594,2007,4,,,
American Hartford Gold Group,34.7 Million,236.1341,2015,1,,,
Poseidon Systems,3.6 Million,236.0195,2010,2,,,
Lemonlight,3.3 Million,235.2509,2014,2,,,
Zentra,22.9 Million,235.0994,2012,2,,,
Tresata,18.4 Million,234.9963,2011,4,,,
70E Solutions,10.1 Million,234.9936,2005,4,,,
National Coatings,28.1 Million,234.6787,1996,4,,,
One Source Companies,2.4 Million,234.5942,2013,2,,,
Reliable Relamping,36.4 Million,234.55,1996,3,,,
K3 Solutions,3.1 Million,234.4885,2006,2,,,
Trendsformers,3.7 Million,234.2509,2009,1,,,
Accountfully,2.3 Million,234.2438,2012,1,,,
Worth Clark Realty,17.2 Million,233.9324,2009,4,,,
Piedmont Payment Services,3.7 Million,233.6818,2008,2,,,
Endeavor Schools,79.1 Million,233.6295,2012,2,,,
Science and Medicine Group,12.7 Million,233.0868,1994,1,,,
GigSalad,14.4 Million,232.9565,2007,5,,,
Turo,92.1 Million,232.8211,2010,1,,,
Golden Gate BPO Solutions,22.7 Million,232.7989,2006,4,,,
Beyond Codes,6.5 Million,232.7181,2008,4,,,
Greg Norman & Associates,9.3 Million,232.5679,2004,1,,,
Freedom Healthcare Staffing,20 Million,232.4442,2005,2,,,
Priority Title & Escrow,7.1 Million,232.4439,2005,3,,,
Spice Jungle,8.9 Million,232.3691,2005,4,,,
DiscoverOrg,148.7 Million,232.2976,2007,1,,,
Firebird Analytical Solutions and Technologies,8.9 Million,232.1896,2011,1,,,
Windy City Equipment (WCE),7.2 Million,232.1663,2003,2,,,
Acertus,170.7 Million,231.7625,2010,1,,,
Electrostar Electronics Recovery Solutions,2.5 Million,231.6891,2010,1,,,
Technical Assurance,44.6 Million,231.4125,1993,4,,,
The Ceres Group,6.5 Million,231.3531,2013,3,,,
Neo Prism Solutions,12.6 Million,231.263,2011,4,,,
Impact Branding & Design,6.8 Million,231.2138,2009,2,,,
Alpha Structural,21.5 Million,231.2064,1993,2,,,
Gulf Coast Crating,11.1 Million,231.1668,2013,3,,,
Petra Coach,5.1 Million,231.0289,2011,3,,,
Studio III Marketing,6.8 Million,230.9237,2012,3,,,
Fusion Medical Staffing,215.1 Million,230.8929,2009,4,,,
Trinity Packaging Supply,27.2 Million,230.825,2010,5,,,
Scotto,2.4 Million,230.7901,2014,2,,,
Equiscript,8.5 Million,230.7894,2009,4,,,
Argus Merchant Services,5.8 Million,230.7441,2014,2,,,
Creative Systems and Consulting,30.1 Million,230.7184,2010,5,,,
Picore International,24.8 Million,230.4217,2002,5,,,
Pierce Education Properties,78.6 Million,230.2556,1995,2,,,
PIRS Capital,11.9 Million,230.2228,2012,1,,,
FTK Constructions Services,75.8 Million,230.1178,2001,1,,,
Nelson,226.1 Million,230.038,1977,1,,,
Tilson Technology Management,71.4 Million,229.8936,1996,9,,,
New Signature,52.5 Million,229.6776,2003,8,,,
SkyHop Global,13.4 Million,229.5904,2014,1,,,
Sage Millimeter,14.1 Million,229.5353,2011,2,,,
Vitality Bowls Enterprise,23.3 Million,229.4744,2011,2,,,
Keller Williams Legacy,22.3 Million,229.0977,2014,1,,,
I.T. Works Recruitment,14.2 Million,229.0396,2013,2,,,
Cardiva Medical,21.4 Million,228.9692,2002,2,,,
Three T's Properties,2.4 Million,228.9616,2013,2,,,
Tier4 Advisors,2.6 Million,228.7853,2013,2,,,
SoBe Promos,7.1 Million,228.7713,2011,4,,,
CoSolutions,15.9 Million,228.655,1998,1,,,
Strait,7.3 Million,228.631,2006,2,,,
Bolton Remote,5 Million,228.5659,2013,2,,,
Noble.com,368.6 Million,228.4546,2003,1,,,
Source Ortho,9.4 Million,228.4097,2012,3,,,
Halo Maritime Defense Systems,8.4 Million,228.2692,2008,1,,,
NetImpact Strategies,36.6 Million,228.1753,2009,6,,,
Dave Burgess Consulting,5 Million,228.0277,2012,2,,,
Red Oak Compliance Solutions Holdings,3.3 Million,227.6732,2010,1,,,
Polaris Logistics Group,14.5 Million,227.5677,2013,2,,,
ERP Advisors Group,2.5 Million,227.3115,2010,1,,,
Go Fish Digital,5.7 Million,227.2141,2005,3,,,
Whoice USA,27 Million,226.9164,2013,2,,,
3B Medical,12.5 Million,226.8661,2011,1,,,
Semihandmade,12.6 Million,226.6589,2012,5,,,
Venza,3.8 Million,226.4683,2008,2,,,
Affinity Dental Management,25 Million,226.3141,1999,1,,,
Nationwide Transport Services,16.9 Million,226.2742,2009,3,,,
Altaworx,7.7 Million,226.2605,2001,3,,,
Spear Physical Therapy,35.5 Million,226.1369,1999,6,,,
Bioluz LED,3.7 Million,225.9423,2013,2,,,
Saltwater Collective,9.1 Million,225.7977,2009,1,,,
Baldwin Risk Partners,79.8 Million,225.6612,2011,6,,,
Lightbeam Health,21 Million,225.5824,2012,2,,,
Files.com,4.5 Million,225.4085,2008,1,,,
SilverCloud,6.9 Million,225.3077,2005,1,,,
Utility Concierge,5.7 Million,225.1216,2009,2,,,
MPLT Healthcare,30 Million,225.0945,2012,1,,,
Fab Glass and Mirror,7.9 Million,225.0693,2012,4,,,
Sparkle In Pink,15.2 Million,224.9292,2011,3,,,
Katz Capital,8.3 Million,224.5835,2011,1,,,
Spears Consulting Group,2.8 Million,224.5095,2008,1,,,
BahFed,44.7 Million,224.5072,2011,4,,,
Assisted Living Locators,2.6 Million,224.3589,2006,1,,,
pNeo,3.4 Million,224.1388,2008,2,,,
Kopis Mobile,2.7 Million,223.7307,2013,3,,,
The Institute for Wealth Management,8.2 Million,223.545,2003,3,,,
Phoenix Financial Services,21.6 Million,223.5257,2014,2,,,
Fortress Credit Professionals,2 Million,223.445,2007,2,,,
Apex Infinite Solutions,2.1 Million,223.4047,2012,1,,,
Traditions Health,47 Million,223.1616,2009,1,,,
Navigate Power,6.2 Million,223.154,2012,3,,,
Oscar Orduno,36.6 Million,223.1182,2014,1,,,
Senior Solutions Home Care,14.1 Million,223.1051,2010,2,,,
Mindgruve,26.5 Million,222.8809,2001,2,,,
Perfect Snacks,84.1 Million,222.6079,2005,2,,,
Orangetheory Fitness,179.6 Million,222.5647,2009,6,,,
DoubleMap,9.8 Million,222.3979,2011,4,,,
KLDiscovery,296.3 Million,222.2068,2005,8,,,
GrapeTree Medical Staffing,44.3 Million,221.7811,1999,4,,,
Innovative Collaboration,5.6 Million,221.5085,2014,1,,,
22nd Century Technologies,166.3 Million,221.4911,1997,11,,,
HealthMark Group,8.9 Million,221.4819,2006,5,,,
Countrywide Realty Partners,2.9 Million,221.4535,2012,1,,,
Longneck & Thunderfoot,2.6 Million,220.595,2013,1,,,
HJR Global,10.6 Million,220.5689,2012,3,,,
Fuse3 Solutions,3 Million,220.5654,2013,1,,,
JWB Real Estate Capital,92.1 Million,220.5307,2006,8,,,
Kobie Marketing,144.3 Million,220.431,1990,9,,,
Plutora,8.1 Million,220.4191,2011,2,,,
Adeptus Solutions,2.4 Million,220.4182,2008,1,,,
BlueSnap,50.8 Million,220.1763,2001,2,,,
Zero Gravity Marketing,5 Million,220.1159,2012,1,,,
Base4,11 Million,219.7031,2009,4,,,
OneTrust Home Loans,51.8 Million,219.4247,2013,3,,,
Josh's Frogs,6.8 Million,219.3819,2004,2,,,
Applied Resource Group,4.6 Million,219.3589,2010,3,,,
Advance Financial,323.3 Million,218.9602,1996,8,,,
Executive Placements,2.8 Million,218.8808,2014,1,,,
Credit Repair Cloud,4.2 Million,218.7608,2013,1,,,
BDI,2.2 Million,218.2137,2001,1,,,
InfoTrust,8.7 Million,218.1005,2006,5,,,
Hyperquake,13.6 Million,217.9541,1986,2,,,
Tender Loving Empire,4.1 Million,217.9172,2007,2,,,
Avanti Systems USA,3.8 Million,217.8708,2006,3,,,
Vetsource,139.6 Million,217.5546,2008,3,,,
Intelliforce-IT Solutions Group,6.4 Million,217.4122,2012,3,,,
Geraci Law Firm,10.1 Million,217.0514,2007,3,,,
Whistle Sports,32.7 Million,217.0427,2007,2,,,
MyComputerCareer,57.2 Million,217.0131,2007,2,,,
Welltok,83 Million,216.8127,2009,5,,,
Vesta Preferred,3.8 Million,216.8044,2009,2,,,
Userful,5.3 Million,216.7725,2003,1,,,
Rootstrap,5.1 Million,216.6938,2015,1,,,
Green Cloud Technologies,22.7 Million,216.528,2011,4,,,
BluePeak Technology Solutions,3.9 Million,216.4773,2008,1,,,
Tiesta Tea Company,7.6 Million,216.4414,2010,3,,,
Beneficial Blends dba Kelapo,16.9 Million,216.4184,2009,1,,,
Sunset Healthcare Solutions,43.6 Million,216.0597,2004,8,,,
Agilisium Consulting,13.8 Million,216.0474,2013,3,,,
Spot Freight,201.4 Million,215.9527,2009,6,,,
Big Block Realty,60.6 Million,215.7587,2012,4,,,
P2sample,21.7 Million,215.4435,2010,4,,,
Crunch Fitness West Florida and Atlanta (CR Fitness),34.6 Million,215.4069,2012,4,,,
Signature Transportation Group,10.6 Million,215.326,2014,2,,,
Black Button Distilling,2.9 Million,215.142,2012,2,,,
Opex Technologies,3 Million,214.9947,2004,2,,,
Secunetics,11.6 Million,214.8509,2005,1,,,
Elevate,4.5 Million,214.8251,2013,3,,,
Telarus,119.1 Million,214.7387,2002,3,,,
G Fuel,25 Million,214.1379,2004,4,,,
National Land Realty,12.6 Million,213.4959,2007,3,,,
SKG,57.7 Million,213.2864,1995,2,,,
Health Products For You,14.7 Million,213.2499,2002,2,,,
Facilities Maintenance Management,17.7 Million,213.1298,2010,5,,,
Banquest Payment Systems,3.7 Million,212.9848,2011,2,,,
Lumber One Services,35.2 Million,212.9815,2008,6,,,
Align Technical Resources,3.9 Million,212.8964,2012,2,,,
Caliber Corporate Advisers,2.7 Million,212.5765,2010,1,,,
Adpearance,17.2 Million,212.5471,2009,4,,,
Boomerang DM,2.4 Million,212.2694,2010,1,,,
Steam Logistics,27.8 Million,212.1506,2012,3,,,
NextHome,6.3 Million,212.0191,2014,1,,,
ndVOR Solutions,7 Million,211.9962,2009,3,,,
ClearCompany,15.1 Million,211.7477,2004,4,,,
Premier Coil Solutions,56.6 Million,211.7181,2011,1,,,
Inside Ventures,20.7 Million,211.4075,2010,1,,,
Summus Group,5.8 Million,211.2069,2012,3,,,
Central Vapors,3 Million,211.1731,2013,1,,,
Nam Technologies,7.9 Million,210.983,2003,3,,,
Done Right Merchandising,9.5 Million,210.851,2006,3,,,
Restaurant Partners Procurement,2.6 Million,210.444,1992,1,,,
Fieldstone Homes,153.8 Million,210.319,1981,2,,,
Pointe Pest Control-ID,13.3 Million,210.2371,2006,1,,,
Unosquare,26.9 Million,210.0207,2009,5,,,
Modern Market Master,15.1 Million,210.0123,2006,1,,,
StrategyWise,2.2 Million,209.612,2013,2,,,
Rhino Fleet Tracking,5 Million,209.5899,2007,1,,,
United Installs,10.6 Million,209.2425,2012,5,,,
Lightspeed Voice,6.3 Million,209.2255,2009,4,,,
Magneti,2.6 Million,209.2065,2010,2,,,
Pharmapacks,206.1 Million,209.1756,2010,5,,,
Higher Logic,59.6 Million,209.0306,2007,7,,,
Stewardship,2.5 Million,208.9951,2007,1,,,
InRhythm,26.1 Million,208.7608,2002,7,,,
RoundTower Technologies,445.6 Million,208.5325,2007,8,,,
Brandlive,4.2 Million,208.5264,2012,3,,,
Reliant Vision Group,5 Million,208.4482,2013,2,,,
Meredith Lodging,11.6 Million,208.0175,2005,2,,,
Energy Lighting Services,6.9 Million,207.9583,2010,2,,,
Felix Media Solutions,3.8 Million,207.8928,2010,1,,,
Pye-Barker Fire,67.4 Million,207.8745,1946,1,,,
ConnXus,2.1 Million,207.7844,2010,1,,,
VEA Foods,5.2 Million,207.6498,2012,1,,,
Cantor Property Services,8.5 Million,207.5937,1990,1,,,
Trade Ideas,7 Million,207.415,2003,3,,,
Dovel Technologies,209.7 Million,207.3488,2005,4,,,
ProfitOptics,8.1 Million,207.3394,2008,5,,,
IronArch Technology,8 Million,207.2513,2013,2,,,
IT Veterans,7.9 Million,207.183,2009,2,,,
Brother's Mechanical,55.7 Million,206.3214,1999,2,,,
Allturna,2.1 Million,206.233,2012,1,,,
Ryan Insurance Services,2.1 Million,206.219,2014,1,,,
CPR1,2.2 Million,206.1712,2014,1,,,
Noury Construction,7.7 Million,206.154,2010,1,,,
Leading Edge Aviation,27.5 Million,206.1425,2005,3,,,
SOR Technology,99.4 Million,206.1146,2004,4,,,
Stake Center Locating,71.1 Million,206.1056,1997,1,,,
Conversica,38.1 Million,206.1028,2007,4,,,
SkyRun Vacation Rentals,19.3 Million,206.0553,2008,1,,,
G-Squared Partners,4.2 Million,206.0151,2012,3,,,
Benzer Pharmacy,352.3 Million,206.0046,2009,5,,,
Cultiva,3 Million,205.9907,2011,2,,,
SRP Environmental,14.4 Million,205.9258,1996,4,,,
EnTouch Controls,11.7 Million,205.8484,2008,3,,,
Little Sunshine's Playhouse,36.1 Million,205.7924,2002,5,,,
Mark Spain Real Estate,19.5 Million,205.6742,1997,4,,,
Coast Medical Service,9.2 Million,205.587,1979,3,,,
The Salas Team,2.6 Million,205.5716,2003,1,,,
McClure,38.9 Million,205.4643,1956,4,,,
SinglePoint Global,10.9 Million,205.4482,2010,3,,,
Bubbies Homemade Ice Cream and Desserts,23.6 Million,205.4465,1985,2,,,
DayBlink Consulting,16.2 Million,205.4294,2013,3,,,
Scanco Software,10.1 Million,205.3401,1989,3,,,
beMatrix USA,18.4 Million,205.1964,2012,3,,,
Hindsight Software Solutions,5.3 Million,205.036,2013,3,,,
Otter's Chicken,3.6 Million,204.9546,2010,2,,,
Reputation.com,45.7 Million,204.8575,2006,1,,,
TBX,6.2 Million,204.8028,2013,3,,,
Ivalua,73.5 Million,204.6828,2000,1,,,
Gold Medal Pools,66.5 Million,204.4884,1997,1,,,
Carnivore Meat Company,19.5 Million,204.3721,2012,1,,,
Denver Design Build,21.5 Million,204.3315,2010,2,,,
BioAgilytix,57 Million,204.1812,2008,6,,,
Eight Oh Two Marketing,2.7 Million,204.1746,2009,1,,,
Synapse Business Systems,3 Million,204.0911,2013,1,,,
Within Interior Design,19 Million,204.0229,2007,1,,,
Sigma Tax Pro,3.9 Million,203.9826,2013,2,,,
CC&D,7.7 Million,203.9808,2014,1,,,
The HCI Group,229.8 Million,203.5975,2008,7,,,
Texan Allergy and Sinus Center,26.7 Million,203.4335,2012,3,,,
NEwhere,14.2 Million,203.4088,2012,1,,,
TeleVoIPs,2.2 Million,203.3384,2014,1,,,
Furniture Clinic,2.2 Million,202.9789,2013,1,,,
Kline Home Exteriors,5.1 Million,202.8894,2009,1,,,
GP Transco,84.9 Million,202.3411,2006,4,,,
Legalpeople/The Partners Group,62.4 Million,202.3257,1999,2,,,
FountainheadME,7.1 Million,202.3251,2014,1,,,
Blue Sky IT Partners,6.6 Million,202.265,2010,1,,,
Wizard Labels,7.4 Million,202.2631,2013,1,,,
Trust Security Services,3.9 Million,202.1093,2010,2,,,
Baby Bling,5.5 Million,202.0836,2005,2,,,
DirectDefense,10.3 Million,201.9266,2011,4,,,
CrossCountry Mortgage,333.4 Million,201.9238,2003,6,,,
LGCY Power,46.8 Million,201.8173,2014,1,,,
Seneca Resources,23.5 Million,201.7699,2008,4,,,
ProLink Staffing,82.5 Million,201.5518,2011,2,,,
Pinnacle Furnished Suites,5.8 Million,201.3768,2014,2,,,
Sportsdigita,4 Million,201.3731,2011,1,,,
Nationwide Logistics,74 Million,201.2344,2007,4,,,
Teleradiology Specialists,25.2 Million,201.1783,2004,3,,,
Owenby Law,3.4 Million,201.1607,2004,3,,,
121 USA,2.2 Million,201.1369,2012,1,,,
Honest Abe Roofing,10.4 Million,201.1262,2007,2,,,
Moore Solar / Heating / Cooling,27.6 Million,201.0986,2009,6,,,
The K Company Realty,30.2 Million,200.9533,2009,5,,,
Perpetual:,4.1 Million,200.9339,2013,2,,,
Eglentowicz Demoliiton,5.8 Million,200.879,2009,3,,,
Southern Striping Solutions,12.4 Million,200.7064,2009,1,,,
Provision Insurnace Group,3 Million,200.4909,2013,2,,,
Rethink Autism,18.5 Million,200.3997,2007,2,,,
WesternTechSystems,146.5 Million,200.2889,2009,2,,,
Alliance Family of Companies,79.6 Million,200.2047,2006,5,,,
RKC Products,2 Million,199.9173,2015,1,,,
Hilgers Graben,3.1 Million,199.771,2011,3,,,
Paradise Exteriors,37.4 Million,199.7087,2007,2,,,
Big Elk Energy Systems,31.9 Million,199.6259,2013,2,,,
POTENZA,19.7 Million,199.622,2007,6,,,
ProScribe,23.1 Million,199.6019,2010,2,,,
Superior Print and Exhibit,2 Million,199.5614,2012,1,,,
Sidebench,4 Million,199.5339,2012,3,,,
Skin by Lovely,11.3 Million,199.5137,2009,3,,,
Custom Pro Logistics,31 Million,199.4556,2013,2,,,
Orange Tree Staffing,3.4 Million,199.4518,2010,1,,,
Northwest Career College,10.5 Million,199.4225,1997,2,,,
Apto,6.5 Million,199.1208,2012,4,,,
Opus Agency,140.7 Million,199.0779,1993,5,,,
All In One Custom Renovations,2.4 Million,198.6016,2013,1,,,
CloudSmartz,13 Million,198.5783,2012,4,,,
Premier Logistics Partners,10.5 Million,198.4644,2011,4,,,
Infoverity,19.1 Million,198.4533,2011,2,,,
Centralized Service,4 Million,198.3601,2002,1,,,
Capstone Fire & Safety,23 Million,198.3195,2007,2,,,
Retail Cloud Technologies,11.4 Million,198.3176,2007,1,,,
Maui Resort Rentals,5 Million,198.2522,2010,2,,,
SimplePart,7.3 Million,198.1821,2010,4,,,
MFI Medical Equipment,15.2 Million,198.1755,1980,2,,,
Back at You,7.1 Million,197.9975,2011,3,,,
Futuri Media,20.1 Million,197.9247,2009,6,,,
Scotlynn USA Division,192.8 Million,197.8103,2010,3,,,
Millennium Trust Company,141.9 Million,197.8075,2000,2,,,
CapGrow Partners,8.7 Million,197.7221,2005,2,,,
Marathon Strategies,10.8 Million,197.5924,2008,1,,,
Marketing Genome,5.5 Million,197.4743,2010,1,,,
RSB Environmental,2.2 Million,197.2403,2013,1,,,
Swiss American CDMO,76 Million,197.0512,1988,1,,,
J.W. Logistics,314.3 Million,196.886,2011,5,,,
Peak Properties Group,2.9 Million,196.7804,2010,1,,,
The Ventus Network,2.3 Million,196.6976,2012,1,,,
BiggerPockets,11.3 Million,196.5602,2004,2,,,
Oasys,13.9 Million,196.5007,2011,4,,,
Williamsburg Enterprises,28.2 Million,196.385,2009,1,,,
Elite Events & Rentals,3.1 Million,196.3738,2007,1,,,
Estrella Franchising,62.2 Million,196.2958,1980,1,,,
Merit Financial Group,22.1 Million,196.0968,2007,1,,,
Luxury Living Chicago Realty,7.7 Million,196.0406,2007,4,,,
Benton Roofing,26.8 Million,196.0311,1978,2,,,
Graham Technologies,15.1 Million,196.0065,2007,1,,,
Cognitus Consulting,9.5 Million,195.9236,2002,1,,,
Data Canopy Colocation,2 Million,195.9043,2009,1,,,
Farwell,5.9 Million,195.777,2012,3,,,
Sunpro Solar,56.7 Million,195.7239,2008,4,,,
Denny Cherry & Associates Consulting,2.1 Million,195.6733,2011,1,,,
Challas Group,4.6 Million,195.6186,2014,2,,,
Vertex Global Solutions,21.6 Million,195.6062,2011,1,,,
rewardStyle,63.2 Million,195.5148,2011,1,,,
Austin Capital Bank,11.3 Million,195.4403,2006,4,,,
Culprit Creative,2.4 Million,195.4105,2013,1,,,
Doing Good Works,2.2 Million,195.311,2015,1,,,
Universal Language Service,15.1 Million,195.2038,1996,4,,,
UNA,4.1 Million,195.1257,2012,1,,,
Isenberg Bath Corporation,2.7 Million,195.0805,2011,1,,,
Mightily,2.9 Million,194.976,2013,1,,,
Quantum Dynamics,5 Million,194.8681,2009,1,,,
Greasecycle,2.7 Million,194.865,2009,2,,,
Dizzion,6.6 Million,194.8307,2011,3,,,
Huss Brewing,5 Million,194.8275,2013,1,,,
GrayMatter,36.1 Million,194.6843,1991,4,,,
J2 Solutions,19.6 Million,194.6381,2002,2,,,
ProviderTrust,11.7 Million,194.4515,2010,4,,,
Diversified Conveyors International,450.9 Million,194.432,2000,1,,,
Structure Ventures,7.7 Million,194.2989,2010,1,,,
Inbenta Holdings,14.8 Million,194.2851,2005,1,,,
Spartan Value Investors,25.7 Million,194.2513,2011,6,,,
Flexible Staffing of Georgia,5.8 Million,194.2362,2013,1,,,
Chicken Salad Chick,29.1 Million,194.2189,2008,3,,,
Double A Labs,12.1 Million,194.0644,2013,1,,,
QC Manufacturing,25.8 Million,193.9039,2009,5,,,
Heartcore Women,5.1 Million,193.8396,2012,1,,,
Nou Systems,23.2 Million,193.8229,2011,3,,,
The Bachrach Group,52.1 Million,193.7634,1974,1,,,
Madwire,90.6 Million,193.6822,2009,7,,,
MacGregor Partners,9.7 Million,193.5897,2012,3,,,
Taktik Logistics Group,7.3 Million,193.4797,2015,1,,,
Americord Registry,7.2 Million,193.4243,2008,5,,,
Z Transportation,22.4 Million,193.2724,2006,2,,,
Accelerated Growth Advisors,3.4 Million,193.2286,2009,1,,,
OrthoFi,11.1 Million,193.1156,2013,2,,,
Savewize Wholesale Distribution,10.5 Million,192.9173,2011,2,,,
Smarsh,111.4 Million,192.5793,2001,12,,,
The Flyway Companies,3 Million,192.1723,2004,1,,,
SmartBug Media,8.9 Million,192.0765,2008,3,,,
Open Influence,19.8 Million,191.9722,2013,2,,,
SEO Werkz,4.4 Million,191.7296,2013,3,,,
YellowTelescope/SEOversite/iScreamSocialMedia,3.7 Million,191.5036,2008,2,,,
Conserva Irrigation Franchising,36.5 Million,191.4705,2010,1,,,
2nd Family,2.7 Million,191.4405,2011,1,,,
BeatBox Beverages,2.3 Million,191.2592,2012,1,,,
Apex Energy Solutions Georgia,5.5 Million,191.2535,2013,1,,,
Cava Companies,7.9 Million,191.2516,2007,1,,,
Dribbble,5.9 Million,191.1625,2009,2,,,
Incredible Technologies,113 Million,191.1569,1985,2,,,
Hawkers Asian Street Fare,17.6 Million,191.1453,2011,4,,,
Noetic Strategies,4.6 Million,191.0651,2006,1,,,
Acmetek Global Solutions,6.4 Million,191.064,2003,4,,,
Niha Technologies,2.6 Million,191.0042,2008,1,,,
F. H. Cann & Associates,36.4 Million,190.9894,1999,1,,,
Ceterus,6.1 Million,190.943,2008,4,,,
SRT Group,57.2 Million,190.8749,1999,4,,,
TrendHR,42.4 Million,190.8627,1997,4,,,
First Help Financial,29.8 Million,190.7293,2006,1,,,
Dynamic Pricing Partners,17.8 Million,190.6684,2009,2,,,
StraCon Services Group,18.2 Million,190.5402,2008,5,,,
Topstep,9.5 Million,190.3466,2012,3,,,
defi solutions,16.6 Million,190.3227,2012,3,,,
Praxent,8.3 Million,190.3068,2000,3,,,
ThinkLite,35.3 Million,190.2427,2009,3,,,
Pacific Packaging Products,17.3 Million,190.2222,2006,2,,,
Your Location Lubrication,10.1 Million,190.0437,2009,5,,,
SocialSEO,7.4 Million,189.6798,1997,3,,,
LRAP Association,7.5 Million,189.466,2008,1,,,
Imaginuity,76.8 Million,189.4074,2001,1,,,
Level 3 Audio Visual,27.7 Million,189.1883,1996,3,,,
GuidePoint Security,321.4 Million,189.1869,2011,4,,,
Agency EA,71.6 Million,189.0825,1999,5,,,
Funding Merchant Source,7.5 Million,188.9922,2007,1,,,
Quid,24.3 Million,188.9557,2010,1,,,
Lodging Access Systems,11 Million,188.8131,2002,1,,,
Brillient Corporation,31.8 Million,188.805,2006,4,,,
"CTI (Taylorville, IL)",4.1 Million,188.7962,1998,2,,,
Nutronics,17 Million,188.2722,1995,2,,,
Digital Media Solutions,156.2 Million,188.182,2012,6,,,
Rescue One Financial,57.1 Million,188.1753,2010,4,,,
Buffalo Computer Graphics,15.9 Million,188.1107,1982,1,,,
Bright Power,27.6 Million,187.9987,2004,4,,,
Stone Tower Winery,9 Million,187.9416,2007,2,,,
Retail Security Services,11.9 Million,187.9049,2014,1,,,
Everybodyfights,7.2 Million,187.8586,2014,1,,,
Blossom Ridge Home Health,16.9 Million,187.699,2011,1,,,
Star Building Services,3.3 Million,187.6538,2008,2,,,
Aureus Techsystems,6.6 Million,187.6055,2008,3,,,
Bridge Marketing,36.8 Million,187.4435,2010,3,,,
Tx3 Services,7.3 Million,187.3804,2014,1,,,
Q4Launch,4.4 Million,187.2921,2008,3,,,
Goettl Air Conditioning,69.3 Million,187.2861,1939,2,,,
ISN,60 Million,187.2439,1980,9,,,
Inspirix Technologies,3.6 Million,187.1201,2007,1,,,
CNC Machines,8.4 Million,186.9657,2014,1,,,
Denair HVAC,4.6 Million,186.852,2007,1,,,
ABT Plumbing Electric Heat,2.3 Million,186.6821,2001,1,,,
YCharts,7.2 Million,186.6793,2009,3,,,
Max Trans Logistics of Chattanooga,27.4 Million,186.608,2014,1,,,
Storm Smart,49.8 Million,186.6005,1996,5,,,
Wpromote,54.5 Million,186.5606,2001,11,,,
PrismHR,48.6 Million,186.4419,1985,1,,,
Vivaldi Music Academy,2.7 Million,186.3937,2012,2,,,
Energy 1,12.4 Million,186.3924,2009,6,,,
Ripple Effect,13.5 Million,186.3014,2003,3,,,
Qwinix Technologies,10 Million,186.2986,2012,1,,,
Flix Brewhouse,45.7 Million,186.2497,2011,2,,,
High Five Events,3.1 Million,186.0986,2003,1,,,
Fund&Grow,7.5 Million,186.0858,2007,4,,,
Parts Town,534 Million,186.0599,1987,11,,,
Circa Interactive,5.7 Million,185.9962,2011,2,,,
Holmberg Mechanical,65.8 Million,185.8796,1949,1,,,
Espee Biopharma & Finechem,42.1 Million,185.704,2009,1,,,
Automotive Avenues,91.1 Million,185.6612,2010,2,,,
Hill Technical Solutions,9.9 Million,185.6176,2010,3,,,
MJ Freeway,11.4 Million,185.579,2010,5,,,
Yellowstone Health & Rehab,2.2 Million,185.5082,1992,1,,,
Precision Staffing Services,3.2 Million,185.4668,2008,1,,,
SkuVault,5.8 Million,185.4209,2011,3,,,
Cloudnexa,34.5 Million,185.3153,2013,3,,,
Global Water Technology,6.8 Million,185.2209,1990,2,,,
Remarkable Liquids,21.2 Million,185.1698,2012,4,,,
Capstone Title,3 Million,185.1195,2013,2,,,
Innovecs,19.8 Million,185.0887,2011,3,,,
Landmark Properties,421.1 Million,185.0251,2004,1,,,
Cynergy Professional Systems,33.8 Million,184.94,2009,1,,,
Optiline Enterprises,35.2 Million,184.7977,2006,1,,,
Spectra360,19.6 Million,184.7848,2013,2,,,
Threshold,7.3 Million,184.6833,2013,1,,,
SageRider,61.7 Million,184.6057,2008,2,,,
SS Equipment Holdings,3.4 Million,184.4396,2011,1,,,
Network Builders IT,3.1 Million,184.4318,2006,1,,,
Creative Homes,66.3 Million,183.9998,2013,2,,,
Eagle Point Solar,11 Million,183.9265,2010,1,,,
Berlin Motors - Efendos Global,10.3 Million,183.8969,2011,1,,,
Frictionless Solutions,15.2 Million,183.8308,2014,1,,,
TechAspect Solutions,24.9 Million,183.7609,2000,1,,,
Smilepoint PLLC,12.4 Million,183.7463,2012,2,,,
New Project,5 Million,183.7366,2004,3,,,
Dogtown Media,2.6 Million,183.6643,2011,3,,,
Cali Bamboo,131.8 Million,183.4288,2004,11,,,
Boardroom Salon for Men,20.6 Million,183.3125,2004,6,,,
Absolute Web Services,3.3 Million,183.057,1999,2,,,
CoConstruct,11.1 Million,183.0092,2005,6,,,
Maryland Addiction Recovery Center,6.3 Million,182.9642,2013,2,,,
Arnold's Office Furniture,18.8 Million,182.8162,1929,2,,,
9Round,22.2 Million,182.7704,2008,5,,,
Onestaff Medical,57.2 Million,182.6927,2010,5,,,
Transportation One,39.7 Million,182.5908,2010,6,,,
DFPG Investments,27.5 Million,182.4446,2010,3,,,
VersaTech,39.1 Million,182.2675,2005,6,,,
Entire Productions,3.9 Million,182.2059,2001,2,,,
Book4Time,8.3 Million,182.1407,2005,1,,,
HMD Transport,13.9 Million,182.1055,2004,1,,,
Artlin Consulting,20.9 Million,182.0942,2011,1,,,
MST Solutions,15.7 Million,181.9956,2012,2,,,
Contigo Technology,2.2 Million,181.9709,2015,1,,,
Issquared,13.9 Million,181.8282,2010,5,,,
Branded Online,25.3 Million,181.6534,2010,1,,,
MediaAlpha,297.1 Million,181.6211,2010,5,MAX,496912192.0,9.38
TRAVEL EXCLUSIVE,3.3 Million,181.5911,2012,1,,,
Strategus,9.7 Million,181.5325,2013,2,,,
Reorg,42.3 Million,181.4735,2012,1,,,
Grit Technologies,3.6 Million,181.3528,2008,2,,,
Nix Companies,11.3 Million,181.344,1902,4,,,
MDScripts,6.1 Million,181.2991,2009,2,,,
Toro Taxes,2.1 Million,181.2501,2010,2,,,
Pinnacle Solutions,61.9 Million,180.9161,2008,7,,,
Webspec Design,5 Million,180.9138,2000,1,,,
Regal Pools,17.6 Million,180.7293,2009,2,,,
Logistic Dynamics,228 Million,180.6656,2003,10,,,
GroundWorks,92 Million,180.6342,1986,2,,,
beMarketing,2.1 Million,180.6295,2010,1,,,
Valintry,7.1 Million,180.3683,2013,3,,,
Revenue River,3.9 Million,180.2205,2009,2,,,
Liquid Audio,9 Million,180.2168,2008,1,,,
OPS Security Group,9.2 Million,180.2006,2012,2,,,
Artisan Media Group,5.6 Million,180.1815,2006,1,,,
Rastaclat,13.8 Million,180.17,2010,2,,,
Jaguar Fueling Services,25 Million,180.1665,2014,1,,,
Resonance,14.6 Million,180.1378,2005,1,,,
J&D Brush,84.9 Million,180.0317,1977,1,,,
Langford Allergy,3.3 Million,179.8681,2014,1,,,
Weby Corp,48.5 Million,179.7368,2009,6,,,
GatherUp,2.1 Million,179.731,2015,1,,,
Akshaya,22.3 Million,179.6353,2012,2,,,
ProPharma Sales,4.8 Million,179.4639,2013,2,,,
AvidXchange,124.9 Million,179.4065,2000,7,,,
Becker Wright Consultants,4.3 Million,179.386,2003,3,,,
GEM Manufacturing,10 Million,179.3379,2006,1,,,
Plum Creek Environmental Technologies,9.5 Million,179.2604,2009,3,,,
Skull Shaver,6.5 Million,179.2005,2012,2,,,
The Arbinger Institute,13.1 Million,179.1227,1979,1,,,
OmniPrint International,8 Million,179.1025,2004,2,,,
CEO Coaching International,9.6 Million,179.0972,2008,5,,,
Growth Institute,2.5 Million,179.0592,2012,2,,,
Intelligent Video Solutions,6.8 Million,178.9779,2014,3,,,
AdaptiBar,5.5 Million,178.8036,2003,3,,,
Praetorian,12.4 Million,178.5508,2011,6,,,
truDigital Signage,2.1 Million,178.5316,2011,1,,,
La Colombe Coffee Roaster,94.9 Million,178.2102,1994,2,,,
Magnolia River Services,63.9 Million,178.1924,2000,2,,,
Lenora Systems,15.8 Million,178.187,2012,3,,,
Novasyte,41.1 Million,178.1718,2008,7,,,
SkyLine Scaffold,15.2 Million,178.0732,2005,3,,,
"MillTown Plumbing, Heating, AC, and Drain Cleaning",8 Million,178.0471,1979,3,,,
EventSphere,4.5 Million,177.833,2010,3,,,
Renters Warehouse Houston,2.8 Million,177.4638,2013,1,,,
Veritas Prime,8.1 Million,177.3218,2013,2,,,
ITI Communications,13.8 Million,177.2607,2010,4,,,
Casino Cash Trac,6.7 Million,177.1844,2012,4,,,
ClearPlan,22.2 Million,177.1407,2013,1,,,
Murphy Door,5.7 Million,177.0118,2014,1,,,
Raney's,29.8 Million,176.9799,2010,4,,,
Modernizing Medicine,144.9 Million,176.6214,2010,5,,,
OmegaQuant,2.5 Million,176.5465,2009,1,,,
Cloudnexion,2.1 Million,176.3836,2012,1,,,
The Nutrition Corners,4.6 Million,176.3145,2010,3,,,
Show Imaging,13.2 Million,176.303,2009,2,,,
Pioneer Bank,45.3 Million,176.2676,2007,7,,,
Capacity,76.9 Million,176.2292,1999,6,,,
ecUtopia,3.9 Million,176.1972,2011,2,,,
LSP Technologies,11 Million,176.193,1995,1,,,
ManhattanHomeDesign.com,4.2 Million,176.1723,2005,2,,,
Jahnel Group,5.2 Million,176.098,2009,3,,,
Pipaya Partners,4.4 Million,176.0876,2009,3,,,
Teeming Vacation Rentals,13.2 Million,175.9615,2013,3,,,
JNS Media Specialists,7.3 Million,175.953,2008,1,,,
Emergency Restoration Xperts,12.8 Million,175.9485,2013,2,,,
MedEvoke,5.1 Million,175.9365,1999,1,,,
OnPar Technologies,4 Million,175.8069,2007,2,,,
MediRevv,56.1 Million,175.7547,2007,8,,,
Oakman Aerospace,4.6 Million,175.6917,2012,1,,,
Azalea Health Innovations,14.1 Million,175.651,2008,3,,,
eSquared Communication Consulting,28.8 Million,175.589,2001,6,,,
Cubby's,14.8 Million,175.5882,2012,2,,,
Squaremouth,13.5 Million,175.3362,2003,7,,,
NRI USA,40.3 Million,175.1586,2011,1,,,
Rising Sun Farms,13.7 Million,175.153,1985,8,,,
Adopt Technologies,3 Million,175.1452,2004,2,,,
BigSpeak Speakers Bureau,29.7 Million,175.1346,1995,5,,,
LSINC,12.7 Million,174.9417,2008,2,,,
Redeemers Group,7 Million,174.9318,2007,3,,,
Progressive Screens,6.2 Million,174.8983,2014,2,,,
Client Command,21.7 Million,174.8556,1999,8,,,
Health Catalyst,112.6 Million,174.7316,2008,7,HCAT,131698672.0,1.75
D&B Elite Construction Group,13.7 Million,174.7078,2010,4,,,
Host Healthcare,35.2 Million,174.6913,2012,3,,,
Teriyaki Madness,32.9 Million,174.6089,2003,3,,,
AchieveIt,3.9 Million,174.5775,2010,3,,,
G&G LED Lighting,6.3 Million,174.4377,2011,4,,,
Argotrak,3.9 Million,174.3293,2009,3,,,
The Ranger Group,11.2 Million,174.1951,2009,1,,,
Ad Results Media,157.6 Million,174.1609,1998,1,,,
Studio 11 Design,4 Million,174.0715,2011,2,,,
A+ Staffing,14.9 Million,174.0686,1995,2,,,
JCM Capital Investments,3.4 Million,174.0612,2012,2,,,
Real Social Dynamics,10.1 Million,174.0478,2002,2,,,
Talent Framework,13.5 Million,173.9427,2007,1,,,
MIS Solutions,5.9 Million,173.9277,1995,3,,,
Tripack,14.2 Million,173.894,2003,1,,,
Amicon Management,3.9 Million,173.874,2005,3,,,
Medisouth,31.2 Million,173.6652,2009,2,,,
GPS Trackit,31.6 Million,173.6276,2001,1,,,
Window Nation,132.4 Million,173.5947,2006,3,,,
SmartHouse Heating & Cooling,2.7 Million,173.5765,2008,1,,,
Plus Group,57 Million,173.5578,1996,2,,,
Levelset,7.4 Million,173.4596,2007,1,,,
Captive Alternatives,6.7 Million,173.3507,2000,3,,,
Agilis Systems,35.6 Million,173.2945,2004,3,,,
SMP Pharmacy Solutions,213.9 Million,173.2941,2003,11,,,
USConnect,13.8 Million,172.9187,2011,1,,,
BrandNex.com,5.3 Million,172.8228,2011,4,,,
BodyHealth,4.9 Million,172.7723,2000,1,,,
Jeni's Splendid Ice Creams,42.4 Million,172.7303,2002,1,,,
Fortified Data,5.7 Million,172.6808,2014,2,,,
Grand River Aseptic Manufacturing,27.4 Million,172.5962,2011,3,,,
SADA Systems,127.3 Million,172.5826,2000,12,,,
Los Angeles Distributing Company,12 Million,172.3482,2012,2,,,
Boa Logistics,20.5 Million,172.3153,2011,5,,,
MediaSmack,3.4 Million,172.1399,2013,2,,,
Data Storage Science,5.4 Million,172.1307,2008,1,,,
PeerSource,3.3 Million,172.0807,2011,3,,,
Integrated Biometrics,15.4 Million,171.785,2009,4,,,
Airosmith Development,16 Million,171.7408,2004,3,,,
Trio,9.2 Million,171.6349,1999,1,,,
Coldwell Banker Distinctive Properties,20.3 Million,171.4727,2006,1,,,
Collateral Management,16.1 Million,171.4122,2010,5,,,
Schadler Industrial,13.9 Million,171.2387,2010,1,,,
SSDM,2 Million,170.8223,2008,1,,,
Spangler Restoration,24.8 Million,170.813,2009,5,,,
BPO USA,17.5 Million,170.7322,2014,1,,,
EGen Solutions,45.7 Million,170.7114,2000,5,,,
Golden Financial Services Debt Settlement Corp.,2.1 Million,170.5116,2004,1,,,
Superior Restoration,8.9 Million,170.4854,2012,2,,,
Level 2 Legal Solutions,13 Million,170.4023,2009,3,,,
The Autumn Group,10.4 Million,170.394,2008,4,,,
Hawksearch,4.2 Million,170.3795,2012,2,,,
Sales Xceleration,2 Million,170.3265,2011,1,,,
Athletx Sports Group,9.5 Million,170.1207,2012,2,,,
PC Age,5.3 Million,169.7615,1991,5,,,
Uncomn,11 Million,169.7369,2010,1,,,
Intelpath,2.2 Million,169.5958,2010,2,,,
Triad RF Systems,4 Million,169.5694,2010,2,,,
Katalyst Group,3.4 Million,169.4673,2006,3,,,
OnSite Oilfield Service,9.3 Million,169.3183,2011,2,,,
National Petroleum,157.7 Million,169.292,2002,8,,,
Simply Dental Management,17.6 Million,169.1982,2005,1,,,
Poppin,62.1 Million,169.121,2009,3,,,
Phaidon International,119.8 Million,169.1087,2004,3,,,
Tallwave,8.9 Million,169.044,2009,5,,,
WellBiz Brands,34.8 Million,168.9561,2006,2,,,
Agency672,2.1 Million,168.9481,2013,1,,,
ISI Professional Services,9.9 Million,168.9284,1991,2,,,
OneDigital Health and Benefits,313.2 Million,168.926,2000,13,,,
Method Architecture,9.7 Million,168.918,2008,4,,,
Strolid,5.9 Million,168.8311,2014,2,,,
Edge Business Systems,12.7 Million,168.7715,2012,3,,,
Consumer Acquisition,6.2 Million,168.6878,2013,2,,,
Propeller,17.8 Million,168.6703,2012,3,,,
Millennium Alliance,17.2 Million,168.5778,2014,1,,,
P.R.O.S. Corporate Housing,5.5 Million,168.4434,2013,2,,,
Athena Technology Group,7.2 Million,168.1724,2010,3,,,
BattlBox,11.9 Million,168.0964,2015,1,,,
Converge Consulting,5.7 Million,168.0456,2011,4,,,
British Swim School,5.2 Million,167.8309,1981,3,,,
Abstrakt Marketing Group,23.3 Million,167.7372,2009,5,,,
Engineer.ai,34.1 Million,167.6863,2012,1,,,
Homespire Mortgage,34.2 Million,167.6785,2006,3,,,
Abode Luxury Rentals,7.8 Million,167.5928,2010,3,,,
Arixa Capital Advisors,7.8 Million,167.5623,2006,1,,,
Fathom Realty,84.3 Million,167.5266,2010,6,,,
Caldera Medical,19.2 Million,167.4842,2002,2,,,
Acuity Technologies,8 Million,167.0671,2002,1,,,
Symplr,63.1 Million,166.9676,2006,5,,,
"Stokes & Company, CPAs",2.3 Million,166.9388,1999,1,,,
Metric Theory,18 Million,166.9168,2012,3,,,
Enviro-Master International Franchise,17 Million,166.9119,2009,5,,,
Enseo,63.7 Million,166.9113,2000,4,,,
Equipment Management Group,15.5 Million,166.815,2008,4,,,
Edlogical Group Corp,2.2 Million,166.7831,2011,1,,,
Dane Manufacturing,29.6 Million,166.729,1917,5,,,
annLeo,2.2 Million,166.6508,2011,2,,,
Connexa,9.3 Million,166.6229,2008,2,,,
Sour Fish Events,2.3 Million,166.615,2012,1,,,
Prime TSR,7.5 Million,166.5394,2013,2,,,
Practice Promotions,4.5 Million,166.51,2012,1,,,
Net Conversion,9.5 Million,166.3009,2007,2,,,
Vee Technologies,29.4 Million,166.0374,2004,1,,,
Amijag,2.9 Million,165.9621,2001,2,,,
Priority Lighting,6.3 Million,165.6552,2009,4,,,
Sameday Insurance Services,5.9 Million,165.6491,2006,1,,,
Einstein Moving Company,6.4 Million,165.5447,2012,2,,,
Alight Analytics,5.6 Million,165.419,2007,4,,,
Storebound,61.3 Million,165.2415,2010,3,,,
January Digital,5.7 Million,165.2288,2012,3,,,
Enterprise Knowledge,6.7 Million,165.2071,2013,1,,,
Proozy,26.7 Million,165.172,2006,4,,,
Atlas Research,56.1 Million,165.1328,2008,6,,,
Nomad Financial,3.7 Million,165.1255,2013,2,,,
Aerodyne Industries,44.3 Million,165.0617,2006,1,,,
OMG Commerce,3 Million,164.9621,2010,1,,,
C&S Communications,7.6 Million,164.8509,2013,1,,,
Heritage Group,6.9 Million,164.8108,2011,4,,,
Modern American Recycling Services,67.8 Million,164.7873,1979,5,,,
Union,9.8 Million,164.7724,2002,1,,,
Future State Consulting,6.1 Million,164.7297,2012,1,,,
On Target Health,2.1 Million,164.7267,2014,1,,,
Premier Pools and Spas - Dallas,15.4 Million,164.6352,2011,1,,,
ZoomInfo,72.8 Million,164.6156,2000,7,GTM,1056729536.0,3.63
commonFont,3.5 Million,164.5876,2013,2,,,
Progressive Freight,18.1 Million,164.4357,2003,3,,,
Rockerbox,5.6 Million,164.4129,2013,2,,,
The Hay Legal Group,5.8 Million,164.357,2010,3,,,
Denton Floyd Real Estate Group,46.4 Million,164.2287,2008,1,,,
Reveneer,7.7 Million,164.2249,2013,1,,,
M2E,10.5 Million,164.2249,2005,2,,,
AOK RVs,14.6 Million,164.2011,2006,4,,,
JSK Transportation,10.6 Million,163.9027,2012,1,,,
A.M. Sun Solar,9.6 Million,163.7739,2012,4,,,
Sheds Direct,23.1 Million,163.7255,2013,2,,,
Sealink International,43.5 Million,163.6364,2003,3,,,
CFO Alliance,3.2 Million,163.6257,2008,3,,,
NXGN,3.6 Million,163.337,2012,1,,,
MediSked,10.3 Million,163.3271,2003,3,,,
Full Circle Research,3.5 Million,163.1701,2013,2,,,
Updox,13.8 Million,163.0913,2009,5,,,
Tasteful Selections,127.5 Million,163.0052,2010,1,,,
REN Dermatology,2.8 Million,162.8056,2013,1,,,
NFI/Nameplates for Industry,14.5 Million,162.7777,1975,1,,,
Advantage Technology,13.1 Million,162.7403,2004,1,,,
MegaCorp Logistics,294.1 Million,162.573,2009,3,,,
Pinnacus,2.7 Million,162.4857,2013,1,,,
S3 Builders,11.1 Million,162.4252,2004,2,,,
Hancock Claims Consultants,47.5 Million,162.3712,2003,2,,,
Repay,130 Million,162.1778,2006,9,,,
Pepine Realty,5.8 Million,162.1687,2010,2,,,
"Fort Construction,",39.7 Million,162.1212,2005,1,,,
Elite Pacific Properties,40.5 Million,162.121,2005,7,,,
IronMountain Solutions,42.1 Million,161.9628,2008,7,,,
Coffeebar,6.4 Million,161.8931,2010,1,,,
Doodlebuggers,2.4 Million,161.8406,2010,1,,,
Careerminds,2.4 Million,161.6764,2008,2,,,
PEG Compaines,9.5 Million,161.6614,2003,1,,,
Stand Up Guys Junk Removal,3 Million,161.5146,2009,1,,,
Paragon Private Health,7 Million,161.468,2012,2,,,
AffiniPay,47.5 Million,161.3777,2005,8,,,
AMC Bridge,19.6 Million,161.3376,2008,4,,,
"Convene (New York, NY)",75.5 Million,161.2942,2009,4,,,
MarketBeat,6.1 Million,161.2685,2008,4,,,
Great Dental Websites,3.8 Million,161.1591,2007,2,,,
Environmental Protection Industries,15 Million,161.0797,1993,3,,,
Independent Trust Company of America,5.1 Million,160.8247,1997,1,,,
Pacific Gold Marketing,30.7 Million,160.8007,2012,4,,,
SAJJ Mediterranean,9.5 Million,160.7959,2012,1,,,
Broadreach Medical Resources,9.2 Million,160.6925,2004,1,,,
Conversant Group,12.3 Million,160.573,2009,5,,,
All American Entertainment,28.8 Million,160.4057,2002,2,,,
CORE Consultants,8.5 Million,160.3471,2013,2,,,
Shelter,3.8 Million,160.1855,2012,1,,,
Afters Ice Cream,10.8 Million,160.1446,2014,1,,,
Passage Technology,3.9 Million,159.8231,2008,3,,,
The Westport Group,15.2 Million,159.6692,2007,4,,,
Stirista,7.1 Million,159.601,2009,2,,,
Silver Lining Design Group,5 Million,159.4705,2014,1,,,
BCS CallProcessing,12.7 Million,159.3916,2011,2,,,
vTech Solution,10.2 Million,159.2956,2006,5,,,
Orbit Logic,10.3 Million,159.1645,2000,6,,,
Creative Works,19.2 Million,159.1229,1997,2,,,
AXI International Corp.,9.6 Million,159.112,1992,1,,,
Architecture Design Collaborative,7.1 Million,158.9605,2014,2,,,
SellerCloud,6.3 Million,158.7019,2004,4,,,
Koya Leadership Partners,14.9 Million,158.5912,2004,2,,,
Mike's Metal Works,6 Million,158.4282,1981,2,,,
New Breed Marketing,5.2 Million,158.4255,2002,1,,,
Superior Fireworks,5.3 Million,158.4245,2001,4,,,
Sweet Peach Wax & Sugaring Studio,2.5 Million,158.3457,2012,3,,,
Injured Gadgets,23.4 Million,158.3346,2009,2,,,
Lake Homes Realty,14.4 Million,158.2823,2009,3,,,
Good Life Companies,16.7 Million,158.1052,2012,1,,,
Mavice,15.7 Million,157.9824,2002,5,,,
Amstill Roofing,5.4 Million,157.7719,1974,1,,,
Chantel Ray Real Estate,10.6 Million,157.62,2011,6,,,
Pinpoint Payments,4.3 Million,157.5937,2013,2,,,
On the Map Marketing,4.1 Million,157.5427,2009,3,,,
AcctTwo Shared Services,14.3 Million,157.5186,2010,4,,,
WNA Engineering,2.7 Million,157.5048,2015,1,,,
The Basement,11.1 Million,157.43,2007,5,,,
Georgetown Home Care,5.7 Million,157.4243,2012,1,,,
Foster Crown,2.1 Million,157.3799,2012,1,,,
Green Star Exteriors,10.3 Million,157.368,2014,2,,,
Soundhouse Rentals,2.9 Million,157.2547,2013,1,,,
HBR Consulting,70.8 Million,157.2464,2011,1,,,
WebPT,80.5 Million,157.2422,2008,7,,,
Blue Wheel Media,3.1 Million,157.2224,2011,1,,,
Bullseye Strategy,3.9 Million,157.1549,2009,1,,,
Canvs,3.7 Million,157.1516,2014,1,,,
Anders Group,18.2 Million,157.1013,2010,1,,,
Michael Hyatt & Company,13.7 Million,156.9484,2012,1,,,
Exponential Property Group,40.4 Million,156.9089,2011,1,,,
GP Flooring Solutions,15.4 Million,156.883,1989,1,,,
Belay,20.4 Million,156.8173,2010,3,,,
Myriad Mobile,6.2 Million,156.7945,2011,4,,,
ShayCore Enterprises,28 Million,156.7364,2008,5,,,
Orases,4.1 Million,156.6814,2000,2,,,
ZMAC Transportation,32 Million,156.5338,2010,4,,,
CVP (Customer Value Partners),74.1 Million,156.4915,2003,9,,,
Quicklotz Liquidations,2.8 Million,156.2764,2010,1,,,
LinkedSelling,6.3 Million,156.2551,2010,4,,,
Kajabi,18.2 Million,156.2426,2009,5,,,
Karsun Solutions,57.6 Million,156.1807,2009,5,,,
STP Investment Services,12.6 Million,155.9412,2008,2,,,
Less Annoying Software,2.1 Million,155.8669,2009,1,,,
keono,8.6 Million,155.7608,2011,4,,,
BisonOffice,43.8 Million,155.635,2011,3,,,
Sullivan Engineering,4.8 Million,155.457,2010,3,,,
Aspirent,15.6 Million,155.4306,2012,4,,,
Material Handling Services,694.4 Million,155.3549,2001,6,,,
Clutch Holdings,14.2 Million,155.3289,2012,3,,,
SkyVerge,3.8 Million,155.0599,2013,2,,,
Bell Media,9.1 Million,155.0395,2008,5,,,
Eligo Energy,82.6 Million,154.9948,2012,3,,,
Nuventra Pharma Sciences,15.6 Million,154.9637,2008,6,,,
Atlantic Blue Water Services,3.8 Million,154.8854,1994,2,,,
Skyword,24.9 Million,154.7342,2010,2,,,
Executech,26.7 Million,154.7058,1999,7,,,
Ultimate Jet Vacations,44.4 Million,154.5167,2012,4,,,
Surdi Enterprise,3.8 Million,154.4909,2008,2,,,
Clearent,408 Million,154.3741,2005,8,,,
A Head For Profits,8.9 Million,154.2682,2011,1,,,
Health Carousel,214.1 Million,154.2678,2004,4,,,
RR Appliance Services,2.4 Million,154.252,2008,1,,,
PCI Group,52.3 Million,154.2487,1970,4,,,
Eclipse Brand Builders,9.8 Million,154.0917,2013,2,,,
Northern Planet,3.5 Million,153.9552,2005,2,,,
AdTheorent,106.9 Million,153.8836,2011,5,,,
Career Start,26 Million,153.8582,2007,3,,,
Mid America Logistics,113 Million,153.8294,2007,4,,,
Roz Marketing Group,2.5 Million,153.7522,2014,1,,,
GRSi,53.4 Million,153.5039,2000,5,,,
Creative Marketing Resources,4.2 Million,153.4445,1995,2,,,
Escalon Services,15.1 Million,153.4165,2006,2,,,
Franpos,2.4 Million,153.3946,2012,1,,,
Tectonic Audio Labs,4.4 Million,153.3623,2012,1,,,
JAX Refrigeration,82 Million,153.3169,2010,3,,,
Tridiuum,5 Million,153.1428,2000,1,,,
Human Element,4.7 Million,153.0821,2005,3,,,
Integrhythm,8.3 Million,153.007,2011,3,,,
Cinergy Entertainment,45.7 Million,152.9774,2008,1,,,
CompassMSP,6.6 Million,152.9577,2004,1,,,
Apps Solutions,16.3 Million,152.9066,2010,4,,,
Fatbeam,7.1 Million,152.9003,2010,3,,,
demandDrive,6.1 Million,152.8603,2011,2,,,
Woodridge Advisors,2.4 Million,152.7867,2012,1,,,
Open Systems Healthcare,70.1 Million,152.6224,2011,1,,,
Perfusion.com,25.4 Million,152.6179,2001,1,,,
Diligent Corporation,250.9 Million,152.6085,2001,2,,,
Surefire Local,10.6 Million,152.5148,2010,6,,,
Capital Square 1031,68.3 Million,152.5056,2012,3,,,
EBQuickstart,17.8 Million,152.5007,2006,6,,,
AgileThought,73.3 Million,152.389,2004,12,,,
Paradyme Management,34.8 Million,152.0012,2003,5,,,
JEAR Logistics,107.8 Million,151.9851,2007,6,,,
Senture,97 Million,151.9048,2003,3,,,
Med Tech Solutions,16 Million,151.8267,2006,5,,,
Property Management,5.6 Million,151.7942,2008,3,,,
Rang Technologies,18.1 Million,151.6743,2005,3,,,
Barracuda Staffing,7.3 Million,151.6742,2009,2,,,
The Surface Masters,5.1 Million,151.6074,2011,4,,,
Advanced Medical Integration,4.3 Million,151.5135,2013,2,,,
Anytime Flooring,4.4 Million,151.4956,2009,1,,,
The Kotter Group,4 Million,151.316,1996,2,,,
Electrosoft Services,12.6 Million,151.266,2001,6,,,
Myrtle Group,24.7 Million,151.1906,2012,4,,,
ReviewPush,2.5 Million,151.1705,2011,2,,,
BuybackBoss.com,3.1 Million,151.1653,2013,2,,,
OceanTech,7.8 Million,151.0653,2005,4,,,
Fluidmesh Networks,17.4 Million,151.0434,2005,1,,,
Pegasus one,2.3 Million,151.0411,2009,1,,,
Proforma Printing Systems,2.3 Million,150.9189,1995,1,,,
Solutions by Text,7 Million,150.8949,1994,4,,,
Epiq,1 Billion,150.7917,1998,12,,,
iQuanti,14.6 Million,150.5882,2008,5,,,
The Lockwood Group,50.9 Million,150.5843,2007,3,,,
Sentinel Sales & Management,14.1 Million,150.4993,2007,3,,,
Caliber The Wealth Development Company,86.7 Million,150.4475,2008,6,,,
Chair 10 Marketing,2.4 Million,150.444,2006,2,,,
Trinity Multifamily,5.6 Million,150.3146,2004,2,,,
Edgewater Federal Solutions,19.4 Million,150.2947,2002,1,,,
Lamb Insurance Services,17.7 Million,150.2224,2008,2,,,
YourMechanic,19.8 Million,150.1244,2012,1,,,
"Criteria (Los Angeles, CA)",9.4 Million,150.1146,2006,5,,,
Patra,42.2 Million,150.032,2005,3,,,
Project Repat,9.1 Million,149.9132,2012,3,,,
Capitol Home Health,22.2 Million,149.5791,1998,4,,,
Raare Solutions,2.5 Million,149.4544,2013,2,,,
Supplies Now,15 Million,149.4431,2003,2,,,
Nelson Construction and Renovations,4.9 Million,149.4428,2006,1,,,
MomentFeed,17.7 Million,149.4407,2010,2,,,
Cutting Edge Services,18.1 Million,149.4288,2015,1,,,
Chhabra Enterprises,5.7 Million,149.4197,1999,2,,,
Pless Security Incorporated,2.5 Million,149.4059,1989,1,,,
Park Place Technologies,218.4 Million,149.3505,1991,7,,,
Tin Roof Software,28 Million,149.3304,2014,1,,,
Netrush,147.5 Million,149.1362,2006,4,,,
OnPrem Solution Partners,37.7 Million,148.9459,2013,3,,,
ManhattanTechSupport.com,4.5 Million,148.5525,2012,1,,,
Bayless Integrated Healthcare,15.7 Million,148.4928,1982,2,,,
HydroFloTech,4 Million,148.4635,1989,1,,,
A Plus Garage Doors,8.9 Million,148.339,2004,1,,,
Collision Works,39.6 Million,148.2203,1996,2,,,
Summit CPA Group,4.4 Million,148.2142,2002,3,,,
ThreatConnect,23.3 Million,148.1372,2011,2,,,
Fully Accountable,2.3 Million,148.0873,2014,1,,,
TargetPath,5.9 Million,148.0673,2009,1,,,
McCabe Construction Company,12.2 Million,148.0185,1997,1,,,
Material Handling Systems,733.7 Million,148.0169,1999,1,,,
Specialist ID,7.2 Million,147.9588,2001,5,,,
EnableComp,24.4 Million,147.9212,2000,6,,,
Incedo,68.4 Million,147.912,2011,4,,,
One Stop Equine Shop,21.4 Million,147.8402,2007,5,,,
Key Credit Repair,5 Million,147.8252,2008,4,,,
Your Wealth Effect,2.1 Million,147.8178,2009,1,,,
Affordable Luxury Group,20.1 Million,147.7643,2014,2,,,
Brookstone Restoration,6 Million,147.6352,2011,1,,,
Avatria,4.3 Million,147.6347,2014,1,,,
Bevara Building Services,14.5 Million,147.5287,2014,1,,,
United Solutions,8.4 Million,147.4986,2005,2,,,
Ecosystem Planning and Restoration,5.9 Million,147.4478,2012,3,,,
Team Fitz Graphics,3.3 Million,147.2579,2008,2,,,
TalentBridge,80.7 Million,147.1325,1985,2,,,
Romulus Marketing,6.9 Million,147.1256,2013,1,,,
Restore Rehab Services,4.7 Million,147.0535,2009,1,,,
Murray Resources,13.7 Million,147.0109,1988,6,,,
VOX DJs,4.9 Million,146.8247,1984,3,,,
RGD,6.9 Million,146.7541,1988,1,,,
BOS Staffing,2.1 Million,146.75,2015,6,,,
Becker's Healthcare,30.5 Million,146.5685,1996,1,,,
Elite Roofing,16 Million,146.5483,2008,2,,,
BlackTree Heathcare Consulting,17.4 Million,146.5158,2011,4,,,
The Neiders Company,44.9 Million,146.512,1989,4,,,
SellYourMac.com,10.9 Million,146.4923,2009,2,,,
Tech Americas USA,5.9 Million,146.4605,2012,2,,,
Fortis Construction,1.2 Billion,146.4234,2003,11,,,
NPD Logistics,5.3 Million,146.0826,2011,2,,,
Net2Source,52.8 Million,145.9663,2007,6,,,
ProTitleUSA,10.2 Million,145.9243,2007,5,,,
Grover Gaming,22 Million,145.8971,2013,1,,,
Adwerx,25.8 Million,145.5756,2013,3,,,
UserTesting,56.4 Million,145.5754,2007,1,,,
HumanN,43.3 Million,145.5142,2010,5,,,
O.P.E.N. America,68.2 Million,145.3721,1983,1,,,
Joorney Business Plans,2.4 Million,145.3447,2013,2,,,
Pyure Brands,22.3 Million,145.3407,2008,4,,,
TruQua Enterprises,13.5 Million,145.2852,2010,2,,,
Food52,27.7 Million,145.268,2009,4,,,
Tallahassee Rock Real Estate,3.4 Million,145.1172,2014,1,,,
T. Parker Host,95.7 Million,145.1004,1923,4,,,
BBQ Guy's Manufacturing,34.9 Million,145.0844,2012,1,,,
Happy Trailer Sales,23.2 Million,145.0657,2013,2,,,
JMC Equipment,3.7 Million,144.8759,2012,2,,,
T3 Expo,62 Million,144.7689,2009,5,,,
Downeast Cider House,13.7 Million,144.762,2011,4,,,
Syntelligent Analytic Solutions,3.8 Million,144.7564,2010,3,,,
Deep Blue Communications,33 Million,144.7411,2004,8,,,
Test Double,9.8 Million,144.6898,2011,4,,,
GeBBS Healthcare Solutions,73.9 Million,144.6767,2005,11,,,
Semcasting,23.3 Million,144.5171,2009,1,,,
Takeout Central,10.9 Million,144.4353,1997,2,,,
Mind Your Business,7.5 Million,144.3691,1996,2,,,
Bolt on Technology,7.8 Million,144.2156,2009,4,,,
Synapse Studios,4.2 Million,144.2019,2003,1,,,
"College Hunks Hauling Junk and Moving (Tampa, FL)",13.4 Million,143.9912,2005,2,,,
Mansfield Crane Service,9.5 Million,143.9128,1998,2,,,
EmazingLights / iHeartRaves / Into the AM,28.3 Million,143.8492,2010,6,,,
Trintech,106.2 Million,143.8305,1985,1,,,
SomerTile,30.2 Million,143.7783,1988,3,,,
B&B Heating and Air,3.5 Million,143.3966,2007,3,,,
BCV Social,10.9 Million,143.3937,2010,4,,,
Tricap Residential Group,15.7 Million,143.3398,2007,1,,,
NetX Information Systems,17.8 Million,143.3253,1997,1,,,
Experion Technologies,3.6 Million,143.2863,2010,2,,,
True Inspection Services,7.1 Million,143.257,2007,3,,,
GotUwired,2.4 Million,143.25,2007,2,,,
Master Medical Equipment,10.7 Million,143.2101,2011,1,,,
Greenway Insurance,4.8 Million,143.1478,2007,4,,,
Prolific Interactive,22.9 Million,143.0891,2009,4,,,
Berry Law Firm,7.5 Million,143.0808,1965,3,,,
Dealer World,2.9 Million,142.9208,2009,1,,,
Marketing Doctor,4.1 Million,142.901,2003,1,,,
Petrelli Previtera Schimmel,2.7 Million,142.866,2004,1,,,
Modus Create,15.8 Million,142.4716,2011,5,,,
Miracle Mile Advisors,9.2 Million,142.4443,2007,1,,,
Elev8 Hire Solutions,2.7 Million,142.2923,2013,1,,,
NCWC,195.8 Million,142.2609,1993,6,,,
Neal&Neal Team,2.5 Million,142.2247,2010,1,,,
A1C Partners,8.8 Million,142.1426,2004,1,,,
Homeland Manufacturing Services,3.2 Million,142.1348,2011,3,,,
inTech Trailers,35.3 Million,142.1181,2010,1,,,
ALKU,205.7 Million,142.09,2008,8,,,
Fit My Feet Orthotic Lab and Shoes,2.2 Million,141.9958,2013,1,,,
Instasize,14.4 Million,141.8587,2012,1,,,
Kahn Media,3 Million,141.8129,2008,2,,,
DoHardMoney.com,6 Million,141.7958,2010,2,,,
Appreciation Financial,27.7 Million,141.6407,2009,2,,,
Monogram Windows and Doors,29.4 Million,141.4672,2010,1,,,
New Vision,3 Million,141.4342,2004,1,,,
Biomedical Research Laboratories,6.5 Million,141.3848,2009,5,,,
Cambria Solutions,35.9 Million,141.3254,2003,8,,,
Kodiak Building Partners,1.1 Billion,141.2369,2011,2,,,
STS International,83.9 Million,141.1902,1992,6,,,
Globo,16.8 Million,141.1611,2009,5,,,
South Bay Hot Yoga,2 Million,141.0714,2014,1,,,
Unity FI Solutions,8.6 Million,140.9489,1999,2,,,
Skaled Consulting,2.9 Million,140.7727,2013,1,,,
The Network Pro,6.3 Million,140.6575,2003,3,,,
Aspen Exteriors,17.9 Million,140.5852,2002,6,,,
Maxey Trailers Mfg.,40.4 Million,140.5192,1999,1,,,
Clark Bros.,43.3 Million,140.4279,1962,4,,,
Metro Stars Gymnastics,3.4 Million,140.3821,2006,3,,,
Aerospace Quality Research and Development,9.6 Million,140.3057,2009,3,,,
Blink Fitness,132.1 Million,140.1487,2011,3,,,
Digital Pi,8.1 Million,140.0473,2013,2,,,
Mobile Outfitters,12.2 Million,139.8522,2007,5,,,
Threat Tec,12.3 Million,139.791,2012,1,,,
North American Payment Solutions,11.3 Million,139.5585,2006,3,,,
CS Recruiting,5.5 Million,139.5061,2011,5,,,
Feury Image Group,16.2 Million,139.4471,1995,1,,,
LIDO ADVISORS,14.3 Million,139.373,1999,2,,,
RNN Group,9.3 Million,139.296,2012,3,,,
TFS,14.6 Million,139.1749,1999,5,,,
Choice Merchant Solutions,7.8 Million,139.1491,2008,2,,,
All Pro Security,3.8 Million,139.1079,2006,1,,,
Streamline,44.8 Million,138.827,2008,5,,,
Salas O'Brien,100.5 Million,138.8064,1975,7,,,
BNG Team,9 Million,138.756,2007,1,,,
"Vinyl Me, Please",12.4 Million,138.6938,2012,2,,,
Klein Hall CPAs,4.7 Million,138.6355,2002,3,,,
Touchstone Merchandise Group,44.3 Million,138.4193,1996,1,,,
DEG,63.8 Million,138.4111,1999,9,,,
Phobio,90.1 Million,138.3466,2010,2,,,
KitchenSearch.com,3.6 Million,138.3366,2014,2,,,
Transportation Impact,24.5 Million,138.2164,2008,7,,,
Great Waters Financial,9.3 Million,138.1583,2012,3,,,
Turbonomic,97.1 Million,137.76,2009,1,,,
FCM,63.9 Million,137.5307,2014,1,,,
Momentum Solutionz,5.3 Million,137.5058,2012,4,,,
Perceptyx,24.8 Million,137.4932,2003,4,,,
Info Way Solutions,7.5 Million,137.4793,2012,1,,,
InterImage,24.7 Million,137.2351,1996,1,,,
VitalWare,14 Million,137.0836,2011,5,,,
Tundraland Home Improvements,42.3 Million,137.0701,2009,3,,,
RMG Media,4.7 Million,137.0602,2013,1,,,
Maui Leones,4.2 Million,137.0293,2011,1,,,
PayDay Payroll Resources,2.9 Million,136.9814,2010,1,,,
Broadline Components,2.6 Million,136.8404,2008,1,,,
Appogee,19.4 Million,136.7699,2008,1,,,
Prominent Construction,5.5 Million,136.7488,2011,1,,,
SEI-New York,7 Million,136.6933,2013,2,,,
Cipher Tech Solutions,8 Million,136.6008,2006,8,,,
Delta Solutions & Strategies,12.1 Million,136.5445,2000,6,,,
Applied Technology Services,27.1 Million,136.3384,2001,2,,,
ZochNet,2.6 Million,136.3119,2003,1,,,
iTouchless.com,14.6 Million,136.2679,2004,1,,,
Rain City Capital,13.7 Million,136.1473,2009,3,,,
Greenland America,188.1 Million,136.0453,1996,7,,,
Derm Holdings,107.9 Million,135.9786,2004,1,,,
Computer Overhauls,4.8 Million,135.9784,2005,3,,,
Staylisted,3.5 Million,135.9161,2013,2,,,
Validation Associates,12 Million,135.8568,2012,2,,,
North Pacific Industries,4.2 Million,135.7818,2009,2,,,
Whois API,3.1 Million,135.7536,2011,3,,,
Strike,1.7 Billion,135.6522,2003,10,,,
Corsis,5.1 Million,135.6262,1993,3,,,
Techfino,2.2 Million,135.4433,2014,1,,,
ProConstruction,12.4 Million,135.4358,2011,1,,,
Maximum Games,58.7 Million,135.3337,2009,5,,,
HSTpathways,14.4 Million,135.2231,2005,1,,,
Bar-All,19.8 Million,135.2093,2014,1,,,
Bounteous,45.8 Million,135.1192,2003,6,,,
Culture Studio,12.2 Million,135.103,2008,6,,,
DiamondBack Truck Covers,14.1 Million,135.0308,2003,7,,,
Eight Bit Studios,5.1 Million,134.9528,2008,4,,,
ClickDimensions,37 Million,134.923,2010,5,,,
Altura Engineering & Design,4.9 Million,134.8933,2013,3,,,
Freedom Capital,2.3 Million,134.892,2008,1,,,
Alarm Grid,3.5 Million,134.6838,2012,3,,,
Precision Precast Erectors,9.8 Million,134.5624,2008,4,,,
APS Marketing Group,3 Million,134.5359,2005,2,,,
Boxwell Southwest,3 Million,134.5162,2008,1,,,
TLC Associates,47 Million,134.4324,2007,3,,,
E-Volve Systems,4.8 Million,134.3859,2010,4,,,
Cogent Analytics,12.2 Million,134.2561,2014,3,,,
MKS2 Technologies,6.5 Million,134.2264,2008,3,,,
Hoss Industrial,2.6 Million,134.1882,2014,1,,,
Healthcare IT Leaders,78.3 Million,134.1065,2011,5,,,
Rekruiters,9.1 Million,134.0777,2012,3,,,
Stoneridge Software,26.6 Million,134.073,2012,1,,,
Centex Technologies,3 Million,134.0433,2006,1,,,
Platinum Realty,33.9 Million,133.9865,2005,8,,,
Phoenix Marketing International,85.4 Million,133.9523,1999,5,,,
Best Deal Car Service,2.9 Million,133.9408,1987,2,,,
Survwest,6.3 Million,133.9239,2009,2,,,
Swarm,16.5 Million,133.7809,2014,2,,,
Nebo,20.2 Million,133.7602,2004,9,,,
i3,69.8 Million,133.7182,2007,2,,,
Marshall Scientific,3.4 Million,133.682,2012,2,,,
JSL Technologies,29.8 Million,133.3036,2008,4,,,
LUX Catering & Events,6 Million,133.297,1995,1,,,
Above All Transportation/ Boston Car Service,12 Million,133.2683,1988,1,,,
Durante Rentals,37.1 Million,133.1627,2009,7,,,
Morgan Li,47.6 Million,133.0078,2009,1,,,
The Junkluggers,13 Million,132.9935,2016,6,,,
Framework Solutions,4.1 Million,132.9298,2000,3,,,
Chief Outsiders,12.8 Million,132.8846,2009,6,,,
Arcadia.io,35.4 Million,132.8112,2002,1,,,
Rockwell Partners,30.5 Million,132.6547,2009,2,,,
Cleanlife LED,6.6 Million,132.5878,2011,3,,,
Gorgo Group,23.7 Million,132.5384,1979,1,,,
Vigilant Global Trade Services,6 Million,132.4981,2007,3,,,
Xtelligent Healthcare Media,4.1 Million,132.4757,2012,1,,,
acquisitionsandrenewals.com,13.7 Million,132.4372,2007,5,,,
Visual Connections,25.6 Million,132.4368,2007,4,,,
WebIT Services,2.5 Million,132.3564,1996,1,,,
CaliChi Design Group,2 Million,132.3432,2009,1,,,
Rescue | The Behavior Change Agency,67.8 Million,132.3093,2005,11,,,
Budget Dumpster,68.3 Million,132.0768,2009,5,,,
Riverside Payments,9.6 Million,132.0349,2014,2,,,
Bellwether Asset Management,10.7 Million,131.8276,2013,1,,,
Mobilewalla,8.8 Million,131.8162,2013,1,,,
Cantey Technology,7.9 Million,131.8037,2007,7,,,
HHAeXchange,25 Million,131.7778,2008,5,,,
The Saywitz Company,14.5 Million,131.7169,1994,5,,,
Bayone Solutions,39.6 Million,131.6649,2012,3,,,
SmarterHQ,8.9 Million,131.6089,2010,4,,,
OpenWater Software,4 Million,131.6037,2007,3,,,
G Adventures,92.8 Million,131.6015,1990,2,,,
Plenus Group,28.4 Million,131.5978,2002,7,,,
Medical Weight Loss by Healthogenics,3.1 Million,131.5934,2007,2,,,
InsureYourCompany.com,4.9 Million,131.5158,2001,1,,,
Simon Transport,8.3 Million,131.4573,2004,2,,,
Beverly Hills Rejuvenation Center,15.9 Million,131.3634,2005,1,,,
SmartSites,4.9 Million,131.3126,2011,3,,,
Transportation and Logistical Services,12.8 Million,131.2451,2003,1,,,
Logistics Plus,195.7 Million,131.1686,1996,5,,,
Search Solution Group,8.8 Million,131.0151,2002,5,,,
Meriwether & Tharp,9.7 Million,130.9662,1998,3,,,
CI&T,60.5 Million,130.875,1995,3,,,
Elements Massage,21.8 Million,130.8439,2006,2,,,
Renatus,26.5 Million,130.827,2011,3,,,
Parkmobile,26.7 Million,130.7508,2008,2,,,
iKeyless,66.8 Million,130.732,2002,4,,,
VLK Architects,46.2 Million,130.7248,1984,2,,,
Katom Restaurant Supply,152.3 Million,130.6586,1982,11,,,
Royal Vending,3.3 Million,130.6138,2006,2,,,
WLE,20.3 Million,130.5943,2003,1,,,
Quality Engineering & Surveying,5.7 Million,130.5114,2009,4,,,
Keeping Current Matters,4.4 Million,130.428,2007,2,,,
HomeCare Connect,33.1 Million,130.4018,2011,2,,,
Mission Driven Research,3.4 Million,130.3422,2012,3,,,
Brown Parker & DeMarinis Advertising,35 Million,130.2725,2002,1,,,
Lendr,16.5 Million,130.2523,2011,2,,,
"Flow Right Plumbing, Heating & Cooling",8.1 Million,130.2177,2008,2,,,
Erben Associates,3.6 Million,130.1741,1992,2,,,
AmeriPharma,31.7 Million,130.1545,2006,1,,,
First National Title Insurance Company,115 Million,130.1104,2012,3,,,
Ripple,4.3 Million,130.031,1997,1,,,
TWG Security,4 Million,130.0146,2007,3,,,
D&B Precision Cutting and Manufacturing,3.7 Million,129.9984,2014,2,,,
Triumph Services,3.2 Million,129.9784,2008,2,,,
Gant Systems,2.9 Million,129.9454,2007,2,,,
Studio98,3.4 Million,129.9407,2007,1,,,
Boomsourcing,12 Million,129.9365,2007,4,,,
BirdDogHR,9.7 Million,129.9163,1997,5,,,
Texadia Systems,10.2 Million,129.8098,2013,1,,,
thomastech,7.2 Million,129.7659,2007,2,,,
ROI Healthcare Solutions,53 Million,129.6424,1999,3,,,
Output,7.8 Million,129.6061,2013,2,,,
CTE Logistics,12.6 Million,129.534,2009,7,,,
Level Access,24.1 Million,129.4263,1997,2,,,
California CareGivers Home Healthcare,7 Million,129.3954,2012,2,,,
Excella Consulting,71.3 Million,129.3785,2002,6,,,
How to Manage a Small Law Firm,11 Million,129.3639,2009,5,,,
The Auxiliary Group,18.1 Million,129.3542,2009,5,,,
Weisser Distributing,65.1 Million,129.3426,1978,5,,,
Snap Agency,2.4 Million,129.3006,2010,2,,,
American Insurance Organization,29.5 Million,129.2435,2005,4,,,
Mayvin,26.3 Million,129.2368,2008,6,,,
Sustainable Restaurant Group,15.3 Million,129.2288,2008,1,,,
The Sheppard,8 Million,129.228,2007,1,,,
Wheelhouse DMG,6.3 Million,129.2089,2010,4,,,
Alpha Paving Industries,29.9 Million,128.9841,2012,4,,,
GreenBanana SEO,6.3 Million,128.8895,2009,3,,,
Singleton Enterprises,3.5 Million,128.8606,1995,1,,,
Engage PEO,32.7 Million,128.779,2011,4,,,
Delta Defense,71.2 Million,128.7517,2003,8,,,
Developintelligence,8.1 Million,128.7513,2003,6,,,
Roofcare,8.7 Million,128.7159,2008,2,,,
Select Security,43.8 Million,128.7126,2003,5,,,
Real People Realty,9.9 Million,128.6827,2001,1,,,
TruePoint Communications,2.6 Million,128.6406,2006,2,,,
SketchDeck,3.6 Million,128.6007,2014,1,,,
Tiempo Development,20.9 Million,128.5295,2005,7,,,
ConnectPay,5.1 Million,128.371,2008,1,,,
Promoboxx,7.4 Million,128.3322,2010,2,,,
Pondurance,7.4 Million,128.2143,2008,3,,,
Four Foods Group,181.4 Million,128.1677,2009,8,,,
Advanced Flooring,20 Million,128.1067,2013,2,,,
Filterworks USA,14.3 Million,128.0724,1988,3,,,
Fonteva,19.8 Million,128.0671,2010,6,,,
Fors Marsh Group,47.9 Million,128.0605,2002,7,,,
The Nines,2.7 Million,128.0459,2013,1,,,
HMT Associates,9.6 Million,127.9469,2002,2,,,
US Patriot,68.6 Million,127.9204,2000,4,,,
nLogic,48.5 Million,127.8145,2005,10,,,
Docmation,9.7 Million,127.8056,2011,2,,,
Patriot Pool and Spa,2.9 Million,127.6684,2006,2,,,
Downtown Catering Company,2.2 Million,127.6529,2003,1,,,
PowerReviews,25.4 Million,127.6157,2006,2,,,
Local Marketing Solutions Group,5.6 Million,127.5891,2012,2,,,
Evans Incorporated,16.1 Million,127.5231,1994,6,,,
Design Extensions,2 Million,127.4988,1999,1,,,
Bold Construction,8.7 Million,127.4987,1997,3,,,
ReedTMS Logistics,205.3 Million,127.4854,1996,1,,,
Sales Empowerment Group,5.8 Million,127.4793,2009,5,,,
MarkSYS,31.2 Million,127.2955,2011,4,,,
IT Support RI,2.3 Million,127.2938,2002,1,,,
Excel Services,28.3 Million,127.1894,2006,4,,,
Keyser,10.6 Million,127.1078,2013,1,,,
Cutting Edge Countertops,23.4 Million,127.0505,2006,1,,,
Aventri,29.6 Million,127.0468,2008,1,,,
Erus Energy,54.8 Million,127.0407,2004,2,,,
Accucomp Appraisal Services,5.8 Million,127.0388,2011,1,,,
Envisage,6.2 Million,126.9536,2010,1,,,
Buzz Franchise Brands,18.7 Million,126.9201,2012,3,,,
Kyriba,113.4 Million,126.8046,2000,7,,,
"Schaal Plumbing, Heating & Cooling",10.6 Million,126.7789,1956,3,,,
Southeast Veterinary Neurology,7.4 Million,126.7753,2010,1,,,
Upper Edge Technologies,3.7 Million,126.6447,2011,1,,,
Spire Digital,12.4 Million,126.6047,1998,3,,,
EPIC Insurance Brokers & Consultants,393.3 Million,126.5667,2007,6,,,
Axiom Eco Pest Control,5.4 Million,126.5569,2008,2,,,
FedBiz IT Solutions,58.6 Million,126.5148,2011,4,,,
Local Loyalty Marketing Solutions NC,2.1 Million,126.3973,2010,1,,,
Edge,35.6 Million,126.3777,2008,5,,,
Alpha Premier,2.6 Million,126.375,2014,1,,,
Jack Browns Joint,16.1 Million,126.3166,2009,1,,,
Sandler Partners,90.7 Million,126.3106,2003,10,,,
EngeniusMicro,2.9 Million,126.2778,2007,1,,,
Enscicon,13.8 Million,126.2339,1994,3,,,
Janus International Group,484 Million,126.1486,2002,6,JBI,571665984.0,4.19
Kumparison,3.4 Million,126.1456,2011,2,,,
RxNT,15.5 Million,126.1052,1999,1,,,
MileMark Media,2.9 Million,125.9919,2014,2,,,
SleepQuest,12.6 Million,125.9329,1993,2,,,
CardioSolution,21.9 Million,125.9291,2011,3,,,
Abenity,7.1 Million,125.9079,2007,5,,,
Echo Health,148.6 Million,125.9073,1997,7,,,
Rank Crankers,2.1 Million,125.8574,2009,1,,,
Mojo Media Labs,2 Million,125.7973,2007,1,,,
Engelke Construction Solutions,45.8 Million,125.7898,2002,4,,,
Silverline,50.5 Million,125.7549,2009,6,,,
Heartsmart.com,28.9 Million,125.6991,2010,4,,,
Xyngular,111.5 Million,125.6905,2009,4,,,
CollabraLink Technologies,45.3 Million,125.5623,2009,8,,,
Score a Score,4.2 Million,125.5287,2010,4,,,
APIC Solutions,16.5 Million,125.5128,2012,1,,,
Portable Oxygen Solutions,2.6 Million,125.4637,2013,2,,,
Agile Velocity,6.6 Million,125.4379,2010,3,,,
Reflex Sales Group,8.9 Million,125.349,2011,4,,,
OAC Services,30.6 Million,125.1564,1955,2,,,
Culinary Eye Catering and Events,3.9 Million,125.1557,2010,2,,,
Payroll4Construction.com,11 Million,125.1233,2006,3,,,
Great Hire,14.2 Million,125.117,2012,1,,,
Union Home Mortgage,155.6 Million,125.0525,1970,4,,,
TDK Technologies,22.1 Million,125.0324,2001,3,,,
Prosper Consulting,2.3 Million,124.9386,2014,1,,,
InfraWare,12.2 Million,124.7431,2003,3,,,
Owen Jones and Partners,6.3 Million,124.6213,2002,1,,,
Objectstream,8.9 Million,124.5785,2004,4,,,
Chemlock Nutrition,10.6 Million,124.5211,2010,2,,,
Nomadic Real Estate,5.3 Million,124.4776,2005,2,,,
Keller Williams Realty Capital District,20.1 Million,124.3687,2007,2,,,
Sunrise Erectors,92 Million,124.3434,1996,1,,,
Lindmark Outdoor Media,8.7 Million,124.2823,1999,1,,,
Doberman Technologies,2 Million,124.0925,2005,1,,,
LA Solar Group,26.4 Million,124.0409,2012,4,,,
AR Solutions,4.5 Million,123.9907,2009,1,,,
Kopis,6.3 Million,123.9493,1999,1,,,
Yes&,16 Million,123.9309,1985,2,,,
Aligne Wealth Preservation & Insurance Services,2.1 Million,123.9244,2011,1,,,
365 Retail Markets,52 Million,123.8557,2009,4,,,
Virtus Partners,69.9 Million,123.8007,2005,1,,,
Snap Install,7.8 Million,123.648,2011,1,,,
FirstClose,12 Million,123.5815,2000,4,,,
Ecotone,15 Million,123.4325,1998,3,,,
Shaw + Scott,11.2 Million,123.3983,2009,5,,,
Busch Global,8.9 Million,123.3419,2012,3,,,
Protocol Networks,5 Million,123.3092,2000,1,,,
R & Y A/C Compressors,4.6 Million,123.3031,1989,1,,,
The Cutting Board Company,3 Million,123.2476,2002,2,,,
SiteLock,48.7 Million,123.238,2008,3,,,
The Indigo Road Hospitality Group,48.4 Million,123.2333,2009,1,,,
Siteline Interior Carpentry,47.3 Million,123.204,2003,1,,,
FCP Euro,46.4 Million,123.1022,2001,6,,,
Sophus IT Solutions,7.1 Million,123.0894,2010,3,,,
Crimcheck Holdings,7.8 Million,122.9497,2014,3,,,
US,4.7 Million,122.9266,2008,1,,,
Miguel Lopez Jr.,16.8 Million,122.9045,1989,2,,,
Stream Logistics,31 Million,122.8928,2012,3,,,
Allegheny Science & Technology,44.7 Million,122.8902,2009,6,,,
Romaric Automation Design,2.7 Million,122.8345,2001,1,,,
Marathon TS,22.9 Million,122.6014,2010,6,,,
Cummings Creative Group,6.5 Million,122.5409,1991,1,,,
Claimify (formerly Lucens Group),2.5 Million,122.4125,2013,1,,,
Ruby Receptionists,47.2 Million,122.4096,2003,8,,,
Bay State Search,14.5 Million,122.373,2013,3,,,
TechLink Services,12.2 Million,122.3384,2008,5,,,
Decisiv,19 Million,122.3356,2001,3,,,
Bay to Bay Properties,75.1 Million,122.2889,2003,1,,,
MYCA Material Handling Solutions,49.4 Million,122.2684,2004,2,,,
Pillar Properties,68.7 Million,122.228,2012,5,,,
Swift Straw II,36.3 Million,122.0973,2011,5,,,
Mid America Pet Food,85.1 Million,122.0934,2007,2,,,
Maantic,17.8 Million,122.0294,2009,3,,,
Paragon Healthcare,325.9 Million,121.8995,2002,4,,,
ten24,3.6 Million,121.8047,2008,2,,,
Grassburger,2.5 Million,121.743,2014,1,,,
The Haro Group of Keller Williams Real Estate,2.4 Million,121.7316,2010,2,,,
Media Bridge Advertising,23.4 Million,121.7279,2010,4,,,
Golden Reserve,3.5 Million,121.698,2011,2,,,
Distrivalto USA / Holstein Housewares,19.8 Million,121.6626,1998,1,,,
HispaniSpace,3.3 Million,121.6191,2011,1,,,
PrinterLogic,21.4 Million,121.6174,2001,3,,,
Rockway Exhibits + Events,4.7 Million,121.6035,2011,1,,,
HigherGround Managed Services,4.6 Million,121.5969,2004,1,,,
Tidewater Fleet Supply,60.7 Million,121.511,1953,7,,,
Medical Solutions,480.6 Million,121.4829,2001,12,,,
Bean Group,49.4 Million,121.4379,2003,8,,,
RevLocal,35.7 Million,121.4042,1998,6,,,
Brink,2.9 Million,121.3847,2001,2,,,
Allixo,3.1 Million,121.3468,2009,2,,,
Rentec Direct,4.1 Million,121.3146,2009,3,,,
Professional Enrollment Concepts,9.2 Million,121.2288,2012,3,,,
Qiigo,8.1 Million,121.1805,2006,5,,,
Chrome River,48.3 Million,121.154,2007,8,,,
Sender One Climbing,6.5 Million,121.1392,2012,2,,,
Jane.com,185.4 Million,121.0827,2011,5,,,
Lumiere Children's Therapy,2.9 Million,121.0526,2009,1,,,
Affiliated Communications dba Alert Communications,17 Million,120.9798,1965,3,,,
City Brew Tours,2.5 Million,120.9645,2008,2,,,
Mountain Showcase Group,4.3 Million,120.944,1996,3,,,
Business IT Source,128.9 Million,120.8093,2008,3,,,
Advanced Powder Products,10.9 Million,120.7884,2000,4,,,
Fab-Tec,3.9 Million,120.7735,1997,2,,,
Conti,66.9 Million,120.767,2008,5,,,
Facility Systems,4.5 Million,120.7535,1985,1,,,
Halco Testing Services,2.8 Million,120.6893,1976,2,,,
Search Discovery,21 Million,120.6799,2004,3,,,
Competitive Health,4.8 Million,120.6655,1996,2,,,
Unlimited Landscaping & Turf Management,20 Million,120.6528,1998,4,,,
EvolveMKD,6.5 Million,120.6522,2014,1,,,
Premier Networx,2.6 Million,120.4312,2013,2,,,
AvAir,67.1 Million,120.3639,2000,2,,,
Aqua-Yield Operations,2.6 Million,120.332,2014,1,,,
Circle Computer Resources,24.7 Million,120.322,1986,10,,,
Vandelay Education,9.5 Million,120.3008,2010,1,,,
Open Source Integrators,3 Million,120.2738,2010,1,,,
Zulu Marketing,21.1 Million,120.2548,2008,2,,,
Laketown Electric,17.2 Million,120.2486,1975,5,,,
Tri Tower Telecom,7.7 Million,120.1814,2009,1,,,
SecureLink,14.8 Million,120.1077,2003,2,,,
Stamford Technology Solutions,3.4 Million,120.0901,2013,2,,,
Axispoint,24.9 Million,119.9806,1994,8,,,
Mattingly Concrete,5 Million,119.8725,1987,2,,,
"IT Partners (Bethel Park, PA)",8.5 Million,119.8532,1994,6,,,
StateServ-Hospicelink,205.5 Million,119.8228,2004,4,,,
Activate Marketing Services,14.1 Million,119.7064,2013,1,,,
Chesapeake Plumbing & Heating,29.2 Million,119.6349,2003,5,,,
IT Management Corporation,9.2 Million,119.6088,2009,1,,,
Dogtopia Enterprises,14.4 Million,119.5378,2002,1,,,
Modality Solutions,2.1 Million,119.5006,2011,1,,,
Light Dental Studios,17.8 Million,119.4582,1997,4,,,
Ovative Group,21.8 Million,119.4069,2009,4,,,
Southwest Antennas,7.4 Million,119.2469,2005,1,,,
McKay Advertising + Activation,3 Million,119.1869,2005,3,,,
LS Systems,10.8 Million,119.0917,1996,1,,,
Dream Local Digital,3.6 Million,119.0561,2009,2,,,
Lamacchia Realty,11.1 Million,119.0185,2005,8,,,
Rice Insurance,14.9 Million,118.9873,1946,4,,,
Relief-Mart,20.6 Million,118.9328,2001,3,,,
The Music Room,5.9 Million,118.9234,2011,1,,,
Redhorse,86.2 Million,118.8653,2008,7,,,
Cohen & Company,88.3 Million,118.7946,1977,7,,,
MKD Electric,68.2 Million,118.6987,1995,5,,,
Accelogix,10.3 Million,118.6729,2012,4,,,
Deep Well Services,76.1 Million,118.5237,2008,2,,,
Wellworks For You,5.8 Million,118.4928,2008,1,,,
"Cambria Investment Management, LP",5.4 Million,118.4053,2006,1,,,
eLearningBrothers,10.1 Million,118.3498,2009,6,,,
ImagineSoftware,34.2 Million,117.9777,2000,9,,,
Odyssey Systems Consulting Group,194.8 Million,117.9751,1997,6,,,
ActualTech Media,2.9 Million,117.9266,2012,1,,,
Vivax Pros,42 Million,117.8925,2004,9,,,
Day Translations,3.3 Million,117.8302,2007,2,,,
Pacific Energy Concepts,29.3 Million,117.8051,2009,5,,,
SHARP MEDICAL STAFFING,5.4 Million,117.8033,2013,1,,,
LMG,6.3 Million,117.7814,2004,2,,,
Norman Heating & Air Conditioning,3.3 Million,117.7419,2008,2,,,
TR MILLER HEATING & COOLING,5.3 Million,117.7283,2008,1,,,
"FATHOM (Oakland, CA)",16.2 Million,117.718,2008,7,,,
Bulu,7.1 Million,117.6993,2012,3,,,
Darkblade Systems,8.9 Million,117.6748,2010,4,,,
Energy Fitness,4.6 Million,117.5575,2003,4,,,
Medical B & T services,4 Million,117.5407,2004,1,,,
Blue Chip Talent,23.7 Million,117.536,1994,3,,,
ProMedia,62.8 Million,117.4974,2010,1,,,
Insight Sourcing Group,43.5 Million,117.4898,2002,12,,,
Mighty 8th Media,3.7 Million,117.4778,2005,1,,,
Knight Federal Solutions,8.1 Million,117.2264,2013,1,,,
"Alegiant Services,LLC",8.3 Million,117.1678,2003,1,,,
Nuspire,31.2 Million,117.0443,1999,2,,,
Datavail,70.7 Million,117.0347,2007,8,,,
Intero Real Estate Services,33.1 Million,117.0186,2012,4,,,
Coastal Payroll,8.3 Million,117.0083,2007,5,,,
Pet Assure Corp,4.3 Million,116.9608,2007,1,,,
J&B Pallet,26.8 Million,116.9237,1990,1,,,
Levitate Media,6.4 Million,116.8628,2009,6,,,
PaySphere Payroll & HR,2.3 Million,116.7363,2012,2,,,
Nekter Juice Bar,74.1 Million,116.7289,2010,5,,,
Intellectual Capitol,6.1 Million,116.7017,2003,5,,,
All Industrial Tool Supply,8.5 Million,116.6927,2010,4,,,
Adaptive Nursing and Healthcare Services,26.1 Million,116.6349,2011,2,,,
DKBinnovative,3.9 Million,116.5708,2004,3,,,
Clason Point Partners,5.5 Million,116.547,2011,3,,,
Classy Art,3.2 Million,116.515,1987,1,,,
Mommy's Bliss,28.9 Million,116.4479,1998,7,,,
TorchLight Hire,5.6 Million,116.4357,2012,3,,,
Cinch IT,2.3 Million,116.364,2004,1,,,
Division-D,45.1 Million,116.3152,2003,7,,,
GC Realty & Development,4.5 Million,116.2381,2003,1,,,
"Lee's Air Conditioning, Heating & Building Performance",11.8 Million,116.2222,1981,3,,,
Power Design,575.1 Million,116.1494,1989,4,,,
Core Nutritionals,5.1 Million,116.0683,2004,4,,,
People's Television,3.5 Million,116.0667,2011,1,,,
Premier Pools and Spas,6.8 Million,115.9802,2014,2,,,
de Jong Duke,23.5 Million,115.9741,2009,2,,,
Cadence Communications and Research,7.2 Million,115.9477,2008,1,,,
Stratus Building Solutions,74.3 Million,115.9433,2006,3,,,
Secure One Capital,10.2 Million,115.9168,1995,4,,,
The Predictive Index,40.7 Million,115.9061,1955,2,,,
ScribeAmerica,305.1 Million,115.8777,2005,9,,,
Dynamics Resources,9.1 Million,115.8764,2009,4,,,
Succession Resource Group,2.3 Million,115.7456,2012,1,,,
Intrust Funding,8.1 Million,115.6165,2009,5,,,
Providence Care,15.8 Million,115.5517,2010,1,,,
Complete Network,5.8 Million,115.5491,2011,4,,,
A+ Derr Heating and Cooling,12.6 Million,115.5016,2002,1,,,
Bandwave Systems,7.7 Million,115.4154,2000,5,,,
Systems Integration,28.7 Million,115.4049,1990,1,,,
Renters Warehouse,32.8 Million,115.3986,2007,10,,,
The Agency,107 Million,115.311,2011,4,,,
Open Systems Technologies,11.8 Million,115.2932,1996,5,,,
Tane,2.9 Million,115.2836,2002,3,,,
Aspen Systems,10.9 Million,115.2768,1982,2,,,
Thornhill,2.2 Million,115.265,2003,2,,,
Obility,4.7 Million,115.2341,2011,4,,,
Precision Measurement Engineering,2 Million,115.2009,1982,1,,,
Laritech,22.7 Million,115.1463,2001,7,,,
FOR,2.6 Million,115.1341,2010,2,,,
Tom Ferry,46.1 Million,115.1149,2004,6,,,
EMD Strategies,3.2 Million,115.1148,2009,1,,,
Century Business Solutions: EBizCharge,19.6 Million,115.0287,2004,3,,,
Rabbit Air,18.4 Million,114.968,2004,7,,,
The Dagit Group,32.1 Million,114.9096,2006,8,,,
King Memory,18.2 Million,114.8201,2009,6,,,
Scott Brown Media Group,8.5 Million,114.8082,2005,6,,,
Government Marketing,45.1 Million,114.7895,1999,3,,,
Sanmejio,2.9 Million,114.6552,2004,1,,,
Benchworks,66.9 Million,114.6445,1991,5,,,
Go-Forth Pest Control,6.7 Million,114.6407,1959,3,,,
WMK,514 Million,114.5471,1997,14,,,
Placers,12.1 Million,114.4235,2011,6,,,
USSC Group,98 Million,114.3057,1985,1,,,
Mailchimp,600 Million,114.2857,2001,1,,,
Atlantic Petroleum,2.2 Million,114.2746,2010,1,,,
Arch-Con Construction,372.2 Million,114.2646,2000,6,,,
LLamasoft,80.6 Million,114.1931,2003,5,,,
Zenetex,188.2 Million,114.1406,1999,8,,,
Targeted Pet Treats,33.7 Million,114.1225,2000,3,,,
Generation Iron Brands,2.1 Million,113.9,2014,1,,,
Computer Enterprises,92.4 Million,113.8643,1992,5,,,
TeleSolv Consulting,11.4 Million,113.77,2000,2,,,
PolicyPak,3.8 Million,113.7139,2007,1,,,
WebFX,24.4 Million,113.6959,2006,7,,,
All Points Broadband,5.7 Million,113.5302,2014,2,,,
Ruoff Home Mortgage,102.6 Million,113.5176,1984,7,,,
Premier Orthodontic Specialists,5.3 Million,113.4524,2006,1,,,
ADSG,33.2 Million,113.3684,1996,1,,,
EQ1 Real Estate,4.3 Million,113.3402,2013,2,,,
The ASK Method Company,7.2 Million,113.3373,2009,3,,,
PM Hotel Group,383 Million,113.3023,1996,1,,,
Tucker-Rose Associates,9.1 Million,113.2925,2008,5,,,
Intermountain Audiology Hearing and Brain Clinics,6.5 Million,113.173,2014,2,,,
Lightfoot Mechanical,9.3 Million,113.0772,1983,2,,,
Closet America,15 Million,113.0756,2009,3,,,
AltSource,18.8 Million,113.0571,2004,6,,,
Skyline Builders,2.3 Million,112.9924,1999,1,,,
Keen Decision Systems,3.6 Million,112.9151,2010,1,,,
Asurint,48.6 Million,112.9073,2004,5,,,
Healthy Spot,24 Million,112.8804,2008,1,,,
ConveyIQ,2.5 Million,112.8704,2012,1,,,
Builder's Choice,29.5 Million,112.849,1999,3,,,
The Spur Group,29 Million,112.7735,2013,4,,,
Buildium,41.4 Million,112.6896,2004,8,,,
ARGI Financial Group,26.7 Million,112.5778,1995,11,,,
Giltner Logistics,209.6 Million,112.5247,2000,4,,,
ABCO Systems,23.9 Million,112.4558,2003,2,,,
AVIO Consulting,9.6 Million,112.4324,2007,1,,,
Gateway Mortgage Group,276.7 Million,112.4089,2000,9,,,
Averhealth,17.8 Million,112.3571,1995,1,,,
Titus Talent Strategies,9.2 Million,112.2928,2015,1,,,
Backblaze,29.9 Million,112.2614,2007,2,BLZE,828222016.0,13.38
Reveleer,6.8 Million,112.194,2009,1,,,
Seek Thermal,27.6 Million,112.1897,2012,1,,,
Johnson Consulting Group,9 Million,112.1864,1997,2,,,
Optomi,65.9 Million,112.1616,2012,3,,,
Optimum Employer Solutions,25.6 Million,112.1448,2007,9,,,
Avanath Capital Management,9.2 Million,112.1042,2008,2,,,
Simulation Technologies,31.6 Million,112.0966,1983,2,,,
B-Unlimited,9.4 Million,112.011,1994,4,,,
Alliance Executive Search,6.6 Million,111.9967,2011,3,,,
Mid Valley IT,2.7 Million,111.9337,2007,2,,,
BridgePoint Construction,14.4 Million,111.9134,2007,3,,,
DECA Dental Group,87 Million,111.9001,2008,4,,,
Mediafly,10.6 Million,111.8725,2006,6,,,
Greenview Lawns,3.8 Million,111.7588,2004,1,,,
Binc,12.6 Million,111.7286,2002,1,,,
Verblio,3.1 Million,111.7255,2011,1,,,
Bedroc,65.5 Million,111.606,2009,3,,,
Status Labs,11.4 Million,111.6007,2012,4,,,
Sterling Site Access Solutions,240.8 Million,111.5009,1949,1,,,
Assisting Hands Home Care,66.1 Million,111.3998,2006,2,,,
Interactive Entertainment Group,3.8 Million,111.3401,2011,2,,,
Hydra-Flex,20.1 Million,111.281,2002,6,,,
Watters International Realty,7 Million,111.1739,2010,1,,,
MassPay,6.4 Million,111.1441,2004,6,,,
Convergint Technologies,990.6 Million,111.141,2001,3,,,
Blue Door Consulting,3.4 Million,111.0335,2002,2,,,
Mail Shark,30.6 Million,111.026,2008,8,,,
OptiFuse,5.2 Million,110.9888,2000,5,,,
Poulton Associates,14.4 Million,110.9881,1990,4,,,
Hire Dynamics,219.6 Million,110.9224,2001,9,,,
iCIMS,178.7 Million,110.8883,2000,13,,,
Dermacare Hampton Roads,2.3 Million,110.868,2006,1,,,
Aladtec,6.8 Million,110.8365,2005,5,,,
Bodycentral Physical Therapy,6.4 Million,110.7257,2001,3,,,
Victra,1.5 Billion,110.7096,1996,9,,,
Curriculum Associates,233.2 Million,110.6665,1969,5,,,
Fingerpaint,44.8 Million,110.6289,2008,7,,,
Prosek Partners,50.3 Million,110.5516,1991,10,,,
Walker Sands,15.6 Million,110.5449,2001,7,,,
Mabbett & Associates,11.7 Million,110.4584,1980,5,,,
Dom & Tom,12.3 Million,110.4096,2009,6,,,
Rock The House Entertainment,6.4 Million,110.2956,1999,1,,,
Incapsulate,15.6 Million,110.2749,2008,1,,,
Dominion Payroll,17.7 Million,110.1746,2002,10,,,
The Hennessey Group,8.8 Million,110.1325,2012,2,,,
Freeit Data Solutions,16.7 Million,110.0878,2010,5,,,
W Services Group,43.1 Million,110.0844,2009,2,,,
All Filters,7.8 Million,110.027,2009,3,,,
Intercontinental Capital Group,69.5 Million,110.0264,2005,1,,,
Arctic Supplies,3 Million,109.9464,2012,2,,,
Dfuse Technologies,6.9 Million,109.9004,1999,3,,,
Culver Equipment,21.1 Million,109.8619,1997,4,,,
HomeVestors of America,43.2 Million,109.8363,1996,5,,,
Women Rocking Business,2 Million,109.8185,2012,1,,,
Building Engines,18.3 Million,109.8082,2000,1,,,
S2 IT Group,7.8 Million,109.7952,2009,5,,,
ePelican.com,32.1 Million,109.717,2014,1,,,
Clean Energy Solutions,4.3 Million,109.659,2013,2,,,
Vennli,2 Million,109.6291,2013,1,,,
Arcos,29.8 Million,109.6134,1997,5,,,
Home Health Companions,3.1 Million,109.6049,2012,1,,,
Catchpoint,29.3 Million,109.4765,2008,1,,,
Greenphire,31.1 Million,109.4621,2008,7,,,
Elite Core Enterprises,7.4 Million,109.4495,2014,1,,,
PM Pediatrics,80.5 Million,109.4212,2005,9,,,
Forever.com,5.4 Million,109.3678,2012,2,,,
Mercury Mosaics,2.2 Million,109.3059,2002,1,,,
Wellen Capital,12.2 Million,109.2829,2012,2,,,
Archgate TMS Solutions,14.6 Million,109.2584,2013,1,,,
INCATech,7.1 Million,109.2418,2007,1,,,
Broadleaf Commerce,7.5 Million,109.1781,2011,3,,,
Tevora,37.9 Million,108.9532,2003,6,,,
Distritech,70.3 Million,108.858,2008,3,,,
Service Direct,6.3 Million,108.7981,2006,4,,,
Network Optix,7.3 Million,108.7174,2010,4,,,
Linden Construction of South Carolina,16.3 Million,108.6943,2009,1,,,
Propio Language Services,12.5 Million,108.6371,1998,6,,,
BioPoint,23 Million,108.6308,2011,5,,,
SynergyLabs,11.7 Million,108.6153,1992,3,,,
Aqueduct Technologies,53.6 Million,108.6036,2011,4,,,
Heavy Equipment Colleges of America,15 Million,108.5993,2006,4,,,
REI Automation,20.3 Million,108.4184,1990,1,,,
MRO,81.2 Million,108.4007,2013,5,,,
ASP-America's Swimming Pool Company,54.6 Million,108.2027,2002,8,,,
Convert IT Marketing,9.6 Million,108.2013,2009,3,,,
Asset Based Lending,13.5 Million,108.1803,2010,2,,,
Mindoula,8.6 Million,107.992,2013,2,,,
AccuReg Software,12 Million,107.9585,2005,2,,,
Rockland Insurance Agency,2.1 Million,107.941,2008,1,,,
CloudMyBiz,2.7 Million,107.8979,2012,2,,,
Geocent,58.4 Million,107.7614,1992,5,,,
Colarelli Construction,49.3 Million,107.6841,2003,2,,,
TeamLogic IT,7.2 Million,107.6502,2005,3,,,
RTM Engineering Consultants,22.4 Million,107.6126,1981,6,,,
Sioux Falls Tower Specialists,26.9 Million,107.5981,1989,1,,,
Resource Environmental Solutions,132.1 Million,107.5904,2007,9,,,
Interactions,98.9 Million,107.5645,2004,2,,,
Vizzia Technologies,3 Million,107.5482,2005,2,,,
StickerGiant,17.1 Million,107.4033,2000,2,,,
Printfection,5.9 Million,107.3937,2004,1,,,
Appraisal Nation,29.3 Million,107.3775,2007,4,,,
Fortis Riders,18.8 Million,107.3476,2000,9,,,
Ampcus,72.8 Million,107.3082,2004,9,,,
Shore Funding Solutions,5 Million,107.2731,2014,2,,,
Stevens Trucking,44.8 Million,107.2637,1979,1,,,
Business Promotion,12.9 Million,107.2599,2008,5,,,
Viralstyle.com,54.3 Million,107.2561,2014,1,,,
NEWPRO operating,30.2 Million,107.2115,1978,2,,,
Brandito,6.6 Million,107.0859,2009,4,,,
Mercer Advisors,92.5 Million,107.0616,1985,2,,,
Museum Hack,2.8 Million,107.0517,2013,2,,,
Protex Restaurant Services,6.5 Million,106.9429,2014,2,,,
ASP Global,57.5 Million,106.9379,2003,11,,,
Stewardship Investments,5.2 Million,106.9165,2011,2,,,
Man-Machine Systems Assessment,14.2 Million,106.8857,1990,5,,,
Coldwell Solar,51.1 Million,106.8083,1986,1,,,
Kalles Group,6.1 Million,106.7961,2010,3,,,
Workfront,189.6 Million,106.7585,2001,1,,,
Formulife,28.3 Million,106.7487,2008,3,,,
Chelsoft Solutions,6.9 Million,106.7274,2010,5,,,
Dallas Unique Indoor Comfort,11.9 Million,106.6485,1965,1,,,
Exterior Medics,15.2 Million,106.5775,2007,5,,,
Concierge Cleaning Services,2.8 Million,106.5554,2013,2,,,
Vital,6.5 Million,106.5079,2001,5,,,
Java Connections,3.7 Million,106.4825,2008,2,,,
Keller Logistics,14.9 Million,106.4439,1978,1,,,
Frank Surveying Co,12.9 Million,106.3868,1970,5,,,
Frontline Source Group,9.9 Million,106.2123,2004,4,,,
IGNW,18.2 Million,106.2046,2015,1,,,
Perfect Water Technologies,7.2 Million,106.0584,2002,5,,,
CMT Services,10.1 Million,106.0201,2002,3,,,
Cross Media Corporation,2.4 Million,106.0015,2010,1,,,
Pure Adapt,5.2 Million,105.9749,2006,5,,,
American Builders,17.8 Million,105.9455,1996,1,,,
Dash2 Group,2.9 Million,105.7779,2010,3,,,
PayNorthwest,6.9 Million,105.7624,2007,4,,,
Epic Freight Solutions,19.5 Million,105.7479,2011,4,,,
Limeade,40.1 Million,105.7372,2006,4,,,
eROI,10.8 Million,105.6975,2002,8,,,
Dreamstyle Remodeling,106 Million,105.6899,1989,2,,,
EideCom,3.4 Million,105.6763,2003,1,,,
Forshay,6 Million,105.6058,2011,2,,,
Online Rewards,73.5 Million,105.5769,2002,12,,,
Lexicon Solutions,4.9 Million,105.5471,2004,4,,,
Differential,3.4 Million,105.495,2013,1,,,
The Abbi Agency,4.2 Million,105.4536,2008,4,,,
Cerdant,11.3 Million,105.4154,2002,1,,,
Sabre88,5.4 Million,105.3628,2008,5,,,
Sawyer Manufacturing Company,16.5 Million,105.3526,1948,1,,,
Maxton & Company,10.4 Million,105.3414,2011,4,,,
Bali Construction,11.5 Million,105.3408,2010,2,,,
National Funding,121.3 Million,105.2864,1999,7,,,
Performance Plus Carts,6.2 Million,105.191,2010,4,,,
RJR Partners,4.3 Million,105.1348,2012,2,,,
Apollo Interactive,43.9 Million,105.0909,1995,1,,,
AMG & Associates,80.1 Million,104.9806,2005,7,,,
Intivix,6 Million,104.9647,1996,2,,,
SDB Steel & Pipe,133.4 Million,104.9167,2000,6,,,
Pedego Electric Bikes,20.1 Million,104.8366,2008,6,,,
Infiniti HR,458 Million,104.7641,2008,7,,,
Fora Financial,68.6 Million,104.7276,2008,6,,,
Swift HR Solutions,3.8 Million,104.6624,2004,2,,,
Tenaglia & Hunt,7.1 Million,104.6266,1976,2,,,
MBW Enterprises,2.1 Million,104.567,2014,1,,,
Mosaic Consulting Group,9.7 Million,104.4843,2011,2,,,
Young Automotive Group,886.5 Million,104.2857,1925,2,,,
SimIS,10.5 Million,104.2672,2007,1,,,
iTexico,9.8 Million,104.246,2012,4,,,
Hernon Manufacturing,13.2 Million,104.1345,1978,1,,,
Valiant Solutions,22.5 Million,104.0828,2005,5,,,
Jamaica Cottage Shop,5.1 Million,103.9819,1995,2,,,
Univista Insurance,75.4 Million,103.9534,2009,1,,,
Oxford Builders,4.6 Million,103.9137,1996,1,,,
Dry Pro Foundation and Crawlspace Specialists,14.6 Million,103.9124,1999,1,,,
CNF Technologies Corporation,9.5 Million,103.8992,2005,1,,,
Logenix International,49.6 Million,103.8981,2001,2,,,
AmeriChem Systems,10.9 Million,103.8763,1991,3,,,
Aesthetic Products,5.3 Million,103.6251,2003,1,,,
Longford & Company,12.6 Million,103.6055,2012,2,,,
Impact Networking,114.6 Million,103.596,1999,10,,,
Design Management Group,2.3 Million,103.5829,2013,1,,,
DreamGear,49.3 Million,103.5715,2002,4,,,
Branded Entertainment Network,70.8 Million,103.5633,2013,3,,,
SoftNice,22.7 Million,103.5388,2001,11,,,
Netwrix,34.8 Million,103.5068,2006,8,,,
Comfort Now,4.3 Million,103.3605,2011,3,,,
NetSearch Digital Marketing,5.6 Million,103.2643,2006,5,,,
ClinLab Staffing,14.9 Million,103.0705,2002,2,,,
Information Technology Professionals,9.5 Million,103.0304,2003,5,,,
Twisted X,72.1 Million,102.9873,2005,2,,,
Southeastern Equipment & Supply,14.8 Million,102.9715,2001,7,,,
ISG,52.3 Million,102.8775,1973,2,,,
Neighborly,237.6 Million,102.8096,1981,1,,,
ANOVA Marine Insurance,7.7 Million,102.7831,2011,4,,,
Engineered Solutions of GA,10 Million,102.7041,2006,3,,,
Exscape Designs,7.1 Million,102.7041,2007,3,,,
Growth Academy,8.4 Million,102.693,2014,1,,,
That Agency,2.2 Million,102.6846,2004,1,,,
HomeSmart International,9.6 Million,102.6821,2000,7,,,
Digital Edge,2 Million,102.5932,2011,1,,,
Hunter Business Law,2.1 Million,102.572,2013,1,,,
Mosquito Squad,61.7 Million,102.5654,2005,9,,,
BizIQ,10.6 Million,102.5387,2012,4,,,
Environmental Heating and Air Solutions,6.4 Million,102.5239,2010,1,,,
Mobile Solutions,10.6 Million,102.4842,2008,5,,,
Alo House Recovery Centers,13.6 Million,102.4528,2013,2,,,
CadmiumCD,7.7 Million,102.4166,2000,4,,,
DataShield,3.6 Million,102.3862,2003,3,,,
Elite Biomedical Solutions,15.2 Million,102.3316,2012,2,,,
Weifield Group Contracting,93.6 Million,102.2595,2002,6,,,
Route Transportation & Logistics,17.4 Million,102.2437,2009,1,,,
RedCloud Consulting,13.7 Million,102.1342,1995,4,,,
FieldEdge,18.2 Million,102.119,1980,3,,,
Spark Orthodontics,15.5 Million,102.0776,2010,1,,,
Five Lakes Coffee,3 Million,102.0694,2002,2,,,
Carson Group,95.4 Million,102.0175,1983,3,,,
"Millennium (Lake Geneva, WI)",72.6 Million,101.9258,2004,5,,,
Zambezi,25.9 Million,101.8388,2006,5,,,
innoVia Events,5.4 Million,101.8222,2012,3,,,
Ellevate Network,3.3 Million,101.8168,1996,1,,,
RapidVisa,6.1 Million,101.7861,2006,4,,,
Bilt Rite Scaffold,7.5 Million,101.7814,2006,2,,,
iluma Agency,6.5 Million,101.7719,2001,1,,,
Hungerford Technologies,3.3 Million,101.7693,1999,1,,,
BigTime Software,4.6 Million,101.7504,2001,1,,,
Home Health Solutions,4 Million,101.7297,2012,2,,,
Threadbird,11.6 Million,101.688,2008,4,,,
Transparent BPO,16.1 Million,101.6439,2009,5,,,
ONeils,2.7 Million,101.6126,2008,1,,,
Nationwide Real Estate Executives,17.6 Million,101.6112,2011,5,,,
Goken America,28 Million,101.5663,2004,3,,,
LBA Ware,3.3 Million,101.548,2008,1,,,
Lifestyle Publications,16.7 Million,101.4672,2008,5,,,
Early Growth Financial Services,17.2 Million,101.432,2008,5,,,
R Panitch Enterprises,3.5 Million,101.3948,2009,3,,,
Three Day Rule,4.6 Million,101.3773,2013,1,,,
SureCall,18.9 Million,101.3326,2001,4,,,
Workhorse Marketing,3.4 Million,101.2561,2003,3,,,
Rev.io,8.2 Million,101.2261,2002,6,,,
Profit Advisory Group,2.3 Million,101.1995,2005,2,,,
Viva Railings,18.9 Million,101.1864,2008,8,,,
Vision33,56.4 Million,101.0311,2003,8,,,
Hargrove Engineers + Constructors,355.3 Million,101.0242,1995,12,,,
Very,6 Million,101.014,2011,3,,,
Kevin.Murphy,96.6 Million,101.0076,2004,2,,,
WebMechanix,5 Million,100.9632,2009,5,,,
Risk International Services,22.9 Million,100.9087,1986,4,,,
ThinkShout,5.5 Million,100.8423,1997,5,,,
AArete,51.7 Million,100.8335,2008,4,,,
Aeroflow Healthcare,117.9 Million,100.8317,2001,4,,,
Softdocs,14.5 Million,100.7959,1998,5,,,
Liberty POST,17.4 Million,100.7406,2010,2,,,
ULTIMOVALUE.COM,37.1 Million,100.7201,2006,5,,,
Foundant Technologies,8.1 Million,100.6917,2007,6,,,
NorCal Ambulance,34.5 Million,100.6218,2005,3,,,
1Point21 Interactive,11.2 Million,100.6153,2005,4,,,
Sportique,6.2 Million,100.5959,2009,4,,,
Winslow Technology Group,36.5 Million,100.5956,2003,8,,,
Persons Services Corp,26.8 Million,100.5809,1978,1,,,
DB Services,4.4 Million,100.5645,2003,1,,,
Wonita International,4.9 Million,100.5579,2011,1,,,
PURE Group of Insurance Companies,983.3 Million,100.4801,2006,1,,,
Jakt,3.9 Million,100.4776,2012,1,,,
Relationship One,7.7 Million,100.4767,2009,3,,,
Plasticard Locktech International,182.3 Million,100.4319,1988,10,,,
Koch,7.1 Million,100.421,2001,1,,,
LoadDelivered,165.6 Million,100.4066,2008,7,,,
PrepNow,4.5 Million,100.3036,2011,4,,,
Orange Aluminum,4.1 Million,100.1905,2007,4,,,
919 Marketing,5.5 Million,100.1349,1996,3,,,
Clean Fuels National,11.6 Million,100.0959,2001,2,,,
Supply Solutions,12.9 Million,100.0009,2005,5,,,
3Sixty Integrated,18.3 Million,99.968,2002,1,,,
Moda Light,14.4 Million,99.9597,2005,3,,,
WheelsOnsite USA,6.2 Million,99.95,2007,6,,,
G&N Insurance,3.8 Million,99.9018,2010,3,,,
Walton Contractors,4 Million,99.8828,2012,3,,,
Sellmark,58.3 Million,99.8632,2000,3,,,
Fulcrum Digital,20.5 Million,99.8545,1999,1,,,
Eagle Business Credit,3.6 Million,99.787,2013,2,,,
FirstLight HomeCare Franchising,7.7 Million,99.7819,2009,5,,,
Stryker Construction,6.2 Million,99.754,2011,3,,,
The Quintin Group @ Keller Williams,2.1 Million,99.6995,1992,1,,,
Zensa,2.3 Million,99.6462,2014,1,,,
Contract Exteriors,30.3 Million,99.632,2009,2,,,
Hayden Outdoors,8.7 Million,99.6315,1976,1,,,
Reliable Staffing Services,10.4 Million,99.6104,2006,1,,,
Elite Auctions,3 Million,99.5391,2014,1,,,
Rugo Machine Shop Services,4.6 Million,99.5071,2006,2,,,
Metronome,19.6 Million,99.4947,2011,4,,,
YapStone,320.2 Million,99.4897,1999,12,,,
Swampfox Technologies,12.2 Million,99.4376,2009,4,,,
Fire Equipment,21.7 Million,99.3742,1928,2,,,
Blink UX,19.7 Million,99.3613,2000,6,,,
CTC Events and Productions,4.7 Million,99.3015,2008,1,,,
Ice Now,4.3 Million,99.2513,2009,3,,,
New Law Business Model,3 Million,99.2325,2011,2,,,
49er Communications,5.2 Million,99.2274,1997,7,,,
Cache Private Capital,9.6 Million,99.1999,2008,3,,,
ODW Logistics & Transportation Services,84.1 Million,99.174,2009,7,,,
Web River Group,42.3 Million,99.153,2001,2,,,
Steele & Freeman Construction Managers,87.2 Million,99.0737,1979,1,,,
Momentum Factor,3.9 Million,99.0192,2010,3,,,
Hoyos Consulting,2.5 Million,99.0108,2010,1,,,
Charles IT,5.5 Million,99.0072,2006,5,,,
Start to End Networks,3.4 Million,98.9719,2009,1,,,
Health & Rehab Solutions,3 Million,98.9684,2012,3,,,
The BOSS - The Builders Outlet Super Store,11.4 Million,98.9668,2008,5,,,
Camp Run-a-Mutt,10.5 Million,98.9627,2010,3,,,
Sequoia Financial Group,17.3 Million,98.879,1991,6,,,
Boss Logistics,7.3 Million,98.8206,2013,2,,,
Karins and Associates,7.3 Million,98.8003,1973,3,,,
Nonprofit HR Solutions,7.8 Million,98.7175,2000,1,,,
Triple Crown Construction,20.5 Million,98.6795,1991,1,,,
Sea Bags,9.8 Million,98.6569,1999,1,,,
JCAL Holdings,2.3 Million,98.5748,2010,10,,,
We Insure,15.9 Million,98.5386,2009,3,,,
EcoMark Solar,20 Million,98.4579,2010,2,,,
Tellerex,6.1 Million,98.3668,2013,1,,,
Greenwich Medical Spa,8.3 Million,98.3643,2004,1,,,
Walsingham Group,11.2 Million,98.3377,2008,4,,,
Solution Source,6.5 Million,98.2755,2010,5,,,
FirstMile,75 Million,98.2435,2011,3,,,
Crescent Homes,138.8 Million,98.2343,2009,3,,,
The Branding Agency Powered by Proforma,6.1 Million,98.2166,2014,2,,,
Insight2Profit,30 Million,98.1823,2006,8,,,
Kyber Security,5.8 Million,98.1623,2015,2,,,
Bases Loaded,9.7 Million,98.1328,1997,5,,,
Occu-Tec,4.6 Million,98.1141,1983,1,,,
Enhanced Veterans Solutions,10.6 Million,98.1125,2007,4,,,
CheckAlt,30.1 Million,98.0954,2004,1,,,
Entara,7.8 Million,98.0941,2001,1,,,
Hernandez Construction,54.8 Million,98.0362,2002,1,,,
Optima Tax Relief,108.4 Million,97.9641,2011,5,,,
Allworld Project Management,5.1 Million,97.9323,2010,1,,,
Coranet,84.7 Million,97.8664,2004,4,,,
J.S. Goray,2.3 Million,97.8596,1993,1,,,
Axis Global Enterprises,11.5 Million,97.8556,2009,4,,,
Louisville Geek,15.9 Million,97.8415,2004,1,,,
Merrimak Capital Company,166.5 Million,97.8025,1991,5,,,
Occams Advisory,5.1 Million,97.7724,2012,4,,,
Dynamic Solutions Worldwide,24.9 Million,97.7264,2010,3,,,
Swag Promo,5.1 Million,97.7261,2012,1,,,
Ubiquity Global Services,32.7 Million,97.7131,2012,3,,,
Launch Leads,3.2 Million,97.6783,2009,3,,,
Skysis,7.3 Million,97.671,2011,4,,,
Polymer Solutions International,30.3 Million,97.6129,1997,1,,,
Talroo,66.3 Million,97.6116,2008,6,,,
Homestar Financial,92.7 Million,97.6027,2001,4,,,
Fuel Medical Group,21.1 Million,97.5801,2010,6,,,
McKee Homes,68.5 Million,97.5677,2010,6,,,
Tamarack Consulting,4.5 Million,97.5393,2001,4,,,
ProcureAbility,10.9 Million,97.5083,1996,1,,,
Exegistics,12.7 Million,97.5077,2008,3,,,
Trabus Technologies,5.5 Million,97.4903,2010,5,,,
Thorburn Associates,3 Million,97.4559,1992,2,,,
503 Motoring,2.3 Million,97.4446,2001,1,,,
AMR Care Group,2.2 Million,97.41,2003,1,,,
TopRight,3.1 Million,97.3927,2007,1,,,
CART MART,21.7 Million,97.3648,1959,3,,,
TekStream Solutions,31.2 Million,97.2905,2011,5,,,
Transportation Insight,2.3 Billion,97.2672,1999,12,,,
GRAYBOX,5.9 Million,97.1844,2009,4,,,
Vector Media Group,13 Million,97.1248,2008,7,,,
Applied Design,2.5 Million,97.1008,2013,1,,,
Edge Financial,19.3 Million,97.1001,2001,2,,,
ABIP CPAs,12.5 Million,97.0818,2005,6,,,
5,15.9 Million,97.0544,2011,4,,,
Sweb Development,2.2 Million,97.0282,2008,2,,,
Fidelity PartnersMedical Staffing,4 Million,97.0187,2002,1,,,
Superior Logistics Solutions,10 Million,97.0043,2009,1,,,
Pacific Companies,14.2 Million,96.9978,2001,4,,,
Archimedia Solutions Group,16.2 Million,96.9568,2006,4,,,
CarData,4.2 Million,96.9095,2015,1,,,
Indagare Travel,33.2 Million,96.8057,2007,3,,,
Group Benefit Services,3.9 Million,96.7915,1992,7,,,
Ishir,2.5 Million,96.7682,1999,2,,,
Guardian Services,3.3 Million,96.7642,1945,3,,,
FNB Merchants,9.4 Million,96.7627,2005,2,,,
Amber Green,9.5 Million,96.6408,1980,4,,,
Worksighted,15.2 Million,96.5857,2000,8,,,
Jake's Heating and Air Conditioning,3 Million,96.5523,2007,1,,,
Expansion Capital Group,31.3 Million,96.5521,2013,2,,,
Zefr,91.8 Million,96.5302,2008,1,,,
United Fray,4.3 Million,96.452,2010,4,,,
DeVine Consulting,7.1 Million,96.4142,1999,2,,,
Concierge Auctions,40 Million,96.4082,2008,6,,,
Operative IQ / EMS Technology Solutions,4.4 Million,96.3978,2007,1,,,
PT Solutions Physical Therapy,88.4 Million,96.3545,2003,5,,,
Town Square Mortgage,23.7 Million,96.3517,2009,4,,,
KwikBoost,6.4 Million,96.3046,2010,2,,,
Orion Entrance Control,9 Million,96.2823,2009,1,,,
A & A Plumbing,2.1 Million,96.237,2007,1,,,
Gorilla Logic,37.9 Million,96.2225,2002,6,,,
ARIIX,219.8 Million,96.152,2011,4,,,
RevenueWell,23.7 Million,96.1249,2010,2,,,
AgileEngine,16.5 Million,96.0075,2000,4,,,
MedicOne Medical Response,22.7 Million,95.9675,1999,5,,,
CGS Business Solutions,2.1 Million,95.9057,2009,2,,,
FederalConference.com,54.9 Million,95.8771,2006,3,,,
Portables,73.2 Million,95.8342,1991,3,,,
Lady M Confections Co.,32.3 Million,95.8263,2001,4,,,
Avionte,26.6 Million,95.8156,2005,8,,,
MachineLogic,4.3 Million,95.7867,2001,4,,,
Tropical Smoothie Cafe,50.7 Million,95.7501,1997,9,,,
Iuvo Technologies,5.7 Million,95.7374,2007,5,,,
Southwest Industrial Electric,3.8 Million,95.7211,1988,2,,,
Saxbys,11.1 Million,95.6972,2005,4,,,
FireSprint,3 Million,95.6874,2007,1,,,
OSM Worldwide,117.6 Million,95.664,2003,9,,,
Trusted Nurse Staffing,17.4 Million,95.5958,2008,2,,,
Paragon Architecture,3.9 Million,95.5896,2010,3,,,
PMsquare,10.8 Million,95.4369,2014,2,,,
ARC Contracting,11.9 Million,95.4282,2006,1,,,
Client Savvy,2 Million,95.4258,2004,1,,,
Environmental Works,29.5 Million,95.4199,1992,1,,,
1 Source Business Solutions,154.1 Million,95.3924,2010,4,,,
Certent,49.9 Million,95.3624,2002,8,,,
Movoto,17.4 Million,95.3096,2005,5,,,
New Tech Solutions,257.3 Million,95.2908,1997,4,,,
Netgate,15.3 Million,95.2217,2004,2,,,
CMBA Architects,14.7 Million,95.208,1963,1,,,
TSI,4 Million,95.1754,2010,5,,,
Apex Flooring,8.3 Million,95.1556,2008,1,,,
HR Collaborative,2.2 Million,95.1412,2013,1,,,
Advanced Business Solutions,13.8 Million,95.0901,1995,1,,,
TACG,32.3 Million,95.0643,2006,4,,,
General Materials,6.3 Million,95.0211,2010,4,,,
Kingsgate Logistics,65.1 Million,94.9131,1986,6,,,
Mosaic451,21.2 Million,94.899,2011,2,,,
Procare Ambulance of Maryland,8.8 Million,94.895,2005,2,,,
Vision Wireless,7.5 Million,94.8447,2003,1,,,
Side By Side Stuff,19.8 Million,94.7208,2006,5,,,
GDS Link,14.1 Million,94.7189,2006,2,,,
Alta Vista Technology,4.2 Million,94.6759,2014,2,,,
Coretelligent,25.7 Million,94.6493,2006,8,,,
Peepers by PeeperSpecs,15.7 Million,94.6182,1993,7,,,
Tempaper,8.3 Million,94.5938,2008,1,,,
EP Wealth Advisors,32.2 Million,94.5671,2004,1,,,
Corner Alliance,7.8 Million,94.5043,2007,7,,,
Coolhaus Ice Cream,10.5 Million,94.4444,2009,1,,,
Qnary,3 Million,94.4018,2012,2,,,
Divisions Maintenance Group,262 Million,94.3598,1999,5,,,
YouDecide,7.4 Million,94.3539,1997,1,,,
Utopian Luxury Vacation Homes,12.2 Million,94.3307,2011,4,,,
"Mainstream Electric, Heating, Cooling & Plumbing",5.7 Million,94.3145,2000,2,,,
Odyssey Logistics & Technology,1 Billion,94.2582,2003,1,,,
Effective Spend,3.4 Million,94.2133,2008,1,,,
Shepherd Insurance,45.3 Million,94.16,1977,6,,,
"""I and Love and You""",22.2 Million,94.1444,2014,1,,,
FastSpring,30.3 Million,94.0817,2005,6,,,
Clearinghouse Community Development Financial Institution,33 Million,94.0323,1996,1,,,
Sherlock Services,5.2 Million,94.0081,1991,1,,,
BCDVideo,69.3 Million,93.8727,1999,4,,,
Atria Consulting,3.2 Million,93.8711,2006,1,,,
OPTiMO Information Technology,11 Million,93.7714,2008,2,,,
Trademark Hardware,2.5 Million,93.7544,2012,1,,,
Confirmation.com,36.9 Million,93.7458,2000,10,,,
Kavayah Solutions,2.4 Million,93.6473,2006,1,,,
Group Management Services,78.5 Million,93.573,1996,2,,,
Chef's Depot,69.9 Million,93.5083,1999,1,,,
TaiLopez.com,26.9 Million,93.3461,2013,1,,,
90octane,8.2 Million,93.34,2000,6,,,
Krilogy,8.5 Million,93.3076,2009,6,,,
4Ever Young Anti Aging Solutions,4.1 Million,93.1659,2014,1,,,
Precise Systems,54.5 Million,93.1366,1990,4,,,
Gear,7.3 Million,93.128,2007,4,,,
The DeWinter Group,64.5 Million,93.0643,2000,1,,,
Coast to Coast Pools,31.8 Million,93.0636,2000,5,,,
Capture Higher Ed,9.2 Million,93.057,2011,5,,,
Blue Coast Savings Consultants,5.5 Million,92.9169,2006,3,,,
Stratix Systems,30.3 Million,92.8799,1970,2,,,
37th Parallel Properties,4.8 Million,92.8465,2008,4,,,
Enterprise Solutions,97.8 Million,92.8358,2000,1,,,
Fortress Building Products,63.7 Million,92.8237,2002,3,,,
Pivot International,83.1 Million,92.7754,1972,4,,,
Bhgre Homecity,28.7 Million,92.6686,1982,4,,,
Wodify Technologies,11.1 Million,92.6439,2012,3,,,
Supply Chain Wizard,4.3 Million,92.5188,2014,2,,,
W2O Group,177.6 Million,92.4909,2001,11,,,
Logic20/20,34 Million,92.4003,2005,3,,,
Tachyon Technologies,12 Million,92.3979,2011,5,,,
ITS,55.7 Million,92.2492,2002,11,,,
Serve First Solutions,5.7 Million,92.1598,2002,4,,,
Teguar Corporation,11.6 Million,92.142,2010,4,,,
Progressive Dental,12.6 Million,92.0825,2009,6,,,
Resicon,4.2 Million,92.0715,2009,1,,,
EO Products,47 Million,92.0709,1995,8,,,
Vyne,35.5 Million,92.0183,1997,12,,,
Northwest Green Solutions,6.5 Million,91.9189,1991,1,,,
Greenville Avenue Pizza Company,3.6 Million,91.8917,2007,3,,,
AccuSource,4.6 Million,91.8161,1999,1,,,
Equian,369.4 Million,91.697,2004,9,,,
Beyond20,6 Million,91.6832,2006,5,,,
Rhythmic Technologies,2.9 Million,91.6782,2007,3,,,
SEQUOIA HOLDINGS,10.8 Million,91.6324,2012,4,,,
Sendero,25.7 Million,91.5501,2004,9,,,
Mobomo,15.4 Million,91.5202,2009,7,,,
EveryAction,43.7 Million,91.46,1997,11,,,
Vergent LMS,9.2 Million,91.3785,2006,1,,,
Service Express,113.4 Million,91.3202,1993,11,,,
Cerebra Consulting,6.8 Million,91.313,2004,2,,,
Fathom 4,5.4 Million,91.1367,2012,3,,,
97th Floor,8.4 Million,91.115,2005,4,,,
Tranquility Dental Wellness Center,4 Million,91.0611,2012,1,,,
Mullin,10.4 Million,91.0195,2007,1,,,
Solodev,4.4 Million,90.9918,2006,4,,,
Cooper's Hawk Winery & Restaurants,282.3 Million,90.9101,2005,7,,,
Alorica,2.2 Million,90.9001,1999,2,,,
Chandra Technologies,10.4 Million,90.8933,2002,4,,,
Thrive Consulting,5.2 Million,90.8813,2010,1,,,
Mansari,2.5 Million,90.7485,2008,1,,,
Novus Architects,11.6 Million,90.7233,1992,2,,,
Seer Interactive,23.1 Million,90.6014,2002,5,,,
360 Payments,7.5 Million,90.566,2011,5,,,
Inspira Marketing,70.5 Million,90.552,2008,7,,,
The Braun Agency,2.1 Million,90.5269,1998,1,,,
The Siegfried Group,218.1 Million,90.5036,1988,5,,,
Opus Interactive,6.7 Million,90.4768,1996,2,,,
Primary Wave Media,8.8 Million,90.2605,2003,5,,,
Exbabylon IT Solutions,3.8 Million,90.2119,2001,1,,,
TGG Accounting,10.1 Million,90.1937,2006,5,,,
AltexSoft,2.1 Million,89.9197,2007,2,,,
Lincoln Security Services,4 Million,89.8326,2011,2,,,
Zogics,10.2 Million,89.7042,2007,2,,,
Logical Media Group,4.9 Million,89.6634,2006,4,,,
Tjfact,7.9 Million,89.5902,2009,3,,,
Netreo,4.5 Million,89.5833,2000,3,,,
Worcester Companies,26.4 Million,89.5607,2006,2,,,
Trowbridge & Trowbridge,78.7 Million,89.5449,2006,6,,,
iPower Technologies,6.8 Million,89.4826,2009,3,,,
Atlas Insurance Brokers,24.1 Million,89.4652,2000,3,,,
Truland Homes,97.2 Million,89.4615,2011,2,,,
Municibid,17.3 Million,89.3837,2006,2,,,
Clear Resolution,5.8 Million,89.3587,2008,2,,,
Evoke Brand Strategies,4 Million,89.3571,2009,4,,,
Sun Solar,18.3 Million,89.2057,2012,4,,,
CoAdvantage,4.6 Billion,89.1728,1997,4,,,
Monitors.com,3.3 Million,89.1453,2009,1,,,
SMS Lodging,21.7 Million,89.1453,2010,3,,,
Selling Simplified,8.8 Million,89.0959,2011,4,,,
Enlinx,30 Million,89.0367,2011,2,,,
Bigcommerce,94.2 Million,89.0234,2009,6,,,
Digital Boardwalk,2.5 Million,89.0098,2009,2,,,
Innovative Business Solutions,8.6 Million,88.9525,2006,4,,,
Banyan Technology,4.3 Million,88.8594,2001,2,,,
Lizzy Lift,23.9 Million,88.793,1998,2,,,
Vital Edge Solutions,3.6 Million,88.7901,2011,1,,,
Tribal Tech,16.8 Million,88.7008,2010,6,,,
D'Aprile Properties,17.5 Million,88.6577,2010,5,,,
Infomatics,12.5 Million,88.6516,1998,8,,,
InfoReady,3.1 Million,88.6456,2010,3,,,
General Informatics,12.8 Million,88.5835,2001,6,,,
True Builders,7.6 Million,88.5366,2010,3,,,
Natran,2.3 Million,88.4832,2006,1,,,
Cuddle Clones,3.5 Million,88.4597,2011,2,,,
ON Partners,26.3 Million,88.4457,2006,6,,,
Roundstone,16.8 Million,88.4107,2003,2,,,
First Centennial Mortgage,44.3 Million,88.3945,1995,3,,,
Sunset Transportation,159.5 Million,88.3621,1989,7,,,
TrafficSafetyStore.com,19.9 Million,88.2794,2002,4,,,
P.J. Wallbank Springs,30.3 Million,88.2578,1982,2,,,
Inteletech Global,2.6 Million,88.2505,2011,2,,,
Synergy Comp Insurance Company,22.9 Million,88.2484,2005,4,,,
Proactive Technologies,11.2 Million,88.2312,2007,7,,,
CompuTech City,5.8 Million,88.2258,2002,1,,,
Proforma GPS Global Promotional Sourcing,12.8 Million,88.1546,2001,4,,,
Pediatric Home Healthcare,38.8 Million,88.1035,2010,4,,,
Rapid Web Services,14 Million,88.1021,2009,5,,,
Goodzer,3.8 Million,88.0425,2010,1,,,
Automated Systems Design,42.9 Million,88.0387,1987,6,,,
Spectrio,42.4 Million,88.0105,1986,8,,,
Buildingstars of Charlotte,2.4 Million,88.0061,2011,1,,,
OnQ Solutions,35.5 Million,87.8807,2004,1,,,
ReSource Pro,93.2 Million,87.8464,2003,11,,,
Ques Industries,9.7 Million,87.8407,1983,4,,,
Titan Growth,10 Million,87.8293,2004,8,,,
In Time Tec,9 Million,87.8199,2009,4,,,
Cast Aluminum Solutions,28.5 Million,87.7791,2010,3,,,
GadellNet Technology Solutions,11.8 Million,87.768,2003,7,,,
iVenture Solutions,20.6 Million,87.7494,2000,10,,,
Russell Cellular,424.4 Million,87.6894,1993,9,,,
DP Electric,60.5 Million,87.6205,1990,1,,,
strategic HR,2.4 Million,87.6111,1995,2,,,
Coherent Solutions,46.4 Million,87.5822,1995,8,,,
Hightowers Petroleum Company,434.3 Million,87.4793,1985,6,,,
Percepture,3.1 Million,87.4688,2004,3,,,
AccelHRate,3.5 Million,87.4322,2014,1,,,
Dutch Country Living,3 Million,87.2893,2012,2,,,
Hanapin Marketing,8.6 Million,87.288,2004,6,,,
Abadie-Williams,2.5 Million,87.2598,2013,2,,,
RealJoy Vacations,9.3 Million,87.25,2009,2,,,
KW Property Management & Consulting,70.5 Million,87.149,2004,1,,,
UpClear,6 Million,87.1424,2007,6,,,
Patrick Accounting and Tax Services,3.3 Million,87.132,2003,1,,,
AltaVista Strategic Partners,2.8 Million,87.094,2011,3,,,
Ryan Gootee General Contractors,64.2 Million,87.0788,2004,2,,,
Schaumburg Specialties,3.5 Million,87.0781,1983,1,,,
Cross Country Home Services,434 Million,87.0591,1978,2,,,
Taoti Creative,6 Million,87.0293,1996,4,,,
Tenon Tours,7.3 Million,86.9307,2007,5,,,
Peoples Company,7.3 Million,86.9295,1972,2,,,
Point of Rental Software,18.1 Million,86.8199,1982,3,,,
Reliant Funding,64.8 Million,86.7997,2010,7,,,
Kung Fu Tea,21.9 Million,86.7875,2010,2,,,
OnSite Fleet,3.8 Million,86.7289,2014,1,,,
Schox Patent Group,6.4 Million,86.6958,2009,6,,,
Trapp Technology,13 Million,86.6856,2007,6,,,
inSeption Group,14.1 Million,86.6311,2011,1,,,
Firehook,11.5 Million,86.6094,1992,2,,,
Flywheel Brands,6 Million,86.5986,1981,1,,,
Badass Brand,2.8 Million,86.5412,2014,1,,,
Carahsoft Technology,5.4 Billion,86.5174,2004,12,,,
Aurora Imaging Company,5.4 Million,86.4999,2001,1,,,
Gilmore Solutions,2.6 Million,86.4362,2003,1,,,
Capital Edge Consulting,12.4 Million,86.3828,2010,4,,,
Roadway Moving Company,22.1 Million,86.3764,2008,2,,,
Synchrogistics,18.8 Million,86.3641,2010,2,,,
TalTeam,9.1 Million,86.3323,2011,4,,,
memoryBlue,12 Million,86.3242,2002,7,,,
TiER1,36.4 Million,86.2298,2002,13,,,
vCORE Technology Partners,104.1 Million,86.2038,2010,1,,,
Lithko Contracting,704.4 Million,86.1373,1994,3,,,
CapTech Ventures,192.4 Million,86.136,1997,13,,,
Best Practice Energy,3.6 Million,86.107,2010,3,,,
Managed Care Advisors,15.4 Million,86.0913,1997,4,,,
Donaldson Plastic Surgery,3.7 Million,86.066,2008,2,,,
Yepremyan Law Firm,3.3 Million,86.0586,1998,2,,,
MESH(r),6.2 Million,86.0352,2003,4,,,
Pedigree Technologies,17.4 Million,86.0084,2004,8,,,
Aligned Technology Solutions,2.3 Million,85.9331,2010,1,,,
AOA,10.9 Million,85.9322,2009,2,,,
Enstoa,23.7 Million,85.8638,2007,8,,,
Aduro,30.2 Million,85.8312,2001,4,,,
Profuse Solutions,8.2 Million,85.8181,2001,6,,,
CWDL CPAs,2.9 Million,85.696,2013,2,,,
Restoration Cleaners,5.8 Million,85.6867,2002,6,,,
MRG Construction Management,16.2 Million,85.6526,2011,3,,,
Zters,25 Million,85.6352,2009,1,,,
IdeaTek Telcom,3.5 Million,85.6313,1999,6,,,
DaySmart Software,15.5 Million,85.5407,1999,9,,,
Global Tee,3.7 Million,85.5388,2014,1,,,
Canal Capital Management,2.9 Million,85.5225,2011,2,,,
TalentLaunch,105.3 Million,85.4193,2001,7,,,
TechStar Group,24 Million,85.4065,2002,2,,,
Al's Complete Lawn Care,8.3 Million,85.3939,2004,2,,,
DeAngelis Diamond,418.9 Million,85.3493,1996,4,,,
g2 Revolution,17.6 Million,85.3157,2008,7,,,
CMMS Data Group,5.8 Million,85.3126,2000,1,,,
Soccer Shots Franchising,7.4 Million,85.3107,1999,6,,,
Multifamily Utility Company,21.9 Million,85.2811,2007,6,,,
VirTex Enterprises,75.6 Million,85.2703,1999,8,,,
RentWerx Property Management,2 Million,85.2102,2011,1,,,
360 Blue,21.1 Million,85.1417,2008,3,,,
inWhatLanguage,3.6 Million,85.1388,2011,2,,,
GrowthForce,5.8 Million,85.1018,2004,4,,,
Optizmo Technologies,3.5 Million,85.0477,2009,2,,,
LegalEASE,11.1 Million,85.0168,2003,1,,,
Beck Partners,4.2 Million,84.9393,2014,2,,,
McAllen Valley Roofing,7.6 Million,84.9355,2012,1,,,
Corp2000,4.8 Million,84.8944,1979,2,,,
APEX Recovery,2.4 Million,84.8775,2014,1,,,
SEJ Services,11.4 Million,84.8601,2011,1,,,
Unanet,30.2 Million,84.8332,1988,2,,,
Cheba Hut Toasted Subs,29.4 Million,84.8307,1998,2,,,
Fireking Baking Company,20 Million,84.8205,1999,2,,,
WatchGuard Video,107.5 Million,84.7379,2002,5,,,
Land design studio,2.6 Million,84.7279,2001,1,,,
TribalVision,7 Million,84.7021,2010,4,,,
Mammoth,7 Million,84.676,2001,1,,,
Jade Global,36.5 Million,84.6722,2003,9,,,
Synergen Health,11 Million,84.6549,2011,5,,,
Black-Haak Heating,7.1 Million,84.6478,1956,3,,,
Code42,109.7 Million,84.5793,2001,9,,,
KCL Engineering,4.6 Million,84.5658,2008,2,,,
Amtel,71 Million,84.5111,2009,2,,,
Koncept Events,15.9 Million,84.4765,2007,2,,,
TechOp Solutions International,10 Million,84.4211,2005,1,,,
Infinite Resource Solutions,9.3 Million,84.3892,2013,2,,,
Tusk Enterprises,43.1 Million,84.3679,2003,4,,,
SRS Distribution,2.6 Billion,84.3671,2008,6,,,
Strong Smiles Dental Care,4.2 Million,84.3529,2013,3,,,
M&M Productions USA,2.9 Million,84.2816,1988,1,,,
Safe Hiring Solutions,4.8 Million,84.2678,2004,5,,,
KMS Technology,33 Million,84.2559,2009,6,,,
Worldwide Insurance Network,111.4 Million,84.2122,1994,1,,,
Oakworth Capital Bank,28.2 Million,84.1992,2008,3,,,
Gilleard Dental Marketing,4.2 Million,84.174,2010,2,,,
Outer Banks Blue,9.7 Million,84.1651,2005,6,,,
Edward Marc Brands,46.1 Million,84.1542,1914,5,,,
Contract Solutions,4.5 Million,84.1522,2006,3,,,
Automotive Internet Media,3.2 Million,84.1362,2009,1,,,
Leading EDJE,8.4 Million,84.1265,2007,8,,,
Intact Technology,46.1 Million,84.1193,1994,4,,,
Vanguard Claims Administration,4.3 Million,83.9419,1997,1,,,
Nomadness,4.2 Million,83.8447,2008,3,,,
SmarterChaos.com,5.8 Million,83.8286,2010,5,,,
Converze Media Group,53 Million,83.8117,2009,1,,,
Submittable,13.9 Million,83.6646,2010,2,,,
Peck Brothers Roofing,16.8 Million,83.6522,2007,1,,,
Whim Hospitality,13.6 Million,83.6302,2012,4,,,
The Clearing,18.5 Million,83.609,2007,6,,,
Lightbridge Academy,54.5 Million,83.5775,1997,1,,,
L37 Creative,8.8 Million,83.5461,2013,2,,,
Seaway Printing Company,11.2 Million,83.5328,1884,5,,,
1st Class Real Estate,5.7 Million,83.3613,2012,1,,,
IMS Technology Services,38 Million,83.36,1994,7,,,
Envision,4.3 Million,83.2591,2005,2,,,
BuyBackWorld,9.8 Million,83.1697,2009,1,,,
C&R,2.6 Million,83.0999,2009,2,,,
Modo Modo Agency,2.7 Million,83.0917,2007,3,,,
2020 Teknology,9.8 Million,83.0804,2012,1,,,
CQ fluency,12.1 Million,83.0785,2000,6,,,
International Voyager,4.4 Million,82.9975,2002,4,,,
Killer Visual Strategies,3.6 Million,82.8494,2010,1,,,
Burgos Group,21.9 Million,82.8385,2006,6,,,
Conservice,197.2 Million,82.8327,2000,12,,,
Think Company,17.8 Million,82.7854,2007,7,,,
Air Solutions & Balancing,9.3 Million,82.7557,2002,1,,,
Sterling Staffing Solutions,5.3 Million,82.6993,2011,4,,,
ClinicalMind,23.5 Million,82.6848,2012,2,,,
Hollister Construction Services,292.1 Million,82.6052,2004,7,,,
Acacia,4 Million,82.5872,2007,3,,,
RTG Medical,62.1 Million,82.5553,2001,5,,,
True Hire,2.3 Million,82.5105,1995,1,,,
The Purple Guys,6.8 Million,82.4948,2001,2,,,
PowerDMS,15.3 Million,82.4681,2001,9,,,
ImageWorks,2.7 Million,82.4297,1997,1,,,
Blast Analytics & Marketing,12.4 Million,82.4175,1999,1,,,
EMEX,16.4 Million,82.4074,2007,1,,,
Optimal Design,10.9 Million,82.3787,1997,2,,,
The Stem,5.2 Million,82.3732,2013,3,,,
Inova Payroll,14.9 Million,82.3609,2011,4,,,
Universal Painting Corporation,6.2 Million,82.3262,1993,1,,,
Congruity HR,210.4 Million,82.2957,2011,1,,,
Archer,15.1 Million,82.1888,2000,3,,,
Jacobson Strategic Communications,2.7 Million,82.1379,2010,3,,,
Thomsen Homes,58.8 Million,82.1138,2007,3,,,
Rectangle Health,57.1 Million,82.0697,1993,1,,,
Zelis Healthcare,374.5 Million,82.0056,2001,9,,,
Pax Financial Group,3.4 Million,81.9394,2007,3,,,
Culmen International,41.3 Million,81.9367,2004,8,,,
SA Photonics,27 Million,81.9222,2002,8,,,
Saxon Global,23.7 Million,81.9147,2000,4,,,
Amuza,2.9 Million,81.9014,2012,2,,,
City Winery,66.7 Million,81.8789,2007,4,,,
Twelve Points Wealth Management,2.6 Million,81.8532,2014,1,,,
Environmental Pest Management,2.3 Million,81.8275,2003,1,,,
Adapture,38.1 Million,81.7726,2013,2,,,
Credible Behavioral Health,35.1 Million,81.7268,2000,5,,,
Connecticut Sealcoating,5.2 Million,81.6906,2009,1,,,
US Freight,30.6 Million,81.6138,2009,4,,,
GSI Health,11.5 Million,81.5725,2003,3,,,
Jones Sign Company,109.6 Million,81.5602,1910,1,,,
North Terrace Property Management,2.5 Million,81.5392,2005,1,,,
Thorn Pest Solutions,2 Million,81.4541,2007,1,,,
Land Info Worldwide Mapping,4.1 Million,81.4436,2004,1,,,
Triage Medical Staffing,82.8 Million,81.3338,2006,4,,,
Global Data Vault,2.8 Million,81.3243,2004,1,,,
Boost Payment Solutions,4.3 Million,81.3032,2009,1,,,
Smart Chemical Services,76.1 Million,81.2441,2008,3,,,
Kanda Software,11.7 Million,81.2205,1993,4,,,
Tender Belly,11.1 Million,81.2059,2010,5,,,
RED Group,2.2 Million,81.1969,2006,1,,,
SyncShow,2.5 Million,81.1938,2002,2,,,
Access Information Management,348.1 Million,81.1547,2004,11,,,
NFI Industries,2 Billion,81.1407,1932,1,,,
ReferralExchange,32.3 Million,81.1331,2005,2,,,
Mindgrub Technologies,8.5 Million,81.1323,2002,7,,,
NTE Energy,23.4 Million,81.1187,2009,6,,,
Starnes Media,4 Million,81.0695,2008,4,,,
Impekable,2.6 Million,81.0571,2012,2,,,
CCS Technology Group,3.3 Million,81.0545,2013,2,,,
Trillion Technology Solutions,9 Million,81.0233,2004,2,,,
Mark-it Express,37.7 Million,81.0226,2009,4,,,
GetWireless,67 Million,81.0006,2001,9,,,
Rentex Audio Visual & Computer Rentals,57.7 Million,80.9714,1980,6,,,
Infogressive,3.7 Million,80.9598,2006,3,,,
Swanktek,24.2 Million,80.9239,2006,1,,,
Annkissam,7.2 Million,80.7866,2007,3,,,
Kaufman Development,21.6 Million,80.7816,2011,4,,,
Tempco Glass Fabrication,7.5 Million,80.78,2013,1,,,
MedSpeed,108.4 Million,80.7669,1999,3,,,
Evolve IP,106 Million,80.759,2007,7,,,
Davenport Theatrical Enterprises,3.3 Million,80.7523,2004,1,,,
Fractl,7.8 Million,80.7237,2012,2,,,
Simeio Solutions,51.5 Million,80.6918,2007,3,,,
HomeSpec BasementFix,6.2 Million,80.6576,1994,3,,,
Brilliant Ink,2.6 Million,80.6103,2008,1,,,
SMG,2.9 Million,80.5765,2010,1,,,
Clarity Partners,27.7 Million,80.5624,2004,7,,,
Lewis-Price & Associates,12.8 Million,80.5265,2003,1,,,
Sceptre Hospitality Resources (SHR),11.6 Million,80.5209,1987,7,,,
IntelliWare,34 Million,80.5137,2005,3,,,
Express Logistics,40.7 Million,80.5104,2013,3,,,
Hostek.com,7.5 Million,80.455,1998,2,,,
ExIT Technologies,6.5 Million,80.3891,1989,2,,,
Jarrett Logistics Systems,119.4 Million,80.3107,1999,14,,,
Cadenza Innovation,3.3 Million,80.2829,2012,1,,,
Acuity Systems,10.9 Million,80.2328,2010,2,,,
Brothers International Desserts,38.8 Million,80.2289,1973,1,,,
Vitality Medical,33.8 Million,80.2111,2000,6,,,
LegitScript,14.7 Million,80.1223,2007,1,,,
Flores Financial Services,5.5 Million,80.1109,1982,1,,,
The Heyl Group at Keller Williams,4.4 Million,80.0662,2010,5,,,
ATIS Elevator Inspections,10.3 Million,80.0584,2013,2,,,
Innovative Commercial Environments,10.3 Million,80.0503,2006,6,,,
Sonwil Distribution and Logistics,85.3 Million,80.0284,1962,1,,,
Dots,27 Million,80.0,2013,1,,,
Barrett Distribution Centers,110.9 Million,79.9987,1941,11,,,
Verity Commercial,4.1 Million,79.9981,2010,3,,,
Bevilacqua Research,52.6 Million,79.9783,1992,8,,,
Timo's Air Conditioning & Heating,6.1 Million,79.9706,1998,3,,,
Symmetrix Solutions,8.6 Million,79.9001,2012,2,,,
WizeHive,4.6 Million,79.7981,2008,1,,,
AEC Group,97.7 Million,79.7589,1992,4,,,
Learn on Demand Systems,10.9 Million,79.7392,2004,1,,,
Cenero,50.2 Million,79.6661,2000,6,,,
Proven IT,60.9 Million,79.618,2003,5,,,
Advanced RPO,6 Million,79.5594,2007,1,,,
eGuard Technology Services,3.5 Million,79.5234,2007,1,,,
Poo~Pourri,59.4 Million,79.4572,2007,5,,,
MindTouch,10.4 Million,79.4465,2005,1,,,
All About Events - Jacksonville,2.7 Million,79.3706,2010,2,,,
Makers Nutrition,26.7 Million,79.3583,2014,1,,,
Xtivia,50.7 Million,79.358,1992,2,,,
Xtreme Xperience,10 Million,79.3183,2012,1,,,
Stream Companies,77.9 Million,79.2692,1996,12,,,
Kendall Capital Management,2.1 Million,79.1382,2005,1,,,
Cornerstone Wealth Management,26 Million,79.1245,2005,1,,,
Candid Partners,21.3 Million,79.1031,2012,5,,,
Maximum One Realty,28.5 Million,79.0532,2007,8,,,
Stainless Steel products,3 Million,78.9458,1995,1,,,
Triple J Armory,2.3 Million,78.9299,2012,1,,,
Clerestory Consulting,9.9 Million,78.7945,2003,5,,,
Cumberland Consulting Group,110.6 Million,78.7545,2004,11,,,
Servsys,13.4 Million,78.7345,2011,5,,,
PPT Consulting,8.6 Million,78.6535,2003,2,,,
Allied Instructional Services,7 Million,78.5802,2010,3,,,
Procida Construction,167.6 Million,78.5693,1967,3,,,
Manufacturers Distributor,7.9 Million,78.5356,2002,1,,,
Continental Mapping Consultants,22.3 Million,78.4419,1999,2,,,
CoNexus CPA Group,5.3 Million,78.4387,2015,1,,,
Isos Technology,7.8 Million,78.4213,2005,5,,,
MFS Supply,85.5 Million,78.3991,2007,4,,,
Elite Innovative Solutions,6.1 Million,78.3973,2006,2,,,
Compressor World,15.8 Million,78.3937,2000,4,,,
ION Solar,72.9 Million,78.3829,2013,3,,,
Industrial Motor Power Coporation,42.3 Million,78.3077,2001,2,,,
Sunshine Plumbing Heating Air,2.6 Million,78.2904,2008,1,,,
Sanity Solutions,56.2 Million,78.2655,2004,8,,,
Pipeline Equipment,37.2 Million,78.2402,1995,1,,,
IcePortal,3.6 Million,78.1998,2004,1,,,
Lifescape Colorado,14.6 Million,78.1734,1976,5,,,
Acertara Acoustic Laboratories,7 Million,78.1174,2011,1,,,
Graphics and More,6.3 Million,78.09,2008,6,,,
City Wide Franchise Company,250.5 Million,78.0794,2001,2,,,
Dental Care New Jersey,17.3 Million,78.0329,2010,2,,,
Tom Drexler Plumbing Air,23.3 Million,78.0268,1982,1,,,
Pharmaceutical Strategies Group,43.1 Million,77.987,2003,3,,,
Des Moines Truck Brokers,37.3 Million,77.9837,1969,1,,,
Component Surfaces,3.8 Million,77.8808,2004,3,,,
Cloud for Good,7.8 Million,77.8548,2010,6,,,
Corvette Mods,10.6 Million,77.8444,2010,5,,,
ThreeBridge Solutions,81.5 Million,77.8366,2009,3,,,
Insight Resource Group,16.8 Million,77.8048,2007,6,,,
Freddy's Frozen Custard,474.7 Million,77.7525,2002,8,,,
CHHJ Franchising,2.7 Million,77.7164,2012,1,,,
Endsight,15.2 Million,77.6575,2004,5,,,
Applied Educational Systems,2.9 Million,77.6381,1987,2,,,
New Vision Properties,10.2 Million,77.6378,2009,3,,,
Call Management Resources,4.1 Million,77.6321,1959,1,,,
Matthew A. Dickason,4.4 Million,77.6299,2007,1,,,
Tyler Petroleum,41.3 Million,77.6118,2008,2,,,
Expert Computer Solutions,2.4 Million,77.5799,2005,1,,,
Venn Strategies,11.7 Million,77.5711,2001,2,,,
Blue Corona,9.3 Million,77.5282,2008,8,,,
TerraCycle,31.8 Million,77.5067,2003,5,,,
HAP Investments,9 Million,77.5057,2011,4,,,
Big Outdoor,40.4 Million,77.4943,2013,1,,,
CHHJ North Jersey,2.7 Million,77.4836,2009,1,,,
North American Coating Laboratories,5.7 Million,77.4745,1974,1,,,
Lead id,2.4 Million,77.4553,2007,1,,,
InterDev,11.3 Million,77.4038,1980,2,,,
Architectural Fabrication,11.2 Million,77.4024,1996,4,,,
BrandYourself.com,7.4 Million,77.3921,2009,2,,,
Vaco,516.8 Million,77.3797,2002,13,,,
Cynet Systems,55.7 Million,77.3613,2010,4,,,
Inspired eLearning,14 Million,77.3332,2003,7,,,
Beacon Capital Management,33 Million,77.2664,2000,3,,,
Element Three,11.9 Million,77.2376,2006,6,,,
Malwarebytes,126.2 Million,77.1683,2008,5,,,
First American Payment Systems,783.9 Million,77.1276,1990,2,,,
Just Right Products,3.7 Million,77.0175,2010,1,,,
Tint World,33.6 Million,76.9661,1982,5,,,
Storage Media Group,10.7 Million,76.9614,2009,1,,,
Pacific Western Painting,5.9 Million,76.9256,2004,6,,,
Power Home Remodeling,649.1 Million,76.8906,1992,10,,,
INTERNATIONAL TEFL ACADEMY,6.2 Million,76.8579,2010,2,,,
M2 Strategy,7.9 Million,76.8383,2003,4,,,
Atlanta Communities Real Estate Brokerage,65.8 Million,76.8005,2009,6,,,
Saturn Tech,7.5 Million,76.7531,2006,7,,,
Creditsafe USA,15.9 Million,76.7512,2012,3,,,
Standard Black,8.4 Million,76.7452,2009,1,,,
TRIOSE,66.5 Million,76.7214,1999,7,,,
Long Story Short Media,3.4 Million,76.6982,2009,3,,,
Blueberry Builders,8.9 Million,76.671,2011,4,,,
Kent Power,102.9 Million,76.6037,1989,1,,,
"BWS Plumbing, Heating and Air Conditioning",4.1 Million,76.4793,2009,1,,,
Centrify,114.6 Million,76.45,2004,6,,,
Accelerated Claims,21.3 Million,76.3999,2006,8,,,
MVS,17.2 Million,76.387,1997,3,,,
OptConnect,21.9 Million,76.3718,2009,2,,,
Tarrytech Security,3.5 Million,76.3401,2003,2,,,
Signature Bank,38 Million,76.3111,2006,1,,,
Entisys360,162.4 Million,76.2826,1988,8,,,
MedCerts,10.5 Million,76.1827,2008,1,,,
The Cydio Group,18.5 Million,76.1377,2006,6,,,
Advanced Project Consulting,11.4 Million,76.0982,2010,4,,,
Interlink Cloud Advisors,6.4 Million,75.9945,2011,1,,,
495 Movers,3.2 Million,75.8872,2009,1,,,
Natalie's Orchid Island Juice Company,61.2 Million,75.8389,1989,3,,,
MIE Solutions,4.1 Million,75.7891,2007,3,,,
CommerceIQ,10.7 Million,75.7887,2012,1,,,
Uptime Legal Systems,7.3 Million,75.7802,2005,6,,,
Plushnyc Post,5.8 Million,75.7307,2010,1,,,
Reading Horizons,10.7 Million,75.7153,1984,1,,,
Inscio,2.8 Million,75.7062,2005,2,,,
Midwest Restoration,4.4 Million,75.6757,2008,4,,,
Solar Solution,15.4 Million,75.5691,2008,5,,,
Vericon Construction Company,164.9 Million,75.4538,2005,2,,,
United Medco,23.7 Million,75.4081,2004,4,,,
Forrest Performance Group,3.8 Million,75.3446,2010,4,,,
Winston's of Northern Virginia,4.9 Million,75.3247,1989,1,,,
AHS Consulting,2.3 Million,75.2463,2014,1,,,
Zenmonics,27.8 Million,75.1228,2007,3,,,
InterWorks,57.3 Million,75.0913,1996,11,,,
Gemini Tech Services,8.4 Million,75.0753,2006,1,,,
Evereve,116.3 Million,75.065,2004,1,,,
PN Automation,2 Million,75.044,2004,1,,,
Capstone Information Technologies,6.3 Million,75.0362,2003,4,,,
Todays Business,4.6 Million,75.0269,2011,2,,,
Creative Studio Promotions,3.6 Million,74.9903,2012,3,,,
TapClassifieds Auto,4 Million,74.9278,2013,1,,,
Hiatus Spa Retreat,9.4 Million,74.9207,2006,7,,,
DRT Transportation,67.4 Million,74.916,2007,7,,,
Community Association Management Company,6.6 Million,74.9073,1975,1,,,
CRM Passport,4.8 Million,74.8797,2014,1,,,
Silk Worldwide,15.4 Million,74.8741,2010,5,,,
Balsam Hill,161.4 Million,74.8705,1996,8,,,
Pin-Point Logistics,6.5 Million,74.8263,2010,3,,,
Anchor Distributing,23.3 Million,74.7616,1987,3,,,
MY Shower Door / D3 Glass,16.9 Million,74.7501,2003,4,,,
Capital Title of Texas,105.8 Million,74.7126,1987,7,,,
CivicPlus,36.3 Million,74.6414,2001,9,,,
ROCS Grad Staffing,4.7 Million,74.6112,2003,1,,,
Nexcom,7.6 Million,74.5629,2001,6,,,
Saalex Solutions,61.8 Million,74.5348,1999,2,,,
Apex Energy Solutions,3.8 Million,74.4623,1998,4,,,
Berkley,20 Million,74.3854,2012,3,,,
Total Care Connections,4.2 Million,74.3344,2009,4,,,
Emergicon,5.7 Million,74.314,2006,1,,,
Landerholm Family Law,2.4 Million,74.2476,2010,1,,,
Itransition,31.4 Million,74.2152,1998,4,,,
Black Mountain Systems,47.2 Million,74.2007,2007,9,,,
B2Gnow,11.3 Million,74.2002,1999,7,,,
Torch Technologies,405.4 Million,74.1794,2002,13,,,
HomElectrical,5.4 Million,74.1557,2011,5,,,
Image Business Interiors,15.3 Million,74.0644,2006,7,,,
Akuranvyka DBA,13.8 Million,74.0495,2009,1,,,
Listrak,60.3 Million,74.0354,1999,6,,,
IT Direct,7.2 Million,73.9877,2002,6,,,
TK Promotions,2.9 Million,73.9663,2008,1,,,
US Med-Equip,46.9 Million,73.9404,2009,7,,,
Atlantic Environmental Solutions,7.4 Million,73.939,1997,2,,,
Grasp Technologies,6.1 Million,73.9322,1996,5,,,
OnceLogix,4.2 Million,73.8134,2005,4,,,
Star Staffing Alpena,2.4 Million,73.6754,1987,1,,,
Urban Betty,3.4 Million,73.6036,2005,2,,,
Boca Beauty Academy,5.2 Million,73.5914,1991,5,,,
Glen Eagle,5.2 Million,73.5701,2002,1,,,
2:20 Marketing Group /Xurli,5.2 Million,73.5248,2006,2,,,
Ob Hospitalist Group,226.8 Million,73.5095,2006,7,,,
TechCXO,23.6 Million,73.4458,2003,11,,,
Birds Barbershop,9 Million,73.3995,2006,9,,,
Arke Systems,14.5 Million,73.3866,2005,5,,,
Stomping Ground Photography,2.8 Million,73.3306,2009,3,,,
Jackrabbit Technologies,13.5 Million,73.2905,2004,9,,,
Freight Hub Group,16.3 Million,73.2836,2006,1,,,
Jonathan's Grille,24.4 Million,73.2655,1999,7,,,
Jones PR,5 Million,73.2451,2001,5,,,
ApplicantPro,12.3 Million,73.1886,2006,7,,,
Open Dealer Exchange,99 Million,73.1774,2009,1,,,
Oklahoma Forge,29.4 Million,73.1736,1951,5,,,
SupplyCore,446.5 Million,73.1326,1987,9,,,
DRT Strategies,65.6 Million,73.0569,2004,10,,,
Legend Medical,11.6 Million,73.0294,2002,2,,,
Altitude Marketing,2.6 Million,72.9948,2004,1,,,
Golftec,59.5 Million,72.9911,1995,9,,,
DBSync,2 Million,72.9429,2009,1,,,
MiCamp Solutions,11.5 Million,72.9386,2007,1,,,
Media Minefield,2.5 Million,72.9126,2010,2,,,
Homeside Financial,69.9 Million,72.8924,2014,2,,,
Accord Group,50.3 Million,72.8277,2010,2,,,
nexVortex,22.5 Million,72.7486,2002,9,,,
Westminster American Insurance Company,26.1 Million,72.7378,1869,5,,,
Cable Ties Unlimited,3.5 Million,72.7064,2008,4,,,
P.Q.D. International,7.2 Million,72.6989,1984,1,,,
Woolley Robertson Group,7.5 Million,72.6976,2008,6,,,
Robinson Air,2.7 Million,72.629,2011,1,,,
Investigroup Limited Liability Company,2.6 Million,72.6177,2006,1,,,
Authentic Custom Homes,17.3 Million,72.6167,2006,1,,,
Saxum,12.2 Million,72.5656,2003,9,,,
BoardPaq,3.2 Million,72.5579,2011,3,,,
SBS CyberSecurity,10.1 Million,72.5545,2004,7,,,
New City Moving,10.6 Million,72.5272,2009,1,,,
30 Point Strategies,4.6 Million,72.5046,2008,2,,,
Towner Communications,2 Million,72.4711,1965,1,,,
KRG Technologies,91.4 Million,72.4542,2003,5,,,
Trademasters Service,28.8 Million,72.4463,1990,2,,,
The Icebox,31.1 Million,72.3422,2001,4,,,
GMF Steel Group,36 Million,72.3224,2004,2,,,
First Line Technology,10.4 Million,72.3156,2003,4,,,
Proforma Add-a-Line,4.2 Million,72.2911,1995,1,,,
The Complete Child,2.2 Million,72.2806,1995,1,,,
Web Shop Manager,3.3 Million,72.28,2000,2,,,
Integrity Services,19.3 Million,72.2406,2008,6,,,
Pine Grove Financial Group,2.2 Million,72.237,2013,1,,,
Stone Resource Group,22.5 Million,72.2307,2010,6,,,
Planet DDS,10.2 Million,72.2217,2003,2,,,
Discovery Health Partners,29.2 Million,72.2046,2008,6,,,
Resource Communications Group,2.7 Million,72.1438,2004,1,,,
Window World of Baton Rouge,87.5 Million,72.1215,2002,6,,,
Freedom Specialty Services,3 Million,72.0911,1982,2,,,
Midwest Prototyping,7.8 Million,72.0828,2001,8,,,
Devada,10 Million,72.0551,2005,1,,,
Sebpo,8.5 Million,72.0356,2006,5,,,
Consolidus,5.1 Million,72.0048,2006,3,,,
CrossCountry Consulting,76.3 Million,71.9836,2011,4,,,
Executive Speakers Bureau,10.6 Million,71.9328,1993,3,,,
Charlesgate Realty Group,10.1 Million,71.9109,2003,1,,,
iMobile,319.5 Million,71.8372,2006,1,,,
Eclat Health Solutions,5.2 Million,71.7368,2008,1,,,
The Payroll Company (TPC),6 Million,71.6937,2001,4,,,
Applied Training Solutions,11.9 Million,71.6785,2009,2,,,
Brio Benefit Consulting,5.6 Million,71.6591,2004,1,,,
JazzHR,9.1 Million,71.6515,2009,3,,,
ReEmployAbility,7.9 Million,71.5912,2003,6,,,
CoDev,5 Million,71.5818,2010,2,,,
Milo's Tea Company,110.2 Million,71.5313,1946,1,,,
Cook Security Group,67.1 Million,71.5036,2002,1,,,
Alliance Resource Group,6.8 Million,71.4996,2003,2,,,
Beauty Solutions,20.3 Million,71.4956,2007,1,,,
Mathys+Potestio,13.8 Million,71.4469,2010,4,,,
The Northbridge Companies,85.6 Million,71.4126,2004,3,,,
Thriveon,4.1 Million,71.3814,2002,1,,,
Advanced Strategic Enterprise Concepts 3,9.6 Million,71.3813,2010,4,,,
1st Choice Roofing Company,4.4 Million,71.3712,2006,1,,,
LBA Haynes Strand,11.7 Million,71.3616,1987,6,,,
Ardent Learning,14.5 Million,71.3464,1992,2,,,
IronEdge Group,7.8 Million,71.3455,2005,3,,,
Jewel Branding & Licensing,2.3 Million,71.3178,2008,1,,,
The Advocates,11.9 Million,71.3053,1992,1,,,
Barra & Associates,6 Million,71.1792,2004,2,,,
InVision Security,10.8 Million,71.1736,2010,3,,,
FC Construction Services,14.9 Million,71.168,1989,4,,,
Orion Technologies,8 Million,71.1476,1990,3,,,
ITility,44.8 Million,71.1159,2001,4,,,
Health Perspectives Group,23.4 Million,71.089,2002,3,,,
The Dirt Connection,4.4 Million,71.0828,1991,3,,,
Nayamode,15.1 Million,71.0811,2005,2,,,
Excel Education Systems,2.6 Million,71.0702,2005,1,,,
Solvaria,4.1 Million,71.012,1997,3,,,
Ascii Group,23 Million,70.9969,2011,1,,,
XeteX,21.9 Million,70.9165,1985,8,,,
Dynamit,15 Million,70.9122,2004,6,,,
Morales Group,124.8 Million,70.9058,2003,5,,,
Swisstrax Corporation,8.6 Million,70.8628,2004,1,,,
Econologics Financial Advisors,3.4 Million,70.8257,2007,1,,,
Monumetric,10.4 Million,70.8156,2013,1,,,
Mountain Construction and Management Denver Division,10.8 Million,70.8036,2006,1,,,
ExactCare Pharmacy,203.4 Million,70.7979,2009,6,,,
Corbett Technology Solutions,73.5 Million,70.7838,1969,1,,,
"Crabtree, Rowe & Berger",4.6 Million,70.7733,2002,1,,,
Bluetree Network,51.2 Million,70.7204,2012,3,,,
Powerblanket,11.3 Million,70.5359,2005,1,,,
The Firm Advisors,2.7 Million,70.4947,2010,1,,,
V Digital Services,13.1 Million,70.4819,2013,3,,,
Premier Graphics,20.8 Million,70.4714,1984,5,,,
Blair Technology Group,18.7 Million,70.4213,2005,1,,,
Southern RV,12.9 Million,70.4204,1980,2,,,
Crosslin Technologies,2.4 Million,70.4004,2011,3,,,
Precision Medical Products,27.3 Million,70.3932,2010,1,,,
StackCommerce,46.5 Million,70.3726,2011,2,,,
Oxagile,11.6 Million,70.372,2005,7,,,
Etica,2.7 Million,70.3719,1997,1,,,
MyITpros,6.6 Million,70.343,1993,4,,,
Eanes Heating and Air,11.7 Million,70.2704,1968,2,,,
Access Insurance Underwriter,2.8 Million,70.2545,2000,1,,,
Clarendon Partners,3.7 Million,70.2167,2013,1,,,
ProHome Metro DC,3 Million,70.1551,2002,1,,,
VOX Network Solutions,60.3 Million,70.0958,2006,10,,,
ITEGRIA,3.5 Million,70.0438,2007,4,,,
Timber Industries,4.9 Million,69.9997,2013,1,,,
G&A Partners,2.2 Billion,69.9973,1995,14,,,
Phipps Reporting,10.6 Million,69.9857,2010,6,,,
Insurance Services Group of the Southeast,2.7 Million,69.9532,2007,3,,,
Burnham Benefits Insurance Services,36 Million,69.8968,1995,7,,,
Lighthouse Lab Services,5.1 Million,69.8327,2013,2,,,
Covenant Eyes,23 Million,69.8302,2000,9,,,
Integrated Payroll Services,8.6 Million,69.7701,2005,7,,,
Caring Commercial Cleaning,2.8 Million,69.6897,2007,1,,,
Compunnel Software Group,191.1 Million,69.6351,1994,9,,,
Capstone Consulting,15 Million,69.6151,1998,3,,,
Litigation Services,64.5 Million,69.5835,1999,6,,,
United Franchise Group,56.7 Million,69.5791,2005,1,,,
Everlasting Capital,2.5 Million,69.5227,2012,2,,,
Stria,6.1 Million,69.5171,2001,4,,,
Taylor's Natural Green Lawn,2 Million,69.493,1973,1,,,
The Rainmaker Group,15 Million,69.4736,1998,8,,,
Fidelus Technologies,69 Million,69.4489,2002,1,,,
Right Sized Solutions,2.7 Million,69.4145,2010,2,,,
N&L Investment Corp,12.2 Million,69.4062,1969,1,,,
Republic Bank of Chicago,109.5 Million,69.3883,1964,2,,,
K & P Enterprises,7.6 Million,69.363,2013,3,,,
tap|QA,20.5 Million,69.2729,2010,5,,,
TPI Efficiency,6.6 Million,69.2717,2009,3,,,
SPOL,2.5 Million,69.2515,2004,1,,,
VS carriers,52.5 Million,69.2263,2011,1,,,
Hillmann Consulting,29.3 Million,69.1556,1985,1,,,
Top Class Actions,2.3 Million,69.0395,2008,1,,,
Brilliant Infotech,2.9 Million,69.0187,2007,2,,,
Medication Management Partners,20 Million,69.0032,2009,3,,,
Consumer Cellular,1 Billion,68.9889,1995,11,,,
OneSource Virtual,123.9 Million,68.9645,2008,7,,,
The Wireless Experience,114.2 Million,68.9553,1997,4,,,
THS Constructors,52.2 Million,68.9004,2005,1,,,
Milk + Honey,19.3 Million,68.877,2006,10,,,
Seattle Coffee Gear,27.8 Million,68.8703,2005,6,,,
Netrepid,3.7 Million,68.8259,2013,2,,,
Service Professor,8.5 Million,68.8253,1978,5,,,
UIS,17.2 Million,68.8134,1976,1,,,
Edwards Performance Solutions,14.9 Million,68.8056,1997,10,,,
Maverick Networks,5.1 Million,68.7615,2003,3,,,
Impiger Technologies,8.5 Million,68.7429,2004,4,,,
UPS Protection,2.9 Million,68.6552,2005,3,,,
Immersion Active,4.7 Million,68.6241,1998,2,,,
PharmaLogics Recruiting,11.4 Million,68.5895,2003,6,,,
Mortgage Capital Trading,19.2 Million,68.5838,2001,9,,,
Five Star Connect,2.4 Million,68.5658,2015,1,,,
Canale Communications,7.6 Million,68.5598,2010,2,,,
CleanChoice Energy,94.8 Million,68.5507,2012,3,,,
Innovative Enterprises,19.7 Million,68.5496,1996,7,,,
GNT Solutions,5.1 Million,68.5043,2004,3,,,
Professional Capital Services,19.3 Million,68.4958,2001,12,,,
24Hr HomeCare,79.7 Million,68.4005,2008,7,,,
NewMark Merrill Companies,242.5 Million,68.3723,1997,1,,,
Fluid-Aire Dynamics,10.3 Million,68.3309,1983,2,,,
Faye Business Systems Group,8.1 Million,68.3222,2009,6,,,
Custom Tree Care,5.5 Million,68.3109,1999,5,,,
Lumark Technologies,10.7 Million,68.3055,1999,5,,,
Primal Health,19.4 Million,68.2587,2012,4,,,
Coast Professional,83.5 Million,68.2523,1976,6,,,
ReminderMedia,39.3 Million,68.2184,2004,4,,,
College Hunks Hauling Junk & Moving of Long Island,5 Million,68.1626,2011,2,,,
Akorbi,39.3 Million,68.1185,2003,4,,,
MotherG,5.7 Million,68.1068,2006,3,,,
JusbyJulie.com,16.1 Million,68.0916,2014,1,,,
Blue Microphones,63 Million,68.0346,1995,10,,,
NexDine,35.3 Million,68.008,2009,1,,,
Comprehensive Finance,4 Million,67.9926,2011,1,,,
Trideum Corporation,27.7 Million,67.992,2005,7,,,
V-Soft Consulting Group,120.1 Million,67.9844,1997,12,,,
EXB Solutions,20.7 Million,67.9491,2000,5,,,
ListEngage,7.6 Million,67.9205,2005,5,,,
MasteryPrep,7 Million,67.901,2010,4,,,
Forthea Interactive,7.9 Million,67.8177,2006,3,,,
Morgan Properties,692.5 Million,67.7686,1985,2,,,
First Flight Solutions,11.9 Million,67.7365,2008,6,,,
Blend360,19.2 Million,67.7014,2002,1,,,
Illegal Pete's,28.3 Million,67.6997,1995,2,,,
Whereoware,13.8 Million,67.6063,1999,3,,,
Insurance Brokers West,2.2 Million,67.5682,2008,1,,,
"KRD - Kutchins, Robbins & Diamond, Ltd.",16.4 Million,67.5638,1983,1,,,
Influence & Co.,7.3 Million,67.5181,2011,4,,,
Dane Street,48.8 Million,67.5139,2008,7,,,
Nightlight Pediatric Urgent Care,9.9 Million,67.442,2007,6,,,
iVision,66 Million,67.4293,2004,9,,,
Groggy Dog Sportswear & Graphic Design,4.3 Million,67.4283,2000,1,,,
Momentum Telecom,97.6 Million,67.4205,2001,4,,,
Parker's,492.6 Million,67.4085,1976,5,,,
Walker Elliott,3.6 Million,67.389,2006,4,,,
InboundProspect,3 Million,67.3535,2003,2,,,
Big Data Supply,2.2 Million,67.3503,2012,2,,,
Comtec Cloud Management Company,4.2 Million,67.3444,1988,1,,,
VDart,132.9 Million,67.3412,2007,7,,,
Hasko Trading,4.9 Million,67.2422,2014,1,,,
Groover Seminars,2.8 Million,67.2172,2010,1,,,
Freight Management Team,4.1 Million,67.2051,2012,1,,,
Trelevate,7.5 Million,67.193,2012,3,,,
Interglass Corp,25.3 Million,67.1183,2004,1,,,
Impact Advisors,84.8 Million,67.0845,2007,5,,,
TGRP Solutions,4.5 Million,67.0739,2010,1,,,
Karavan Trailers,68.6 Million,67.0365,1986,1,,,
Pyramid Dental Integration,4.9 Million,66.9798,2010,1,,,
Exclusive Concepts,10.9 Million,66.9707,1997,9,,,
Adler Windows,25.7 Million,66.9568,1986,6,,,
MyJobHelper.com,12.7 Million,66.9245,2012,4,,,
Aggressor Adventures,42.3 Million,66.8651,2007,1,,,
Ware Malcomb,103.8 Million,66.8427,1972,2,,,
Resonate,43.1 Million,66.8423,2008,7,,,
Classic Rock Fabrication,16.3 Million,66.8343,2006,1,,,
WGroup,26.1 Million,66.8342,2004,2,,,
Gaspar Insurance Services,5.8 Million,66.8334,2008,2,,,
PJP Marketing,2.1 Million,66.7943,2010,2,,,
Exact Solar,2.4 Million,66.7941,2005,3,,,
Revel Interactive,2 Million,66.7877,2011,1,,,
JMJS,70.7 Million,66.7723,2009,6,,,
Taradel,18.1 Million,66.7144,2003,12,,,
Zoom Technical Services,10.5 Million,66.6677,2004,4,,,
POP Yachts,8.7 Million,66.582,2009,2,,,
Critical Link,12.7 Million,66.5781,1997,2,,,
HMS Global Maritime,125.7 Million,66.5699,2011,1,,,
Stored Technology Solutions,7.4 Million,66.5663,2010,3,,,
HNH Investment LP,2.3 Million,66.5641,2009,1,,,
Momentum Consulting,29.3 Million,66.5425,2002,4,,,
ConnectYourCare,53.1 Million,66.5297,2002,5,,,
Vault Communications,7.3 Million,66.5169,1989,3,,,
Maryland and Delaware Group of Long and Foster,123.6 Million,66.4544,2014,2,,,
MedRisk,570 Million,66.3919,1994,13,,,
Connective Talent,11.1 Million,66.3626,2011,4,,,
Lumitec Lighting,16.6 Million,66.3487,2007,8,,,
SyncHR,7.7 Million,66.3259,2010,1,,,
Intellect Solutions,13.9 Million,66.3024,2002,1,,,
TENS Rx,3.6 Million,66.2925,2002,2,,,
Advanced Clinical,106.5 Million,66.2221,1994,4,,,
Demco Automation,3.6 Million,66.1973,1989,2,,,
PRA Business Events New Orleans,5.4 Million,66.1683,2002,1,,,
blueStone Staffing,13.6 Million,66.1586,2002,4,,,
Juno Search Partners,6 Million,66.0544,2010,4,,,
eHealth Technologies,22.5 Million,66.028,2006,3,,,
Illuminate,4.5 Million,65.9963,2004,1,,,
Bottlerocket Media,2 Million,65.9844,2011,1,,,
Corporate Essentials,27.9 Million,65.9821,1996,8,,,
Globotech USA Corporation,6.2 Million,65.9723,2009,1,,,
Tech-Keys,11.7 Million,65.9717,2009,2,,,
Staff Matters,12 Million,65.9467,2010,4,,,
Midtown Home Improvements,24 Million,65.926,1990,1,,,
Envision Capital Group,32.7 Million,65.9072,2007,5,,,
The Eye Doctors,4.9 Million,65.8973,2008,1,,,
Dempsey Construction,89.3 Million,65.8823,2010,1,,,
9Gauge Partners,9 Million,65.8772,2011,5,,,
Parsonex Enterprises,3.2 Million,65.8646,2011,1,,,
Baskervill,23.7 Million,65.8416,1897,1,,,
Consolidated Analytics,23 Million,65.8284,1996,1,,,
EDG,5 Million,65.781,2005,3,,,
Aterra Real Estate,7.3 Million,65.7707,2003,5,,,
Azpro,11.7 Million,65.6457,2004,2,,,
CoTa Global,8 Million,65.6109,2004,6,,,
Scalar,7 Million,65.5934,2009,2,,,
Pro Mach,872.1 Million,65.5756,1998,9,,,
Fakhoury Global Immigration,13.3 Million,65.5692,1997,1,,,
Kenway Consulting,12.3 Million,65.5504,2004,1,,,
Avian,43.4 Million,65.5446,2005,10,,,
Trinity Solar,275.4 Million,65.5212,1994,6,,,
Relevant Web Strategies,2.4 Million,65.5187,2014,1,,,
Ingo Money,28.3 Million,65.5081,2001,3,,,
Aegis Law,3.8 Million,65.508,2003,1,,,
Azimuth,20.3 Million,65.4605,2001,4,,,
Sriven Technologies,8.4 Million,65.435,2009,6,,,
Bernard Health,7.1 Million,65.4059,2006,3,,,
Summit Wealth Group,9.2 Million,65.3965,2002,2,,,
Vantage Point,45.1 Million,65.3397,2006,6,,,
Path Interactive,11.2 Million,65.2973,2006,4,,,
Ameex Technologies,8.6 Million,65.2888,2007,6,,,
Highlands Residential Mortgage,69.3 Million,65.2658,2010,3,,,
Q Ship USA,5.5 Million,65.2393,2013,3,,,
Premier Automation,22.3 Million,65.2339,2001,1,,,
Source Alliance Network,15.5 Million,65.2206,2010,3,,,
TicketManager,23.4 Million,65.1876,2007,5,,,
Guaranteed Rate,802.6 Million,65.1864,2000,10,,,
Poetic Systems,3.7 Million,65.1019,2007,4,,,
Equator Coffees,19.5 Million,65.0602,1995,6,,,
Supreme Resources,99.3 Million,65.0325,1988,7,,,
Fuel Talent,6 Million,65.0247,2013,2,,,
United Real Estate Group,41.5 Million,65.0214,1925,4,,,
JW Construction,22.8 Million,64.9986,1993,1,,,
Intercare Therapy,23 Million,64.9542,1979,3,,,
Bizzell Corporation,3.1 Million,64.9446,2011,1,,,
Right Height Manufacturing,4.9 Million,64.8979,1991,3,,,
Special Aerospace Services,14.5 Million,64.8856,2007,3,,,
BM2 Freight Services,36.6 Million,64.8569,2008,1,,,
PMA,10.3 Million,64.8537,1993,2,,,
Compass Self Storage,62.5 Million,64.8392,2007,4,,,
The Woodhouse Day Spas,6.7 Million,64.8347,2003,4,,,
A&P Air Conditioning,18.9 Million,64.8151,1982,1,,,
Myriad360,151.4 Million,64.8031,2003,11,,,
ZZPerformance,9.8 Million,64.7677,2001,2,,,
TengoInternet,10.2 Million,64.7597,2002,9,,,
Spoke Marketing,2.3 Million,64.7556,2008,3,,,
The Signature Real Estate Companies,18.8 Million,64.7332,2006,1,,,
Dreamclinic,4.7 Million,64.629,2003,4,,,
PeopleG2,4.1 Million,64.607,2001,4,,,
Involta,52.6 Million,64.5962,2007,7,,,
All Safe Industries,12.3 Million,64.5888,1996,5,,,
Law Offices of Anidjar,21.6 Million,64.5531,2005,2,,,
3Pillar Global,53.7 Million,64.5387,2006,8,,,
Double Good,15.3 Million,64.5156,1998,12,,,
Ascend Staffing,73.7 Million,64.4826,1969,1,,,
PICS ITech,6.5 Million,64.3773,1994,1,,,
Thermal-Vac Technology,10.7 Million,64.3451,1985,1,,,
Convergence Consulting Group,17.7 Million,64.3259,2002,10,,,
Rendition Infosec,2 Million,64.3139,2013,1,,,
Organicix,9.9 Million,64.3033,2010,1,,,
Sunny Days In-Home Care,8.2 Million,64.2837,2011,4,,,
Flowing Wells Landscape,4 Million,64.2155,1998,1,,,
Kinetix,14.9 Million,64.1511,1993,5,,,
TradeTec Skyline,17.8 Million,64.1389,1999,1,,,
Financial Carrier Services,8.3 Million,64.1223,2010,2,,,
Abacus Group,28.5 Million,64.1191,2008,2,ABG.AX,538986098.0,0.603124
Educere,8.1 Million,64.1139,2002,8,,,
Silicus Technologies,22.1 Million,64.1073,2000,7,,,
SS Industries,17.2 Million,64.0788,2008,4,,,
IDS International Government Services,44.7 Million,64.0436,2006,3,,,
Windsong Productions,2.2 Million,64.0324,2011,1,,,
Insight Technology Solutions,26.7 Million,63.9893,1999,5,,,
RxLogix Corporation,17.6 Million,63.933,2010,1,,,
Netsertive,74.1 Million,63.9256,2009,7,,,
Hooten Construction,22.1 Million,63.9217,2014,1,,,
Angler Construction,55.6 Million,63.8786,2010,2,,,
A-Tech Consulting,3.6 Million,63.8688,2002,2,,,
Transport Express,16.7 Million,63.8643,1990,3,,,
Force Marketing,54.6 Million,63.8268,2007,10,,,
Avizion Technologies Group Company,5.4 Million,63.8155,2000,1,,,
Atlantic Blowers,3.2 Million,63.7573,2005,2,,,
Vanguard Fire Systems,9.4 Million,63.7531,1998,2,,,
Seeking Health,19 Million,63.7429,2011,5,,,
Customized Energy Solutions,42.6 Million,63.718,1998,11,,,
TM5 Properties,3.5 Million,63.714,2010,2,,,
Ctems,15.2 Million,63.6505,2011,4,,,
Palmer Signs,2.3 Million,63.615,1990,1,,,
PrimeRevenue,34.3 Million,63.5816,2003,8,,,
Morton,12.8 Million,63.5428,2006,5,,,
OPAV,7.6 Million,63.5345,2008,4,,,
Triangle Insights Group,8.5 Million,63.5118,2013,2,,,
180 Engineering,5.4 Million,63.3568,2008,1,,,
Powertrain Products,16.6 Million,63.3308,2007,5,,,
Comfort Supply,25.4 Million,63.324,1985,1,,,
Oasis Turf & Tree,5.7 Million,63.3052,1996,5,,,
Apex HCM,10.3 Million,63.2874,2008,6,,,
eTek IT Services,10.3 Million,63.2582,2004,5,,,
10Pearls,16.2 Million,63.2355,2004,1,,,
Factory Expo Home Centers,96.4 Million,63.2245,1999,4,,,
Kidd Roofing,41.6 Million,63.198,1982,6,,,
Advanced Electronic Designs,3.9 Million,63.1891,1994,2,,,
Brewer & Stratton Property Management,4.2 Million,63.1838,2012,2,,,
Americorp-The Matt Laricy Group,2.8 Million,63.1646,1978,4,,,
SBC Contractors,2 Million,63.1469,2003,1,,,
Artful Living,2.7 Million,63.107,2008,1,,,
Crepes a Latte,8.8 Million,63.0906,2001,2,,,
MCCi,22.2 Million,63.0317,2003,3,,,
International Van Lines ( Ocean Star International ),8.6 Million,63.017,2007,1,,,
LuminFire,2.3 Million,62.9928,1986,1,,,
Liquid Web,113.4 Million,62.9768,1997,12,,,
Sustainable Supply,20.2 Million,62.9677,2009,7,,,
EmpireWorks,52 Million,62.8606,2002,4,,,
Fresh Concepts,11.5 Million,62.8573,1987,2,,,
Highwire Public Relations,17.9 Million,62.8264,2008,7,,,
C&H Baseball,4 Million,62.822,1999,2,,,
OVM Financial,34.7 Million,62.7933,2001,5,,,
Biotech X-ray,18.4 Million,62.769,1994,2,,,
IntraLogic Solutions,14.1 Million,62.7528,2004,7,,,
Invariant,12.1 Million,62.7131,2007,1,,,
TargetX.com,18.1 Million,62.6784,1998,9,,,
ForceBrands,11.5 Million,62.678,2007,4,,,
Safety Management Group,30.6 Million,62.6689,1991,6,,,
Total Quality Logistics,3.6 Billion,62.6468,1997,14,,,
Pure Financial Advisors,21.7 Million,62.6413,2007,5,,,
LINX,98.9 Million,62.5901,2003,8,,,
AvroKO,20.9 Million,62.5227,2001,2,,,
Morrow Family Medicine,3.1 Million,62.5159,2011,1,,,
ExpoMarketing Group,6.5 Million,62.5038,1991,1,,,
The Denzel Group,3.8 Million,62.4975,2006,3,,,
Rock Solid Stabilization,49.5 Million,62.4633,2007,1,,,
Brewer Enterprises,50.7 Million,62.4551,1990,1,,,
SoftClouds,8.4 Million,62.445,2005,3,,,
SwipeClock,18.7 Million,62.4128,1999,9,,,
Ntiva,25.3 Million,62.4047,2004,6,,,
Infinite Windows,10.8 Million,62.3695,2008,2,,,
Quantum Workplace,10.9 Million,62.3545,2002,6,,,
MuniciPAY,4.8 Million,62.3391,2008,5,,,
Primary Staffing,25.2 Million,62.2797,2007,1,,,
Pyramid Technologies,8.2 Million,62.2093,2001,1,,,
The Credit Pros,10.7 Million,62.118,2009,6,,,
Americollect,28.4 Million,62.0759,1964,11,,,
Nexgrill Industries,203.7 Million,62.0574,1993,4,,,
Cumming,166.4 Million,62.0528,1996,3,,,
Pinnacle Lodging,10.8 Million,62.0379,2012,4,,,
HazTek,27.1 Million,62.0362,1997,6,,,
Sentinel Security Solutions,2.1 Million,62.0283,2009,1,,,
Streamline Publishing,7.8 Million,61.9777,1987,5,,,
J.C. Restoration,21.2 Million,61.955,1982,3,,,
Julianna Rae,2.1 Million,61.9375,2004,1,,,
Landscape Workshop,41.7 Million,61.8986,1984,1,,,
Sacramento Rack and Shelving,6.8 Million,61.8804,2001,1,,,
TouchSource,9.2 Million,61.8637,1985,5,,,
MSC Development,3.9 Million,61.8412,1997,1,,,
Innovative Office Solutions,141.4 Million,61.8238,2001,11,,,
VHA Prepaid Wireless,349.9 Million,61.7994,2001,1,,,
ARG - AgentHR Recruiting Group,16.3 Million,61.7955,1998,4,,,
TruTech Tools,10.9 Million,61.7463,2007,3,,,
"Peterman Heating, Cooling & Plumbing",15.7 Million,61.7196,1986,1,,,
Secure Medical,29 Million,61.6907,1998,1,,,
Klemchuk,4.5 Million,61.6037,2009,1,,,
SunDance Marketing Solutions,11.2 Million,61.6015,2004,2,,,
Accellis Technology Group,5 Million,61.5656,2001,3,,,
Dana's Bakery,2 Million,61.5447,2012,2,,,
Northside Tool Rental,3.7 Million,61.5419,1953,1,,,
Precision Laser Services,4.4 Million,61.5413,1941,3,,,
Softworld,84.3 Million,61.5164,1993,5,,,
Neogov,37.7 Million,61.4874,1999,8,,,
Meeting Tomorrow,22.7 Million,61.4717,2003,6,,,
Trilliant Surgical,19.2 Million,61.4461,2007,5,,,
MedSource,29.5 Million,61.4344,1997,7,,,
TechMD,7.7 Million,61.4322,2003,6,,,
Dynamic Systems,201.1 Million,61.4012,1991,9,,,
OPYS,8.8 Million,61.359,2012,2,,,
The Copley Consulting Group,11.3 Million,61.3019,1989,3,,,
Clickstop,45.8 Million,61.2981,2005,10,,,
Weatherly Asset Management,5.6 Million,61.2981,1994,1,,,
Internet Creations,7.9 Million,61.2342,1996,7,,,
RebelMouse,5.6 Million,61.2127,2012,1,,,
Goldenhelix,3.9 Million,61.1315,1998,1,,,
InfoWorks,22.9 Million,61.0998,1997,4,,,
Motivworks,10.4 Million,61.0934,2013,1,,,
American Painting & Renovations,24.8 Million,61.0438,1991,6,,,
Common Angle,3.4 Million,60.9663,2012,1,,,
Carpet Source,7 Million,60.9597,2003,1,,,
Annex Wealth Management,18 Million,60.9441,2001,2,,,
Modern Technology Solutions,213.2 Million,60.9418,1993,9,,,
Carolinas IT,15.1 Million,60.9309,1996,1,,,
Consolidated Asset Recovery Systems,53 Million,60.9306,2005,8,,,
MDG Connected Solutions,11.3 Million,60.9268,1988,1,,,
Park Square Homes,178.7 Million,60.9029,1984,3,,,
Benchmark Realty,64.9 Million,60.8143,2006,5,,,
BravoTECH,22.8 Million,60.812,1996,3,,,
Butters Construction & Development,82.6 Million,60.8118,1986,1,,,
XpoSolutions,8.1 Million,60.7935,2010,4,,,
S. Bravo Systems,24.4 Million,60.754,1987,1,,,
K. Parks Consulting,3.9 Million,60.7438,2008,2,,,
W.A. Smith Financial Group,4.6 Million,60.7395,2011,1,,,
Just Ryt Foods,5.3 Million,60.6922,2010,3,,,
"Van Horn Law Group, PA",2.5 Million,60.6807,2009,1,,,
Five Star Restoration,10.6 Million,60.6743,1989,6,,,
Rapid Response Marketing,8.6 Million,60.668,2000,1,,,
Grobstein Teeple,9.4 Million,60.6282,2012,1,,,
Scalefast,28 Million,60.618,2014,2,,,
J&L Dimensional Services,5.8 Million,60.5524,1990,1,,,
LSS Life Safety Services,11.7 Million,60.5147,2004,10,,,
Cardinal Staffing Services,48.9 Million,60.5115,1994,1,,,
Plumbing & HVAC SEO,4.1 Million,60.4976,2011,4,,,
Underground Printing,28.4 Million,60.4941,2001,9,,,
Bridge Partners,50.1 Million,60.4456,2007,8,,,
Advent Advisory Group,5.9 Million,60.4391,2007,2,,,
Total Maintenance Services,3.8 Million,60.4373,2003,3,,,
Improving,68.3 Million,60.4323,2007,10,,,
Corefact,19.3 Million,60.4161,2005,4,,,
Express Corporate Housing,31.4 Million,60.3996,2008,2,,,
Any Lab Test Now,4.3 Million,60.3868,2007,2,,,
Monster Technology,4.5 Million,60.3462,2012,3,,,
Reliable Pharmaceutical Returns,2.5 Million,60.3308,2007,1,,,
Smoothie King,49.3 Million,60.2828,1973,1,,,
Access Physical Therapy,22.1 Million,60.2549,2003,1,,,
Exhibitus,33.1 Million,60.1943,1994,3,,,
Scrimmage,4.4 Million,60.1754,2010,2,,,
Athaco,2.6 Million,60.1699,1999,1,,,
The Garland Company,738.2 Million,60.151,1895,9,,,
MD Connect,7.2 Million,60.0986,2008,7,,,
4 Walls,3.7 Million,60.0544,2002,2,,,
Radiant Plumbing & Air Conditioning,12.5 Million,60.0436,1999,1,,,
Medicus Healthcare Solutions,193.3 Million,60.0349,2014,4,,,
Nassau National Cable,11 Million,59.9934,0,6,,,
Duval's Fresh. Local. Seafood.,2.6 Million,59.9912,2011,2,,,
Leigh Marcus | @properties,2.8 Million,59.9551,2004,2,,,
Dimensional Innovations,37.6 Million,59.9439,1993,5,,,
United Services Group,12.5 Million,59.9195,2015,1,,,
MGX Copy,8.2 Million,59.8615,2010,4,,,
Well Crafted Wine & Beverage,2.6 Million,59.8409,2010,1,,,
Intelligent Logistics,29.2 Million,59.7791,2002,11,,,
Quaker Window Products,155.5 Million,59.7682,1949,1,,,
3nom,4.2 Million,59.7463,2005,2,,,
Netropole,2 Million,59.7402,1994,1,,,
NorthStar Restoration Services,3.3 Million,59.7255,2011,1,,,
SciSafe,4.2 Million,59.717,2010,2,,,
Zipline Logistics,49 Million,59.6952,2007,8,,,
Intellifarms,13.5 Million,59.6906,2008,5,,,
Neostek,5.6 Million,59.5964,2010,4,,,
Dciny,7.9 Million,59.5917,2007,5,,,
ARServices,17 Million,59.5818,2003,5,,,
Black Clover Enterprises,12.8 Million,59.5499,2008,5,,,
Redtail Technology,17.6 Million,59.537,2003,7,,,
Quality Mobile Home Services,4.6 Million,59.5177,2013,3,,,
List Partners,20 Million,59.5089,1995,7,,,
Ben Kinney Companies,113.3 Million,59.4968,2009,4,,,
Applied Imaging,91.8 Million,59.4779,1987,1,,,
Orthopedic Motion,2.9 Million,59.4779,1993,1,,,
Windhaven Insurance,427.6 Million,59.4481,2004,4,,,
Advice Media,11.8 Million,59.425,2008,4,,,
SEAM Group,37.8 Million,59.3671,1993,1,,,
Studio Movie Grill,257.2 Million,59.3633,1998,4,,,
ACTenviro,82.9 Million,59.3563,2000,10,,,
Imperial Lighting Maintenance Company,12.5 Million,59.3531,1973,1,,,
Nexus Systems,13.3 Million,59.3275,1999,7,,,
Program Productions,61.4 Million,59.2964,1995,13,,,
ShoppersChoice.com dba BBQGuys,113.5 Million,59.2963,1998,1,,,
Plastic Molding Technology,24.2 Million,59.2794,1973,1,,,
L Squared Engineering,2.7 Million,59.2525,2011,1,,,
Monkee-Boy Web Design,2.3 Million,59.2496,1998,1,,,
Crown Coverings,2.6 Million,59.2466,2011,1,,,
Jones Therapy Services,3.8 Million,59.2065,2009,4,,,
Royal Interpack Group USA,37.3 Million,59.1968,2011,1,,,
Harmonics Consulting,4.5 Million,59.1462,2013,1,,,
SpaceBound,62.2 Million,59.1318,1987,5,,,
Schneller and Knochelmann Plumbing Heating and Air,10.7 Million,59.0942,1928,2,,,
Multilingual Connections,2.6 Million,59.0504,2005,1,,,
Image Systems,9.7 Million,59.0401,2005,2,,,
Universal Plant Services,522.6 Million,59.0329,1986,8,,,
Boston Government Services,15.2 Million,59.0137,2007,1,,,
MobileDemand,15.9 Million,58.9992,2003,6,,,
Buckfire & Buckfire,6.8 Million,58.9872,1969,3,,,
Employment Screening Services,29.5 Million,58.9795,1994,13,,,
Certified Languages International,41.4 Million,58.9493,1996,8,,,
Empist,8 Million,58.946,2000,8,,,
Secure Ideas,2.8 Million,58.9357,2010,1,,,
Sedona Soul Adventures,2.5 Million,58.9173,2002,1,,,
Debtmerica,2.6 Million,58.906,2006,3,,,
Clarity Software Solutions,101.1 Million,58.8881,2007,7,,,
Mobile Advance,24.3 Million,58.861,2005,4,,,
Eating Recovery Center,183.3 Million,58.8609,2008,5,,,
Career Support Systems,4 Million,58.8269,1993,1,,,
Coury & Buehler Physical Therapy,13.1 Million,58.7498,2004,6,,,
Hughes Environmental,3.7 Million,58.7288,2005,3,,,
JKaiser Workspaces,2.4 Million,58.721,2014,1,,,
Milosi,5.3 Million,58.7086,2001,2,,,
The Kingston Group,5.9 Million,58.667,2007,4,,,
Rhythmlink International,21.1 Million,58.6563,2002,8,,,
Tech Guru,3 Million,58.6259,2004,3,,,
Priority Designs,10.9 Million,58.5925,1990,1,,,
Strategic Factory,20.4 Million,58.5807,1999,4,,,
Wet Sounds,28.8 Million,58.5338,2005,5,,,
SnapShot Interactive,4.9 Million,58.4547,2010,5,,,
GXA Network Solutions,4.5 Million,58.4342,2004,2,,,
Del Toro Loan Servicing,2.8 Million,58.4033,2006,3,,,
Xidax PCs,10.3 Million,58.3608,2014,1,,,
RF-Smart,49 Million,58.3143,1982,1,,,
Davenport Group,35.2 Million,58.3137,2001,7,,,
Century Solutions Group,7.1 Million,58.2915,1996,2,,,
Transport Services,27.7 Million,58.2544,1976,2,,,
Pariveda Solutions,134.8 Million,58.2295,2003,11,,,
Clarion Security,11.4 Million,58.2249,2009,5,,,
Big-D Construction Corp.,1.5 Billion,58.2213,1967,1,,,
hrQ,15.8 Million,58.2087,1998,8,,,
Neta Scientific,76.6 Million,58.1964,2000,4,,,
Angeion Group,10.2 Million,58.1526,2014,1,,,
FIG,17.1 Million,58.1418,2013,1,,,
Keen 360,3.4 Million,58.1193,2012,3,,,
World of Wheels,17.9 Million,58.0921,2015,1,,,
Saffron Road Foods,42.3 Million,58.0564,2010,3,,,
Readerlink,1.1 Billion,58.026,2011,2,,,
Cap City Dental Lab,4.6 Million,57.992,2003,1,,,
Next Day Dumpsters,10.3 Million,57.9802,2007,2,,,
Tapestry Technologies,25.4 Million,57.9789,2005,6,,,
ipipeline,157.5 Million,57.9638,1995,11,,,
7Summits,21.5 Million,57.9484,2009,4,,,
RAW Artists,4.9 Million,57.9293,2009,1,,,
3 Blind Mice Window Coverings,8 Million,57.8975,2004,5,,,
Infutor Data Solutions,32.3 Million,57.8917,2003,4,,,
RE 360,5 Million,57.8505,2009,4,,,
Sterling Computers,520.1 Million,57.8489,1996,8,,,
Constellation Software Engineering,14.5 Million,57.8452,2002,5,,,
Abacus Wealth Partners,17 Million,57.8268,2002,8,,,
Ebs Associates,3.2 Million,57.8194,1982,3,,,
Reach Sports Marketing Group,7 Million,57.7947,2005,4,,,
Oxi Fresh Carpet Cleaning,6.8 Million,57.7917,2006,3,,,
rezora,2.8 Million,57.7856,2009,3,,,
Barone Consulting,2.4 Million,57.7811,2012,1,,,
SkyPlanner,2.5 Million,57.7642,2011,1,,,
Rogers Healy and Associates Real Estate,9.9 Million,57.763,2006,3,,,
Arora Engineers,26.5 Million,57.634,1986,11,,,
Victor 12,10.5 Million,57.531,2011,3,,,
Cassaday & Company,19.7 Million,57.506,1993,8,,,
Fresh Technology,4.1 Million,57.4938,2001,2,,,
ej4,8.4 Million,57.4703,2004,3,,,
Managed Solution,13.1 Million,57.4458,2002,2,,,
ClubDrive Systems,2.1 Million,57.3603,2008,1,,,
Gantom Lighting,2.5 Million,57.232,2010,1,,,
Partner Assessment,152.5 Million,57.2258,2007,5,,,
Grapevine MSP Technology Services,4.8 Million,57.2145,2009,3,,,
Traffic Planning and Design,20.7 Million,57.204,1989,5,,,
JPL,21.7 Million,57.1868,1989,4,,,
Meridian Star POS,4.3 Million,57.1161,2011,2,,,
Choura Events,21.2 Million,57.114,2007,2,,,
Money Matters with Ken Moraif,50.6 Million,57.0925,2011,1,,,
Acquia,201.1 Million,57.0912,2007,8,,,
Wood Expressions,4.2 Million,57.0216,1977,1,,,
Softcrylic,11.6 Million,57.0163,2000,2,,,
Thread,3.1 Million,57.0,2003,3,,,
Full Visibility,8.3 Million,57.0,2006,6,,,
BizStream,4.4 Million,56.9991,2001,1,,,
American Technologies,285.6 Million,56.9891,1989,10,,,
Cold Jet,81.2 Million,56.9737,1986,8,,,
Mosaic Technologies Group,33.1 Million,56.9302,2005,1,,,
Bast Amron LLP,8.5 Million,56.8956,2009,2,,,
Kaplansky Insurance Agency,14.2 Million,56.8658,1974,1,,,
LINK Strategic Partners,2.9 Million,56.8393,2012,1,,,
Air Control Air Conditioning,5 Million,56.8383,1990,1,,,
CommCreative,11.1 Million,56.8328,1991,5,,,
Equus Software,30.4 Million,56.8324,1999,10,,,
pMD,10 Million,56.7757,1998,8,,,
Nina Hale,12.2 Million,56.7748,2005,7,,,
Five Lakes Professional Services,3.2 Million,56.7633,2010,4,,,
Vance Thompson Vision,34.7 Million,56.729,2013,1,,,
NetPlanner Systems,51.4 Million,56.7274,1987,2,,,
OpenArc,15 Million,56.7225,2010,5,,,
Stonebrooke Engineering,6 Million,56.7172,2003,2,,,
Foreman Therapy Services,15.7 Million,56.7068,2011,2,,,
Computer Solutions East,3.1 Million,56.7052,2006,3,,,
Dobi & Associates,19.9 Million,56.6566,2004,4,,,
Redpepper,8.6 Million,56.6492,2001,7,,,
W. L. French Excavating,101.4 Million,56.639,1972,6,,,
US Logistics,151.6 Million,56.5625,2007,4,,,
KBTS Technologies,7.7 Million,56.4066,1998,5,,,
SecureStrux,4 Million,56.3529,2008,2,,,
McGill Restoration,16.9 Million,56.3396,1984,4,,,
The Greer Group,35.6 Million,56.3334,1986,1,,,
Zone Enterprises,21.1 Million,56.3144,2011,2,,,
Kidder Mathews,199.8 Million,56.2419,1969,6,,,
Creative Alignments,2.9 Million,56.2409,2010,2,,,
Muscular Moving Men & Storage,4.7 Million,56.1928,2008,1,,,
Senior1Care,7.9 Million,56.1724,2006,7,,,
Datatility,6.5 Million,56.1683,2003,4,,,
Evok Advertising,7.4 Million,56.1666,2002,1,,,
Extension,11.1 Million,56.1384,2002,1,,,
Sovereign Lending Group,19.2 Million,56.1159,2005,7,,,
Veracity Consulting,18.3 Million,56.0918,2006,1,,,
Quest National Services,2.2 Million,55.9657,2008,1,,,
High Level Marketing,5.2 Million,55.954,2009,3,,,
4CITE Marketing,7.7 Million,55.9313,2010,4,,,
Liquid Technology,22 Million,55.898,2001,10,,,
The Event Studio,2.5 Million,55.807,2008,2,,,
Ion Exhibits,9.4 Million,55.7941,2015,1,,,
Reliant Foodservice,42.5 Million,55.7909,1996,8,,,
Argent Financial Group,60.4 Million,55.7529,1990,2,,,
ThreePDS,2.2 Million,55.7459,2003,1,,,
BODY DETAILS,7.8 Million,55.6981,2006,3,,,
All-American Pest Control,6 Million,55.6932,1961,1,,,
Timmons Group,86.4 Million,55.6864,1953,4,,,
American Drapery Systems,3.7 Million,55.6625,1977,1,,,
Noble Capital Group,7.8 Million,55.5967,2002,1,,,
Environmental Lights,27.1 Million,55.5905,2006,7,,,
ShipOffers,12.6 Million,55.5248,2001,6,,,
Gen3 Marketing,10.2 Million,55.4931,2007,4,,,
Harvest Software Solutions,2.1 Million,55.4762,2004,2,,,
Snap36,7.2 Million,55.4622,2008,5,,,
TekCommands,3.2 Million,55.423,2009,4,,,
Horizontal Integration,101.6 Million,55.3953,2003,11,,,
Manifold,23.1 Million,55.3338,2010,3,,,
Profit Builders,4 Million,55.2903,1994,3,,,
MicroSystems Automation Group,36.6 Million,55.2804,1987,8,,,
Hirewell,15.2 Million,55.2578,2001,7,,,
Meathead Movers,20.3 Million,55.1814,1997,8,,,
Freedom Information Systems,4.1 Million,55.1646,2003,3,,,
In Store Experience,7.4 Million,55.1558,2006,1,,,
CKD Technology Partners,2.2 Million,55.0625,2003,1,,,
CivicMinds,3.1 Million,55.0416,2006,1,,,
(Add)ventures,15.2 Million,55.0074,1989,11,,,
Agent Elite,3.1 Million,54.9859,2011,1,,,
Frontier Truck Gear,7.5 Million,54.9785,2001,4,,,
Page Per Page,3.3 Million,54.95,2004,4,,,
360 Wraps,3.1 Million,54.8901,2007,1,,,
Audio Visual Management Solutions,33.2 Million,54.8851,1999,1,,,
WaterSports Central,28.1 Million,54.8798,1999,2,,,
Red Caffeine,2.2 Million,54.8246,2013,2,,,
Netria Corporation,19.3 Million,54.7934,2003,1,,,
Tayse International Trading,19.9 Million,54.7719,2005,2,,,
Open Sky Group,5.3 Million,54.7526,2006,3,,,
Procentrix,30.2 Million,54.7325,2007,4,,,
Avenue Link,13.2 Million,54.6664,2010,6,,,
Vantage Outsourcing,14.5 Million,54.6339,1990,1,,,
WTWH Media,16.6 Million,54.6062,2006,9,,,
Across Borders Management Consulting Group,5.2 Million,54.573,2007,1,,,
Clayton Signs,13.6 Million,54.5183,1965,1,,,
UpSellit,6.6 Million,54.4546,2005,3,,,
Pavone Marketing Group,17.6 Million,54.4304,1992,1,,,
84 Lumber Company,3.9 Billion,54.3971,1956,1,,,
Blount Fine Foods,360.8 Million,54.3694,1946,7,,,
280 Group,5.1 Million,54.3397,1998,3,,,
Virtual Supply,101.4 Million,54.3203,1927,1,,,
Green Mountain Technology,21.6 Million,54.2047,1999,3,,,
Paradigm Sample,7.4 Million,54.1831,2009,1,,,
LaSalle Network,74.5 Million,54.1402,1998,12,,,
Team Velocity,120.5 Million,54.0977,2005,6,,,
SofterWare,73 Million,54.0848,1981,11,,,
Trextel,24.4 Million,54.0472,2007,1,,,
John Greene Realtor,17.8 Million,53.9758,1976,5,,,
Johnston Architectural Systems,7.3 Million,53.9395,1994,1,,,
Wine Cellar International,2.7 Million,53.8403,2009,1,,,
Tekla Research,27.1 Million,53.8306,1995,1,,,
Perfecta,9.7 Million,53.8259,2008,4,,,
Green Lawn Fertilizing,15.7 Million,53.821,2004,7,,,
Icube Consultancy Services,4.5 Million,53.695,1997,4,,,
Access TCA,62.1 Million,53.6875,1985,1,,,
Intercambio Express,46.8 Million,53.6246,1999,3,,,
Precision Machinery Systems,6.5 Million,53.5654,1994,3,,,
Audacious Inquiry,22.5 Million,53.5515,2004,9,,,
USA Financial,54.9 Million,53.5449,1988,5,,,
Bankers Healthcare Group,220.3 Million,53.5373,2001,13,,,
MMI Engineered Solutions,38.1 Million,53.5143,1983,3,,,
Miles Technologies,27.4 Million,53.499,1997,5,,,
Centurion Land Title,2.3 Million,53.4804,2013,1,,,
Data Path,9.4 Million,53.4344,2005,7,,,
Cogent Solutions,4.2 Million,53.3888,2000,2,,,
Oceans Healthcare,119.1 Million,53.3429,2004,4,,,
Adelante Consulting,4.2 Million,53.3074,1998,1,,,
Proliant,35.7 Million,53.3022,1983,8,,,
American Specialty Health,509.9 Million,53.287,1987,10,,,
Western Timber Frame,7.7 Million,53.2847,2009,3,,,
Exact Data,15 Million,53.2797,2001,8,,,
Corevist,3.3 Million,53.211,2008,4,,,
M9 Solutions,22.7 Million,53.2104,2007,6,,,
Monogram Foods,660.5 Million,53.1889,2004,11,,,
WorkForce Software,100.9 Million,53.1734,1999,10,,,
"Morris - Sockle, PLLC",3.9 Million,53.1431,1986,2,,,
Drexel Building Supply,180.5 Million,53.1256,1985,9,,,
Alliance 2020,4.4 Million,53.1181,1987,1,,,
Atlas Oil Company,1.1 Billion,53.0161,1985,6,,,
ClearlyRated,4.1 Million,52.9602,2003,1,,,
Americaneagle.com,60.7 Million,52.9335,1978,6,,,
Freedom Boat Club,23.4 Million,52.9294,1989,5,,,
The SMB Help Desk,5.4 Million,52.9282,2010,3,,,
Malone Media Group,13.9 Million,52.9192,2010,2,,,
Pacific Dental Services,1.4 Billion,52.9105,1994,14,,,
The Perfect Workout,18 Million,52.8711,1999,1,,,
Spur,34.9 Million,52.8562,2008,8,,,
Jetco Delivery,48.3 Million,52.8422,2006,3,,,
Internet Marketing Expert Group,6.5 Million,52.7955,2010,6,,,
Jackson Design and Remodeling,21.3 Million,52.7881,1989,10,,,
MSNW Group,16.5 Million,52.7413,1995,9,,,
Starfire Direct,8 Million,52.7174,2007,4,,,
Advantage Gold,57.7 Million,52.6709,2014,1,,,
Film Solutions,7.4 Million,52.6491,2006,2,,,
Dymax,104 Million,52.6344,1980,9,,,
Equip Studio,2.2 Million,52.6092,1981,3,,,
SUNation Solar Systems,33.8 Million,52.5947,2001,4,,,
iMarket Solutions,4.8 Million,52.5697,2010,5,,,
Vector Choice Technology Solutions,2.1 Million,52.5684,2008,1,,,
Taco Truck Creative,3.6 Million,52.541,2013,1,,,
Smart Energy Today,20.5 Million,52.5381,2012,6,,,
Distillery,6.1 Million,52.5232,2012,3,,,
American Thermal Systems,9.3 Million,52.4803,1998,1,,,
Red Six Media,2 Million,52.4442,2009,1,,,
Gemini Power Systems,93 Million,52.43,2000,1,,,
Golden Star Technology,154.4 Million,52.3467,1985,5,,,
Village Plumbing & Air,15.8 Million,52.2377,1946,3,,,
Real Restoration Group,11.6 Million,52.2127,2011,1,,,
Naval Systems,29.7 Million,52.2037,2004,1,,,
HNM Systems,8.8 Million,52.1919,2011,1,,,
Vivayic,4.5 Million,52.1691,2006,4,,,
